FileName,SW_I_Step,ECUName,DTCCode,SignalName,SignalValue,EventTimestamp
Prod_Diagnostic_01.txt,24-07-510,TCU,0X9026,RSSI,624,2026-05-27 20:32:00
Prod_Diagnostic_01.txt,24-07-510,TCU,0X9026,GPS Status,204,2026-05-27 20:32:00
Prod_Diagnostic_01.txt,24-07-510,TCU,0X9026,Network Type,157,2026-05-27 20:32:00
Prod_Diagnostic_01.txt,24-07-510,TCU,0X9026,Speed,383,2026-05-27 20:32:00
Prod_Diagnostic_01.txt,24-07-510,TCU,0X9026,Voltage,781,2026-05-27 20:32:00
Prod_Diagnostic_01.txt,24-07-510,TCU,0X9A14,RSSI,952,2026-05-16 00:07:00
Prod_Diagnostic_01.txt,24-07-510,TCU,0X9A14,GPS Status,372,2026-05-16 00:07:00
Prod_Diagnostic_01.txt,24-07-510,TCU,0X9A14,Network Type,900,2026-05-16 00:07:00
Prod_Diagnostic_01.txt,24-07-510,TCU,0X9A14,Speed,852,2026-05-16 00:07:00
Prod_Diagnostic_01.txt,24-07-510,TCU,0X9A14,Voltage,827,2026-05-16 00:07:00
Prod_Diagnostic_01.txt,24-07-510,TCU,0X4D4C,RSSI,836,2026-05-03 23:31:00
Prod_Diagnostic_01.txt,24-07-510,TCU,0X4D4C,GPS Status,71,2026-05-03 23:31:00
Prod_Diagnostic_01.txt,24-07-510,TCU,0X4D4C,Network Type,779,2026-05-03 23:31:00
Prod_Diagnostic_01.txt,24-07-510,TCU,0X4D4C,Speed,546,2026-05-03 23:31:00
Prod_Diagnostic_01.txt,24-07-510,TCU,0X4D4C,Voltage,785,2026-05-03 23:31:00
Prod_Diagnostic_01.txt,24-07-510,TCU,0X30DE,RSSI,622,2026-05-09 16:55:00
Prod_Diagnostic_01.txt,24-07-510,TCU,0X30DE,GPS Status,434,2026-05-09 16:55:00
Prod_Diagnostic_01.txt,24-07-510,TCU,0X30DE,Network Type,988,2026-05-09 16:55:00
Prod_Diagnostic_01.txt,24-07-510,TCU,0X30DE,Speed,217,2026-05-09 16:55:00
Prod_Diagnostic_01.txt,24-07-510,TCU,0X30DE,Voltage,952,2026-05-09 16:55:00
Prod_Diagnostic_01.txt,24-07-510,TCU,0XD159,RSSI,383,2026-05-13 21:41:00
Prod_Diagnostic_01.txt,24-07-510,TCU,0XD159,GPS Status,449,2026-05-13 21:41:00
Prod_Diagnostic_01.txt,24-07-510,TCU,0XD159,Network Type,922,2026-05-13 21:41:00
Prod_Diagnostic_01.txt,24-07-510,TCU,0XD159,Speed,530,2026-05-13 21:41:00
Prod_Diagnostic_01.txt,24-07-510,TCU,0XD159,Voltage,463,2026-05-13 21:41:00
Prod_Diagnostic_01.txt,24-07-510,GW,0X4F76,CAN Load,603,2026-05-19 17:14:00
Prod_Diagnostic_01.txt,24-07-510,GW,0X4F76,Eth Status,226,2026-05-19 17:14:00
Prod_Diagnostic_01.txt,24-07-510,GW,0X4F76,Voltage,8,2026-05-19 17:14:00
Prod_Diagnostic_01.txt,24-07-510,GW,0X4F76,Bus Errors,73,2026-05-19 17:14:00
Prod_Diagnostic_01.txt,24-07-510,GW,0X4F76,Ignition,725,2026-05-19 17:14:00
Prod_Diagnostic_01.txt,24-07-510,GW,0X4A9B,CAN Load,686,2026-05-17 07:17:00
Prod_Diagnostic_01.txt,24-07-510,GW,0X4A9B,Eth Status,498,2026-05-17 07:17:00
Prod_Diagnostic_01.txt,24-07-510,GW,0X4A9B,Voltage,220,2026-05-17 07:17:00
Prod_Diagnostic_01.txt,24-07-510,GW,0X4A9B,Bus Errors,553,2026-05-17 07:17:00
Prod_Diagnostic_01.txt,24-07-510,GW,0X4A9B,Ignition,136,2026-05-17 07:17:00
Prod_Diagnostic_01.txt,24-07-510,GW,0XA382,CAN Load,675,2026-05-07 03:06:00
Prod_Diagnostic_01.txt,24-07-510,GW,0XA382,Eth Status,442,2026-05-07 03:06:00
Prod_Diagnostic_01.txt,24-07-510,GW,0XA382,Voltage,363,2026-05-07 03:06:00
Prod_Diagnostic_01.txt,24-07-510,GW,0XA382,Bus Errors,434,2026-05-07 03:06:00
Prod_Diagnostic_01.txt,24-07-510,GW,0XA382,Ignition,421,2026-05-07 03:06:00
Prod_Diagnostic_01.txt,24-07-510,GW,0XED24,CAN Load,348,2026-05-02 12:46:00
Prod_Diagnostic_01.txt,24-07-510,GW,0XED24,Eth Status,820,2026-05-02 12:46:00
Prod_Diagnostic_01.txt,24-07-510,GW,0XED24,Voltage,883,2026-05-02 12:46:00
Prod_Diagnostic_01.txt,24-07-510,GW,0XED24,Bus Errors,112,2026-05-02 12:46:00
Prod_Diagnostic_01.txt,24-07-510,GW,0XED24,Ignition,255,2026-05-02 12:46:00
Prod_Diagnostic_01.txt,24-07-510,GW,0X40B1,CAN Load,256,2026-05-06 08:29:00
Prod_Diagnostic_01.txt,24-07-510,GW,0X40B1,Eth Status,896,2026-05-06 08:29:00
Prod_Diagnostic_01.txt,24-07-510,GW,0X40B1,Voltage,946,2026-05-06 08:29:00
Prod_Diagnostic_01.txt,24-07-510,GW,0X40B1,Bus Errors,78,2026-05-06 08:29:00
Prod_Diagnostic_01.txt,24-07-510,GW,0X40B1,Ignition,454,2026-05-06 08:29:00
Prod_Diagnostic_01.txt,24-07-510,ECM,0X2910,RPM,417,2026-05-03 07:10:00
Prod_Diagnostic_01.txt,24-07-510,ECM,0X2910,Coolant Temp,498,2026-05-03 07:10:00
Prod_Diagnostic_01.txt,24-07-510,ECM,0X2910,Fuel Pressure,493,2026-05-03 07:10:00
Prod_Diagnostic_01.txt,24-07-510,ECM,0X2910,Boost Pressure,219,2026-05-03 07:10:00
Prod_Diagnostic_01.txt,24-07-510,ECM,0X2910,Engine Load,886,2026-05-03 07:10:00
Prod_Diagnostic_01.txt,24-07-510,ECM,0XF706,RPM,803,2026-05-13 08:59:00
Prod_Diagnostic_01.txt,24-07-510,ECM,0XF706,Coolant Temp,804,2026-05-13 08:59:00
Prod_Diagnostic_01.txt,24-07-510,ECM,0XF706,Fuel Pressure,466,2026-05-13 08:59:00
Prod_Diagnostic_01.txt,24-07-510,ECM,0XF706,Boost Pressure,293,2026-05-13 08:59:00
Prod_Diagnostic_01.txt,24-07-510,ECM,0XF706,Engine Load,434,2026-05-13 08:59:00
Prod_Diagnostic_01.txt,24-07-510,ECM,0XB970,RPM,594,2026-05-10 06:03:00
Prod_Diagnostic_01.txt,24-07-510,ECM,0XB970,Coolant Temp,754,2026-05-10 06:03:00
Prod_Diagnostic_01.txt,24-07-510,ECM,0XB970,Fuel Pressure,556,2026-05-10 06:03:00
Prod_Diagnostic_01.txt,24-07-510,ECM,0XB970,Boost Pressure,63,2026-05-10 06:03:00
Prod_Diagnostic_01.txt,24-07-510,ECM,0XB970,Engine Load,766,2026-05-10 06:03:00
Prod_Diagnostic_01.txt,24-07-510,ECM,0X1EA2,RPM,59,2026-05-28 16:10:00
Prod_Diagnostic_01.txt,24-07-510,ECM,0X1EA2,Coolant Temp,984,2026-05-28 16:10:00
Prod_Diagnostic_01.txt,24-07-510,ECM,0X1EA2,Fuel Pressure,521,2026-05-28 16:10:00
Prod_Diagnostic_01.txt,24-07-510,ECM,0X1EA2,Boost Pressure,83,2026-05-28 16:10:00
Prod_Diagnostic_01.txt,24-07-510,ECM,0X1EA2,Engine Load,872,2026-05-28 16:10:00
Prod_Diagnostic_01.txt,24-07-510,ECM,0X218A,RPM,593,2026-05-04 18:15:00
Prod_Diagnostic_01.txt,24-07-510,ECM,0X218A,Coolant Temp,609,2026-05-04 18:15:00
Prod_Diagnostic_01.txt,24-07-510,ECM,0X218A,Fuel Pressure,41,2026-05-04 18:15:00
Prod_Diagnostic_01.txt,24-07-510,ECM,0X218A,Boost Pressure,635,2026-05-04 18:15:00
Prod_Diagnostic_01.txt,24-07-510,ECM,0X218A,Engine Load,84,2026-05-04 18:15:00
Prod_Diagnostic_01.txt,24-07-510,OBC,0XB849,AC Voltage,734,2026-05-09 06:42:00
Prod_Diagnostic_01.txt,24-07-510,OBC,0XB849,Charge Current,322,2026-05-09 06:42:00
Prod_Diagnostic_01.txt,24-07-510,OBC,0XB849,Battery Temp,245,2026-05-09 06:42:00
Prod_Diagnostic_01.txt,24-07-510,OBC,0XB849,SOC,272,2026-05-09 06:42:00
Prod_Diagnostic_01.txt,24-07-510,OBC,0XB849,Input Freq,406,2026-05-09 06:42:00
Prod_Diagnostic_01.txt,24-07-510,OBC,0XBBF3,AC Voltage,470,2026-05-25 02:00:00
Prod_Diagnostic_01.txt,24-07-510,OBC,0XBBF3,Charge Current,637,2026-05-25 02:00:00
Prod_Diagnostic_01.txt,24-07-510,OBC,0XBBF3,Battery Temp,577,2026-05-25 02:00:00
Prod_Diagnostic_01.txt,24-07-510,OBC,0XBBF3,SOC,103,2026-05-25 02:00:00
Prod_Diagnostic_01.txt,24-07-510,OBC,0XBBF3,Input Freq,76,2026-05-25 02:00:00
Prod_Diagnostic_01.txt,24-07-510,OBC,0X4691,AC Voltage,292,2026-05-03 07:23:00
Prod_Diagnostic_01.txt,24-07-510,OBC,0X4691,Charge Current,162,2026-05-03 07:23:00
Prod_Diagnostic_01.txt,24-07-510,OBC,0X4691,Battery Temp,449,2026-05-03 07:23:00
Prod_Diagnostic_01.txt,24-07-510,OBC,0X4691,SOC,854,2026-05-03 07:23:00
Prod_Diagnostic_01.txt,24-07-510,OBC,0X4691,Input Freq,557,2026-05-03 07:23:00
Prod_Diagnostic_01.txt,24-07-510,OBC,0XAC96,AC Voltage,962,2026-05-10 21:06:00
Prod_Diagnostic_01.txt,24-07-510,OBC,0XAC96,Charge Current,900,2026-05-10 21:06:00
Prod_Diagnostic_01.txt,24-07-510,OBC,0XAC96,Battery Temp,138,2026-05-10 21:06:00
Prod_Diagnostic_01.txt,24-07-510,OBC,0XAC96,SOC,271,2026-05-10 21:06:00
Prod_Diagnostic_01.txt,24-07-510,OBC,0XAC96,Input Freq,119,2026-05-10 21:06:00
Prod_Diagnostic_01.txt,24-07-510,OBC,0XCE0F,AC Voltage,352,2026-05-20 06:45:00
Prod_Diagnostic_01.txt,24-07-510,OBC,0XCE0F,Charge Current,209,2026-05-20 06:45:00
Prod_Diagnostic_01.txt,24-07-510,OBC,0XCE0F,Battery Temp,704,2026-05-20 06:45:00
Prod_Diagnostic_01.txt,24-07-510,OBC,0XCE0F,SOC,650,2026-05-20 06:45:00
Prod_Diagnostic_01.txt,24-07-510,OBC,0XCE0F,Input Freq,874,2026-05-20 06:45:00
Prod_Diagnostic_01.txt,24-07-510,BCM,0X9162,Battery Voltage,284,2026-05-21 13:53:00
Prod_Diagnostic_01.txt,24-07-510,BCM,0X9162,Door Status,46,2026-05-21 13:53:00
Prod_Diagnostic_01.txt,24-07-510,BCM,0X9162,Lock State,4,2026-05-21 13:53:00
Prod_Diagnostic_01.txt,24-07-510,BCM,0X9162,Ignition,342,2026-05-21 13:53:00
Prod_Diagnostic_01.txt,24-07-510,BCM,0X9162,Window Pos,790,2026-05-21 13:53:00
Prod_Diagnostic_01.txt,24-07-510,BCM,0XB319,Battery Voltage,10,2026-05-23 13:35:00
Prod_Diagnostic_01.txt,24-07-510,BCM,0XB319,Door Status,115,2026-05-23 13:35:00
Prod_Diagnostic_01.txt,24-07-510,BCM,0XB319,Lock State,78,2026-05-23 13:35:00
Prod_Diagnostic_01.txt,24-07-510,BCM,0XB319,Ignition,968,2026-05-23 13:35:00
Prod_Diagnostic_01.txt,24-07-510,BCM,0XB319,Window Pos,905,2026-05-23 13:35:00
Prod_Diagnostic_01.txt,24-07-510,BCM,0X9BAB,Battery Voltage,43,2026-05-05 13:08:00
Prod_Diagnostic_01.txt,24-07-510,BCM,0X9BAB,Door Status,316,2026-05-05 13:08:00
Prod_Diagnostic_01.txt,24-07-510,BCM,0X9BAB,Lock State,374,2026-05-05 13:08:00
Prod_Diagnostic_01.txt,24-07-510,BCM,0X9BAB,Ignition,921,2026-05-05 13:08:00
Prod_Diagnostic_01.txt,24-07-510,BCM,0X9BAB,Window Pos,956,2026-05-05 13:08:00
Prod_Diagnostic_01.txt,24-07-510,BCM,0XF61F,Battery Voltage,896,2026-05-12 17:56:00
Prod_Diagnostic_01.txt,24-07-510,BCM,0XF61F,Door Status,417,2026-05-12 17:56:00
Prod_Diagnostic_01.txt,24-07-510,BCM,0XF61F,Lock State,998,2026-05-12 17:56:00
Prod_Diagnostic_01.txt,24-07-510,BCM,0XF61F,Ignition,636,2026-05-12 17:56:00
Prod_Diagnostic_01.txt,24-07-510,BCM,0XF61F,Window Pos,768,2026-05-12 17:56:00
Prod_Diagnostic_01.txt,24-07-510,BCM,0XFCFE,Battery Voltage,947,2026-05-01 05:47:00
Prod_Diagnostic_01.txt,24-07-510,BCM,0XFCFE,Door Status,341,2026-05-01 05:47:00
Prod_Diagnostic_01.txt,24-07-510,BCM,0XFCFE,Lock State,802,2026-05-01 05:47:00
Prod_Diagnostic_01.txt,24-07-510,BCM,0XFCFE,Ignition,954,2026-05-01 05:47:00
Prod_Diagnostic_01.txt,24-07-510,BCM,0XFCFE,Window Pos,422,2026-05-01 05:47:00
Prod_Diagnostic_01.txt,24-07-510,FCAM,0X544D,Lane Confidence,482,2026-05-28 01:54:00
Prod_Diagnostic_01.txt,24-07-510,FCAM,0X544D,Visibility,228,2026-05-28 01:54:00
Prod_Diagnostic_01.txt,24-07-510,FCAM,0X544D,Image Quality,205,2026-05-28 01:54:00
Prod_Diagnostic_01.txt,24-07-510,FCAM,0X544D,Speed,837,2026-05-28 01:54:00
Prod_Diagnostic_01.txt,24-07-510,FCAM,0X544D,Light Level,941,2026-05-28 01:54:00
Prod_Diagnostic_01.txt,24-07-510,FCAM,0X6983,Lane Confidence,337,2026-05-22 06:25:00
Prod_Diagnostic_01.txt,24-07-510,FCAM,0X6983,Visibility,286,2026-05-22 06:25:00
Prod_Diagnostic_01.txt,24-07-510,FCAM,0X6983,Image Quality,886,2026-05-22 06:25:00
Prod_Diagnostic_01.txt,24-07-510,FCAM,0X6983,Speed,72,2026-05-22 06:25:00
Prod_Diagnostic_01.txt,24-07-510,FCAM,0X6983,Light Level,991,2026-05-22 06:25:00
Prod_Diagnostic_01.txt,24-07-510,FCAM,0X69E4,Lane Confidence,899,2026-05-11 00:07:00
Prod_Diagnostic_01.txt,24-07-510,FCAM,0X69E4,Visibility,994,2026-05-11 00:07:00
Prod_Diagnostic_01.txt,24-07-510,FCAM,0X69E4,Image Quality,268,2026-05-11 00:07:00
Prod_Diagnostic_01.txt,24-07-510,FCAM,0X69E4,Speed,183,2026-05-11 00:07:00
Prod_Diagnostic_01.txt,24-07-510,FCAM,0X69E4,Light Level,595,2026-05-11 00:07:00
Prod_Diagnostic_01.txt,24-07-510,FCAM,0X19CB,Lane Confidence,621,2026-05-24 10:27:00
Prod_Diagnostic_01.txt,24-07-510,FCAM,0X19CB,Visibility,524,2026-05-24 10:27:00
Prod_Diagnostic_01.txt,24-07-510,FCAM,0X19CB,Image Quality,119,2026-05-24 10:27:00
Prod_Diagnostic_01.txt,24-07-510,FCAM,0X19CB,Speed,395,2026-05-24 10:27:00
Prod_Diagnostic_01.txt,24-07-510,FCAM,0X19CB,Light Level,922,2026-05-24 10:27:00
Prod_Diagnostic_01.txt,24-07-510,FCAM,0X40A9,Lane Confidence,737,2026-05-17 17:43:00
Prod_Diagnostic_01.txt,24-07-510,FCAM,0X40A9,Visibility,963,2026-05-17 17:43:00
Prod_Diagnostic_01.txt,24-07-510,FCAM,0X40A9,Image Quality,760,2026-05-17 17:43:00
Prod_Diagnostic_01.txt,24-07-510,FCAM,0X40A9,Speed,755,2026-05-17 17:43:00
Prod_Diagnostic_01.txt,24-07-510,FCAM,0X40A9,Light Level,687,2026-05-17 17:43:00
Prod_Diagnostic_01.txt,24-07-510,HVAC,0X6D3D,Cabin Temp,128,2026-05-11 21:54:00
Prod_Diagnostic_01.txt,24-07-510,HVAC,0X6D3D,Blower Speed,738,2026-05-11 21:54:00
Prod_Diagnostic_01.txt,24-07-510,HVAC,0X6D3D,Evap Temp,922,2026-05-11 21:54:00
Prod_Diagnostic_01.txt,24-07-510,HVAC,0X6D3D,Ambient Temp,308,2026-05-11 21:54:00
Prod_Diagnostic_01.txt,24-07-510,HVAC,0X6D3D,AC Pressure,520,2026-05-11 21:54:00
Prod_Diagnostic_01.txt,24-07-510,HVAC,0XBAB9,Cabin Temp,431,2026-05-18 04:12:00
Prod_Diagnostic_01.txt,24-07-510,HVAC,0XBAB9,Blower Speed,681,2026-05-18 04:12:00
Prod_Diagnostic_01.txt,24-07-510,HVAC,0XBAB9,Evap Temp,963,2026-05-18 04:12:00
Prod_Diagnostic_01.txt,24-07-510,HVAC,0XBAB9,Ambient Temp,389,2026-05-18 04:12:00
Prod_Diagnostic_01.txt,24-07-510,HVAC,0XBAB9,AC Pressure,694,2026-05-18 04:12:00
Prod_Diagnostic_01.txt,24-07-510,HVAC,0XAD92,Cabin Temp,294,2026-05-27 00:19:00
Prod_Diagnostic_01.txt,24-07-510,HVAC,0XAD92,Blower Speed,216,2026-05-27 00:19:00
Prod_Diagnostic_01.txt,24-07-510,HVAC,0XAD92,Evap Temp,441,2026-05-27 00:19:00
Prod_Diagnostic_01.txt,24-07-510,HVAC,0XAD92,Ambient Temp,805,2026-05-27 00:19:00
Prod_Diagnostic_01.txt,24-07-510,HVAC,0XAD92,AC Pressure,594,2026-05-27 00:19:00
Prod_Diagnostic_01.txt,24-07-510,HVAC,0XB79A,Cabin Temp,485,2026-05-22 06:32:00
Prod_Diagnostic_01.txt,24-07-510,HVAC,0XB79A,Blower Speed,813,2026-05-22 06:32:00
Prod_Diagnostic_01.txt,24-07-510,HVAC,0XB79A,Evap Temp,923,2026-05-22 06:32:00
Prod_Diagnostic_01.txt,24-07-510,HVAC,0XB79A,Ambient Temp,983,2026-05-22 06:32:00
Prod_Diagnostic_01.txt,24-07-510,HVAC,0XB79A,AC Pressure,816,2026-05-22 06:32:00
Prod_Diagnostic_01.txt,24-07-510,HVAC,0XB8AA,Cabin Temp,975,2026-05-11 02:52:00
Prod_Diagnostic_01.txt,24-07-510,HVAC,0XB8AA,Blower Speed,770,2026-05-11 02:52:00
Prod_Diagnostic_01.txt,24-07-510,HVAC,0XB8AA,Evap Temp,241,2026-05-11 02:52:00
Prod_Diagnostic_01.txt,24-07-510,HVAC,0XB8AA,Ambient Temp,689,2026-05-11 02:52:00
Prod_Diagnostic_01.txt,24-07-510,HVAC,0XB8AA,AC Pressure,318,2026-05-11 02:52:00
Prod_Diagnostic_01.txt,24-07-510,TCM,0XDE7A,Gear,871,2026-05-08 15:39:00
Prod_Diagnostic_01.txt,24-07-510,TCM,0XDE7A,Oil Temp,787,2026-05-08 15:39:00
Prod_Diagnostic_01.txt,24-07-510,TCM,0XDE7A,Turbine Speed,75,2026-05-08 15:39:00
Prod_Diagnostic_01.txt,24-07-510,TCM,0XDE7A,Clutch Pressure,467,2026-05-08 15:39:00
Prod_Diagnostic_01.txt,24-07-510,TCM,0XDE7A,Output Speed,425,2026-05-08 15:39:00
Prod_Diagnostic_01.txt,24-07-510,TCM,0X41C6,Gear,672,2026-05-13 07:09:00
Prod_Diagnostic_01.txt,24-07-510,TCM,0X41C6,Oil Temp,705,2026-05-13 07:09:00
Prod_Diagnostic_01.txt,24-07-510,TCM,0X41C6,Turbine Speed,6,2026-05-13 07:09:00
Prod_Diagnostic_01.txt,24-07-510,TCM,0X41C6,Clutch Pressure,915,2026-05-13 07:09:00
Prod_Diagnostic_01.txt,24-07-510,TCM,0X41C6,Output Speed,769,2026-05-13 07:09:00
Prod_Diagnostic_01.txt,24-07-510,TCM,0XD746,Gear,256,2026-05-15 01:35:00
Prod_Diagnostic_01.txt,24-07-510,TCM,0XD746,Oil Temp,940,2026-05-15 01:35:00
Prod_Diagnostic_01.txt,24-07-510,TCM,0XD746,Turbine Speed,869,2026-05-15 01:35:00
Prod_Diagnostic_01.txt,24-07-510,TCM,0XD746,Clutch Pressure,125,2026-05-15 01:35:00
Prod_Diagnostic_01.txt,24-07-510,TCM,0XD746,Output Speed,468,2026-05-15 01:35:00
Prod_Diagnostic_01.txt,24-07-510,TCM,0XDD29,Gear,913,2026-05-20 10:48:00
Prod_Diagnostic_01.txt,24-07-510,TCM,0XDD29,Oil Temp,454,2026-05-20 10:48:00
Prod_Diagnostic_01.txt,24-07-510,TCM,0XDD29,Turbine Speed,628,2026-05-20 10:48:00
Prod_Diagnostic_01.txt,24-07-510,TCM,0XDD29,Clutch Pressure,835,2026-05-20 10:48:00
Prod_Diagnostic_01.txt,24-07-510,TCM,0XDD29,Output Speed,737,2026-05-20 10:48:00
Prod_Diagnostic_01.txt,24-07-510,TCM,0X7D3E,Gear,254,2026-05-15 08:48:00
Prod_Diagnostic_01.txt,24-07-510,TCM,0X7D3E,Oil Temp,861,2026-05-15 08:48:00
Prod_Diagnostic_01.txt,24-07-510,TCM,0X7D3E,Turbine Speed,653,2026-05-15 08:48:00
Prod_Diagnostic_01.txt,24-07-510,TCM,0X7D3E,Clutch Pressure,284,2026-05-15 08:48:00
Prod_Diagnostic_01.txt,24-07-510,TCM,0X7D3E,Output Speed,785,2026-05-15 08:48:00
Prod_Diagnostic_01.txt,24-07-510,ADAS,0X8C0E,CPU Load,241,2026-05-03 22:18:00
Prod_Diagnostic_01.txt,24-07-510,ADAS,0X8C0E,Lane State,279,2026-05-03 22:18:00
Prod_Diagnostic_01.txt,24-07-510,ADAS,0X8C0E,Object Count,344,2026-05-03 22:18:00
Prod_Diagnostic_01.txt,24-07-510,ADAS,0X8C0E,Voltage,328,2026-05-03 22:18:00
Prod_Diagnostic_01.txt,24-07-510,ADAS,0X8C0E,Speed,915,2026-05-03 22:18:00
Prod_Diagnostic_01.txt,24-07-510,ADAS,0X24A0,CPU Load,220,2026-05-23 04:45:00
Prod_Diagnostic_01.txt,24-07-510,ADAS,0X24A0,Lane State,66,2026-05-23 04:45:00
Prod_Diagnostic_01.txt,24-07-510,ADAS,0X24A0,Object Count,425,2026-05-23 04:45:00
Prod_Diagnostic_01.txt,24-07-510,ADAS,0X24A0,Voltage,418,2026-05-23 04:45:00
Prod_Diagnostic_01.txt,24-07-510,ADAS,0X24A0,Speed,339,2026-05-23 04:45:00
Prod_Diagnostic_01.txt,24-07-510,ADAS,0X8746,CPU Load,21,2026-05-13 18:44:00
Prod_Diagnostic_01.txt,24-07-510,ADAS,0X8746,Lane State,878,2026-05-13 18:44:00
Prod_Diagnostic_01.txt,24-07-510,ADAS,0X8746,Object Count,902,2026-05-13 18:44:00
Prod_Diagnostic_01.txt,24-07-510,ADAS,0X8746,Voltage,784,2026-05-13 18:44:00
Prod_Diagnostic_01.txt,24-07-510,ADAS,0X8746,Speed,590,2026-05-13 18:44:00
Prod_Diagnostic_01.txt,24-07-510,ADAS,0X8A1B,CPU Load,766,2026-05-28 13:34:00
Prod_Diagnostic_01.txt,24-07-510,ADAS,0X8A1B,Lane State,753,2026-05-28 13:34:00
Prod_Diagnostic_01.txt,24-07-510,ADAS,0X8A1B,Object Count,560,2026-05-28 13:34:00
Prod_Diagnostic_01.txt,24-07-510,ADAS,0X8A1B,Voltage,820,2026-05-28 13:34:00
Prod_Diagnostic_01.txt,24-07-510,ADAS,0X8A1B,Speed,618,2026-05-28 13:34:00
Prod_Diagnostic_01.txt,24-07-510,ADAS,0X8CFC,CPU Load,685,2026-05-01 12:21:00
Prod_Diagnostic_01.txt,24-07-510,ADAS,0X8CFC,Lane State,696,2026-05-01 12:21:00
Prod_Diagnostic_01.txt,24-07-510,ADAS,0X8CFC,Object Count,818,2026-05-01 12:21:00
Prod_Diagnostic_01.txt,24-07-510,ADAS,0X8CFC,Voltage,415,2026-05-01 12:21:00
Prod_Diagnostic_01.txt,24-07-510,ADAS,0X8CFC,Speed,742,2026-05-01 12:21:00
Prod_Diagnostic_01.txt,24-07-510,EPS,0XE72B,Steering Angle,578,2026-05-01 12:37:00
Prod_Diagnostic_01.txt,24-07-510,EPS,0XE72B,Driver Torque,679,2026-05-01 12:37:00
Prod_Diagnostic_01.txt,24-07-510,EPS,0XE72B,Motor Current,28,2026-05-01 12:37:00
Prod_Diagnostic_01.txt,24-07-510,EPS,0XE72B,Supply Voltage,86,2026-05-01 12:37:00
Prod_Diagnostic_01.txt,24-07-510,EPS,0XE72B,Speed,659,2026-05-01 12:37:00
Prod_Diagnostic_01.txt,24-07-510,EPS,0X32BD,Steering Angle,466,2026-05-13 10:13:00
Prod_Diagnostic_01.txt,24-07-510,EPS,0X32BD,Driver Torque,335,2026-05-13 10:13:00
Prod_Diagnostic_01.txt,24-07-510,EPS,0X32BD,Motor Current,346,2026-05-13 10:13:00
Prod_Diagnostic_01.txt,24-07-510,EPS,0X32BD,Supply Voltage,780,2026-05-13 10:13:00
Prod_Diagnostic_01.txt,24-07-510,EPS,0X32BD,Speed,901,2026-05-13 10:13:00
Prod_Diagnostic_01.txt,24-07-510,EPS,0X573B,Steering Angle,54,2026-05-01 23:34:00
Prod_Diagnostic_01.txt,24-07-510,EPS,0X573B,Driver Torque,975,2026-05-01 23:34:00
Prod_Diagnostic_01.txt,24-07-510,EPS,0X573B,Motor Current,359,2026-05-01 23:34:00
Prod_Diagnostic_01.txt,24-07-510,EPS,0X573B,Supply Voltage,230,2026-05-01 23:34:00
Prod_Diagnostic_01.txt,24-07-510,EPS,0X573B,Speed,666,2026-05-01 23:34:00
Prod_Diagnostic_01.txt,24-07-510,EPS,0XD7FE,Steering Angle,157,2026-05-07 00:39:00
Prod_Diagnostic_01.txt,24-07-510,EPS,0XD7FE,Driver Torque,245,2026-05-07 00:39:00
Prod_Diagnostic_01.txt,24-07-510,EPS,0XD7FE,Motor Current,130,2026-05-07 00:39:00
Prod_Diagnostic_01.txt,24-07-510,EPS,0XD7FE,Supply Voltage,485,2026-05-07 00:39:00
Prod_Diagnostic_01.txt,24-07-510,EPS,0XD7FE,Speed,686,2026-05-07 00:39:00
Prod_Diagnostic_01.txt,24-07-510,EPS,0XA060,Steering Angle,987,2026-05-06 19:38:00
Prod_Diagnostic_01.txt,24-07-510,EPS,0XA060,Driver Torque,766,2026-05-06 19:38:00
Prod_Diagnostic_01.txt,24-07-510,EPS,0XA060,Motor Current,736,2026-05-06 19:38:00
Prod_Diagnostic_01.txt,24-07-510,EPS,0XA060,Supply Voltage,118,2026-05-06 19:38:00
Prod_Diagnostic_01.txt,24-07-510,EPS,0XA060,Speed,797,2026-05-06 19:38:00
Prod_Diagnostic_01.txt,24-07-510,ABS,0X5FA0,Wheel FL,982,2026-05-19 21:58:00
Prod_Diagnostic_01.txt,24-07-510,ABS,0X5FA0,Wheel FR,385,2026-05-19 21:58:00
Prod_Diagnostic_01.txt,24-07-510,ABS,0X5FA0,Brake Pressure,407,2026-05-19 21:58:00
Prod_Diagnostic_01.txt,24-07-510,ABS,0X5FA0,Yaw Rate,965,2026-05-19 21:58:00
Prod_Diagnostic_01.txt,24-07-510,ABS,0X5FA0,Vehicle Speed,733,2026-05-19 21:58:00
Prod_Diagnostic_01.txt,24-07-510,ABS,0X2374,Wheel FL,309,2026-05-04 22:49:00
Prod_Diagnostic_01.txt,24-07-510,ABS,0X2374,Wheel FR,871,2026-05-04 22:49:00
Prod_Diagnostic_01.txt,24-07-510,ABS,0X2374,Brake Pressure,701,2026-05-04 22:49:00
Prod_Diagnostic_01.txt,24-07-510,ABS,0X2374,Yaw Rate,615,2026-05-04 22:49:00
Prod_Diagnostic_01.txt,24-07-510,ABS,0X2374,Vehicle Speed,825,2026-05-04 22:49:00
Prod_Diagnostic_01.txt,24-07-510,ABS,0XDBD5,Wheel FL,71,2026-05-14 21:23:00
Prod_Diagnostic_01.txt,24-07-510,ABS,0XDBD5,Wheel FR,519,2026-05-14 21:23:00
Prod_Diagnostic_01.txt,24-07-510,ABS,0XDBD5,Brake Pressure,664,2026-05-14 21:23:00
Prod_Diagnostic_01.txt,24-07-510,ABS,0XDBD5,Yaw Rate,350,2026-05-14 21:23:00
Prod_Diagnostic_01.txt,24-07-510,ABS,0XDBD5,Vehicle Speed,13,2026-05-14 21:23:00
Prod_Diagnostic_01.txt,24-07-510,ABS,0XE284,Wheel FL,157,2026-05-21 14:45:00
Prod_Diagnostic_01.txt,24-07-510,ABS,0XE284,Wheel FR,446,2026-05-21 14:45:00
Prod_Diagnostic_01.txt,24-07-510,ABS,0XE284,Brake Pressure,181,2026-05-21 14:45:00
Prod_Diagnostic_01.txt,24-07-510,ABS,0XE284,Yaw Rate,752,2026-05-21 14:45:00
Prod_Diagnostic_01.txt,24-07-510,ABS,0XE284,Vehicle Speed,535,2026-05-21 14:45:00
Prod_Diagnostic_01.txt,24-07-510,ABS,0XADAC,Wheel FL,275,2026-05-14 23:37:00
Prod_Diagnostic_01.txt,24-07-510,ABS,0XADAC,Wheel FR,331,2026-05-14 23:37:00
Prod_Diagnostic_01.txt,24-07-510,ABS,0XADAC,Brake Pressure,873,2026-05-14 23:37:00
Prod_Diagnostic_01.txt,24-07-510,ABS,0XADAC,Yaw Rate,252,2026-05-14 23:37:00
Prod_Diagnostic_01.txt,24-07-510,ABS,0XADAC,Vehicle Speed,851,2026-05-14 23:37:00
Prod_Diagnostic_01.txt,24-07-510,RADAR,0X5767,Target Distance,345,2026-05-20 21:24:00
Prod_Diagnostic_01.txt,24-07-510,RADAR,0X5767,Relative Speed,30,2026-05-20 21:24:00
Prod_Diagnostic_01.txt,24-07-510,RADAR,0X5767,Object Count,507,2026-05-20 21:24:00
Prod_Diagnostic_01.txt,24-07-510,RADAR,0X5767,Speed,872,2026-05-20 21:24:00
Prod_Diagnostic_01.txt,24-07-510,RADAR,0X5767,Temperature,333,2026-05-20 21:24:00
Prod_Diagnostic_01.txt,24-07-510,RADAR,0X8CD0,Target Distance,902,2026-05-09 19:44:00
Prod_Diagnostic_01.txt,24-07-510,RADAR,0X8CD0,Relative Speed,283,2026-05-09 19:44:00
Prod_Diagnostic_01.txt,24-07-510,RADAR,0X8CD0,Object Count,570,2026-05-09 19:44:00
Prod_Diagnostic_01.txt,24-07-510,RADAR,0X8CD0,Speed,11,2026-05-09 19:44:00
Prod_Diagnostic_01.txt,24-07-510,RADAR,0X8CD0,Temperature,530,2026-05-09 19:44:00
Prod_Diagnostic_01.txt,24-07-510,RADAR,0X25EA,Target Distance,488,2026-05-18 07:44:00
Prod_Diagnostic_01.txt,24-07-510,RADAR,0X25EA,Relative Speed,662,2026-05-18 07:44:00
Prod_Diagnostic_01.txt,24-07-510,RADAR,0X25EA,Object Count,729,2026-05-18 07:44:00
Prod_Diagnostic_01.txt,24-07-510,RADAR,0X25EA,Speed,503,2026-05-18 07:44:00
Prod_Diagnostic_01.txt,24-07-510,RADAR,0X25EA,Temperature,459,2026-05-18 07:44:00
Prod_Diagnostic_01.txt,24-07-510,RADAR,0X27D2,Target Distance,378,2026-05-10 21:37:00
Prod_Diagnostic_01.txt,24-07-510,RADAR,0X27D2,Relative Speed,485,2026-05-10 21:37:00
Prod_Diagnostic_01.txt,24-07-510,RADAR,0X27D2,Object Count,567,2026-05-10 21:37:00
Prod_Diagnostic_01.txt,24-07-510,RADAR,0X27D2,Speed,544,2026-05-10 21:37:00
Prod_Diagnostic_01.txt,24-07-510,RADAR,0X27D2,Temperature,353,2026-05-10 21:37:00
Prod_Diagnostic_01.txt,24-07-510,RADAR,0XCEF5,Target Distance,237,2026-05-09 09:16:00
Prod_Diagnostic_01.txt,24-07-510,RADAR,0XCEF5,Relative Speed,124,2026-05-09 09:16:00
Prod_Diagnostic_01.txt,24-07-510,RADAR,0XCEF5,Object Count,739,2026-05-09 09:16:00
Prod_Diagnostic_01.txt,24-07-510,RADAR,0XCEF5,Speed,198,2026-05-09 09:16:00
Prod_Diagnostic_01.txt,24-07-510,RADAR,0XCEF5,Temperature,324,2026-05-09 09:16:00
Prod_Diagnostic_02.txt,24-07-510,BCM,0X275B,Battery Voltage,879,2026-05-11 21:06:00
Prod_Diagnostic_02.txt,24-07-510,BCM,0X275B,Door Status,165,2026-05-11 21:06:00
Prod_Diagnostic_02.txt,24-07-510,BCM,0X275B,Lock State,338,2026-05-11 21:06:00
Prod_Diagnostic_02.txt,24-07-510,BCM,0X275B,Ignition,422,2026-05-11 21:06:00
Prod_Diagnostic_02.txt,24-07-510,BCM,0X275B,Window Pos,711,2026-05-11 21:06:00
Prod_Diagnostic_02.txt,24-07-510,BCM,0X59C8,Battery Voltage,259,2026-05-15 02:20:00
Prod_Diagnostic_02.txt,24-07-510,BCM,0X59C8,Door Status,332,2026-05-15 02:20:00
Prod_Diagnostic_02.txt,24-07-510,BCM,0X59C8,Lock State,119,2026-05-15 02:20:00
Prod_Diagnostic_02.txt,24-07-510,BCM,0X59C8,Ignition,994,2026-05-15 02:20:00
Prod_Diagnostic_02.txt,24-07-510,BCM,0X59C8,Window Pos,792,2026-05-15 02:20:00
Prod_Diagnostic_02.txt,24-07-510,BCM,0XED6A,Battery Voltage,531,2026-05-14 01:12:00
Prod_Diagnostic_02.txt,24-07-510,BCM,0XED6A,Door Status,371,2026-05-14 01:12:00
Prod_Diagnostic_02.txt,24-07-510,BCM,0XED6A,Lock State,638,2026-05-14 01:12:00
Prod_Diagnostic_02.txt,24-07-510,BCM,0XED6A,Ignition,775,2026-05-14 01:12:00
Prod_Diagnostic_02.txt,24-07-510,BCM,0XED6A,Window Pos,511,2026-05-14 01:12:00
Prod_Diagnostic_02.txt,24-07-510,BCM,0XD28E,Battery Voltage,902,2026-05-05 09:28:00
Prod_Diagnostic_02.txt,24-07-510,BCM,0XD28E,Door Status,716,2026-05-05 09:28:00
Prod_Diagnostic_02.txt,24-07-510,BCM,0XD28E,Lock State,497,2026-05-05 09:28:00
Prod_Diagnostic_02.txt,24-07-510,BCM,0XD28E,Ignition,125,2026-05-05 09:28:00
Prod_Diagnostic_02.txt,24-07-510,BCM,0XD28E,Window Pos,30,2026-05-05 09:28:00
Prod_Diagnostic_02.txt,24-07-510,BCM,0XDC9F,Battery Voltage,418,2026-05-18 00:35:00
Prod_Diagnostic_02.txt,24-07-510,BCM,0XDC9F,Door Status,96,2026-05-18 00:35:00
Prod_Diagnostic_02.txt,24-07-510,BCM,0XDC9F,Lock State,231,2026-05-18 00:35:00
Prod_Diagnostic_02.txt,24-07-510,BCM,0XDC9F,Ignition,862,2026-05-18 00:35:00
Prod_Diagnostic_02.txt,24-07-510,BCM,0XDC9F,Window Pos,935,2026-05-18 00:35:00
Prod_Diagnostic_02.txt,24-07-510,BMS,0X8621,SOC,723,2026-05-23 09:32:00
Prod_Diagnostic_02.txt,24-07-510,BMS,0X8621,SOH,280,2026-05-23 09:32:00
Prod_Diagnostic_02.txt,24-07-510,BMS,0X8621,HV Voltage,426,2026-05-23 09:32:00
Prod_Diagnostic_02.txt,24-07-510,BMS,0X8621,Cell Temp Max,855,2026-05-23 09:32:00
Prod_Diagnostic_02.txt,24-07-510,BMS,0X8621,Cell Temp Min,495,2026-05-23 09:32:00
Prod_Diagnostic_02.txt,24-07-510,BMS,0X4E65,SOC,765,2026-05-07 19:32:00
Prod_Diagnostic_02.txt,24-07-510,BMS,0X4E65,SOH,901,2026-05-07 19:32:00
Prod_Diagnostic_02.txt,24-07-510,BMS,0X4E65,HV Voltage,140,2026-05-07 19:32:00
Prod_Diagnostic_02.txt,24-07-510,BMS,0X4E65,Cell Temp Max,885,2026-05-07 19:32:00
Prod_Diagnostic_02.txt,24-07-510,BMS,0X4E65,Cell Temp Min,72,2026-05-07 19:32:00
Prod_Diagnostic_02.txt,24-07-510,BMS,0XD5CE,SOC,744,2026-05-27 00:18:00
Prod_Diagnostic_02.txt,24-07-510,BMS,0XD5CE,SOH,306,2026-05-27 00:18:00
Prod_Diagnostic_02.txt,24-07-510,BMS,0XD5CE,HV Voltage,858,2026-05-27 00:18:00
Prod_Diagnostic_02.txt,24-07-510,BMS,0XD5CE,Cell Temp Max,602,2026-05-27 00:18:00
Prod_Diagnostic_02.txt,24-07-510,BMS,0XD5CE,Cell Temp Min,594,2026-05-27 00:18:00
Prod_Diagnostic_02.txt,24-07-510,BMS,0XED81,SOC,782,2026-05-12 10:35:00
Prod_Diagnostic_02.txt,24-07-510,BMS,0XED81,SOH,557,2026-05-12 10:35:00
Prod_Diagnostic_02.txt,24-07-510,BMS,0XED81,HV Voltage,387,2026-05-12 10:35:00
Prod_Diagnostic_02.txt,24-07-510,BMS,0XED81,Cell Temp Max,467,2026-05-12 10:35:00
Prod_Diagnostic_02.txt,24-07-510,BMS,0XED81,Cell Temp Min,956,2026-05-12 10:35:00
Prod_Diagnostic_02.txt,24-07-510,BMS,0XEE9E,SOC,795,2026-05-13 07:54:00
Prod_Diagnostic_02.txt,24-07-510,BMS,0XEE9E,SOH,421,2026-05-13 07:54:00
Prod_Diagnostic_02.txt,24-07-510,BMS,0XEE9E,HV Voltage,45,2026-05-13 07:54:00
Prod_Diagnostic_02.txt,24-07-510,BMS,0XEE9E,Cell Temp Max,326,2026-05-13 07:54:00
Prod_Diagnostic_02.txt,24-07-510,BMS,0XEE9E,Cell Temp Min,763,2026-05-13 07:54:00
Prod_Diagnostic_02.txt,24-07-510,ABS,0XC489,Wheel FL,515,2026-05-16 01:08:00
Prod_Diagnostic_02.txt,24-07-510,ABS,0XC489,Wheel FR,989,2026-05-16 01:08:00
Prod_Diagnostic_02.txt,24-07-510,ABS,0XC489,Brake Pressure,605,2026-05-16 01:08:00
Prod_Diagnostic_02.txt,24-07-510,ABS,0XC489,Yaw Rate,340,2026-05-16 01:08:00
Prod_Diagnostic_02.txt,24-07-510,ABS,0XC489,Vehicle Speed,891,2026-05-16 01:08:00
Prod_Diagnostic_02.txt,24-07-510,ABS,0XEFCA,Wheel FL,420,2026-05-01 23:09:00
Prod_Diagnostic_02.txt,24-07-510,ABS,0XEFCA,Wheel FR,892,2026-05-01 23:09:00
Prod_Diagnostic_02.txt,24-07-510,ABS,0XEFCA,Brake Pressure,671,2026-05-01 23:09:00
Prod_Diagnostic_02.txt,24-07-510,ABS,0XEFCA,Yaw Rate,994,2026-05-01 23:09:00
Prod_Diagnostic_02.txt,24-07-510,ABS,0XEFCA,Vehicle Speed,159,2026-05-01 23:09:00
Prod_Diagnostic_02.txt,24-07-510,ABS,0X8830,Wheel FL,337,2026-05-21 02:54:00
Prod_Diagnostic_02.txt,24-07-510,ABS,0X8830,Wheel FR,873,2026-05-21 02:54:00
Prod_Diagnostic_02.txt,24-07-510,ABS,0X8830,Brake Pressure,691,2026-05-21 02:54:00
Prod_Diagnostic_02.txt,24-07-510,ABS,0X8830,Yaw Rate,880,2026-05-21 02:54:00
Prod_Diagnostic_02.txt,24-07-510,ABS,0X8830,Vehicle Speed,547,2026-05-21 02:54:00
Prod_Diagnostic_02.txt,24-07-510,ABS,0X6110,Wheel FL,241,2026-05-02 19:04:00
Prod_Diagnostic_02.txt,24-07-510,ABS,0X6110,Wheel FR,647,2026-05-02 19:04:00
Prod_Diagnostic_02.txt,24-07-510,ABS,0X6110,Brake Pressure,701,2026-05-02 19:04:00
Prod_Diagnostic_02.txt,24-07-510,ABS,0X6110,Yaw Rate,944,2026-05-02 19:04:00
Prod_Diagnostic_02.txt,24-07-510,ABS,0X6110,Vehicle Speed,295,2026-05-02 19:04:00
Prod_Diagnostic_02.txt,24-07-510,ABS,0XCF2C,Wheel FL,307,2026-05-15 05:44:00
Prod_Diagnostic_02.txt,24-07-510,ABS,0XCF2C,Wheel FR,926,2026-05-15 05:44:00
Prod_Diagnostic_02.txt,24-07-510,ABS,0XCF2C,Brake Pressure,30,2026-05-15 05:44:00
Prod_Diagnostic_02.txt,24-07-510,ABS,0XCF2C,Yaw Rate,48,2026-05-15 05:44:00
Prod_Diagnostic_02.txt,24-07-510,ABS,0XCF2C,Vehicle Speed,333,2026-05-15 05:44:00
Prod_Diagnostic_02.txt,24-07-510,EPS,0X5B1A,Steering Angle,580,2026-05-08 16:26:00
Prod_Diagnostic_02.txt,24-07-510,EPS,0X5B1A,Driver Torque,699,2026-05-08 16:26:00
Prod_Diagnostic_02.txt,24-07-510,EPS,0X5B1A,Motor Current,812,2026-05-08 16:26:00
Prod_Diagnostic_02.txt,24-07-510,EPS,0X5B1A,Supply Voltage,185,2026-05-08 16:26:00
Prod_Diagnostic_02.txt,24-07-510,EPS,0X5B1A,Speed,175,2026-05-08 16:26:00
Prod_Diagnostic_02.txt,24-07-510,EPS,0X2437,Steering Angle,238,2026-05-16 18:09:00
Prod_Diagnostic_02.txt,24-07-510,EPS,0X2437,Driver Torque,473,2026-05-16 18:09:00
Prod_Diagnostic_02.txt,24-07-510,EPS,0X2437,Motor Current,654,2026-05-16 18:09:00
Prod_Diagnostic_02.txt,24-07-510,EPS,0X2437,Supply Voltage,261,2026-05-16 18:09:00
Prod_Diagnostic_02.txt,24-07-510,EPS,0X2437,Speed,471,2026-05-16 18:09:00
Prod_Diagnostic_02.txt,24-07-510,EPS,0XBAB6,Steering Angle,968,2026-05-06 02:28:00
Prod_Diagnostic_02.txt,24-07-510,EPS,0XBAB6,Driver Torque,354,2026-05-06 02:28:00
Prod_Diagnostic_02.txt,24-07-510,EPS,0XBAB6,Motor Current,602,2026-05-06 02:28:00
Prod_Diagnostic_02.txt,24-07-510,EPS,0XBAB6,Supply Voltage,307,2026-05-06 02:28:00
Prod_Diagnostic_02.txt,24-07-510,EPS,0XBAB6,Speed,655,2026-05-06 02:28:00
Prod_Diagnostic_02.txt,24-07-510,EPS,0XC0B8,Steering Angle,243,2026-05-13 15:06:00
Prod_Diagnostic_02.txt,24-07-510,EPS,0XC0B8,Driver Torque,391,2026-05-13 15:06:00
Prod_Diagnostic_02.txt,24-07-510,EPS,0XC0B8,Motor Current,586,2026-05-13 15:06:00
Prod_Diagnostic_02.txt,24-07-510,EPS,0XC0B8,Supply Voltage,368,2026-05-13 15:06:00
Prod_Diagnostic_02.txt,24-07-510,EPS,0XC0B8,Speed,589,2026-05-13 15:06:00
Prod_Diagnostic_02.txt,24-07-510,EPS,0XC303,Steering Angle,703,2026-05-01 18:55:00
Prod_Diagnostic_02.txt,24-07-510,EPS,0XC303,Driver Torque,797,2026-05-01 18:55:00
Prod_Diagnostic_02.txt,24-07-510,EPS,0XC303,Motor Current,763,2026-05-01 18:55:00
Prod_Diagnostic_02.txt,24-07-510,EPS,0XC303,Supply Voltage,997,2026-05-01 18:55:00
Prod_Diagnostic_02.txt,24-07-510,EPS,0XC303,Speed,51,2026-05-01 18:55:00
Prod_Diagnostic_02.txt,24-07-510,ECM,0XCEC3,RPM,652,2026-05-26 11:14:00
Prod_Diagnostic_02.txt,24-07-510,ECM,0XCEC3,Coolant Temp,195,2026-05-26 11:14:00
Prod_Diagnostic_02.txt,24-07-510,ECM,0XCEC3,Fuel Pressure,636,2026-05-26 11:14:00
Prod_Diagnostic_02.txt,24-07-510,ECM,0XCEC3,Boost Pressure,257,2026-05-26 11:14:00
Prod_Diagnostic_02.txt,24-07-510,ECM,0XCEC3,Engine Load,695,2026-05-26 11:14:00
Prod_Diagnostic_02.txt,24-07-510,ECM,0XB0D4,RPM,594,2026-05-10 14:02:00
Prod_Diagnostic_02.txt,24-07-510,ECM,0XB0D4,Coolant Temp,374,2026-05-10 14:02:00
Prod_Diagnostic_02.txt,24-07-510,ECM,0XB0D4,Fuel Pressure,750,2026-05-10 14:02:00
Prod_Diagnostic_02.txt,24-07-510,ECM,0XB0D4,Boost Pressure,135,2026-05-10 14:02:00
Prod_Diagnostic_02.txt,24-07-510,ECM,0XB0D4,Engine Load,93,2026-05-10 14:02:00
Prod_Diagnostic_02.txt,24-07-510,ECM,0X63A3,RPM,995,2026-05-05 17:56:00
Prod_Diagnostic_02.txt,24-07-510,ECM,0X63A3,Coolant Temp,375,2026-05-05 17:56:00
Prod_Diagnostic_02.txt,24-07-510,ECM,0X63A3,Fuel Pressure,544,2026-05-05 17:56:00
Prod_Diagnostic_02.txt,24-07-510,ECM,0X63A3,Boost Pressure,514,2026-05-05 17:56:00
Prod_Diagnostic_02.txt,24-07-510,ECM,0X63A3,Engine Load,936,2026-05-05 17:56:00
Prod_Diagnostic_02.txt,24-07-510,ECM,0XE499,RPM,118,2026-05-24 10:51:00
Prod_Diagnostic_02.txt,24-07-510,ECM,0XE499,Coolant Temp,480,2026-05-24 10:51:00
Prod_Diagnostic_02.txt,24-07-510,ECM,0XE499,Fuel Pressure,987,2026-05-24 10:51:00
Prod_Diagnostic_02.txt,24-07-510,ECM,0XE499,Boost Pressure,78,2026-05-24 10:51:00
Prod_Diagnostic_02.txt,24-07-510,ECM,0XE499,Engine Load,145,2026-05-24 10:51:00
Prod_Diagnostic_02.txt,24-07-510,ECM,0XEC32,RPM,405,2026-05-12 02:50:00
Prod_Diagnostic_02.txt,24-07-510,ECM,0XEC32,Coolant Temp,15,2026-05-12 02:50:00
Prod_Diagnostic_02.txt,24-07-510,ECM,0XEC32,Fuel Pressure,271,2026-05-12 02:50:00
Prod_Diagnostic_02.txt,24-07-510,ECM,0XEC32,Boost Pressure,550,2026-05-12 02:50:00
Prod_Diagnostic_02.txt,24-07-510,ECM,0XEC32,Engine Load,127,2026-05-12 02:50:00
Prod_Diagnostic_02.txt,24-07-510,TCU,0X6E5B,RSSI,111,2026-05-13 20:23:00
Prod_Diagnostic_02.txt,24-07-510,TCU,0X6E5B,GPS Status,692,2026-05-13 20:23:00
Prod_Diagnostic_02.txt,24-07-510,TCU,0X6E5B,Network Type,240,2026-05-13 20:23:00
Prod_Diagnostic_02.txt,24-07-510,TCU,0X6E5B,Speed,483,2026-05-13 20:23:00
Prod_Diagnostic_02.txt,24-07-510,TCU,0X6E5B,Voltage,26,2026-05-13 20:23:00
Prod_Diagnostic_02.txt,24-07-510,TCU,0XF25D,RSSI,844,2026-05-21 02:40:00
Prod_Diagnostic_02.txt,24-07-510,TCU,0XF25D,GPS Status,476,2026-05-21 02:40:00
Prod_Diagnostic_02.txt,24-07-510,TCU,0XF25D,Network Type,932,2026-05-21 02:40:00
Prod_Diagnostic_02.txt,24-07-510,TCU,0XF25D,Speed,718,2026-05-21 02:40:00
Prod_Diagnostic_02.txt,24-07-510,TCU,0XF25D,Voltage,310,2026-05-21 02:40:00
Prod_Diagnostic_02.txt,24-07-510,TCU,0X2DDE,RSSI,241,2026-05-16 03:06:00
Prod_Diagnostic_02.txt,24-07-510,TCU,0X2DDE,GPS Status,909,2026-05-16 03:06:00
Prod_Diagnostic_02.txt,24-07-510,TCU,0X2DDE,Network Type,551,2026-05-16 03:06:00
Prod_Diagnostic_02.txt,24-07-510,TCU,0X2DDE,Speed,139,2026-05-16 03:06:00
Prod_Diagnostic_02.txt,24-07-510,TCU,0X2DDE,Voltage,398,2026-05-16 03:06:00
Prod_Diagnostic_02.txt,24-07-510,TCU,0X6EFA,RSSI,159,2026-05-19 23:46:00
Prod_Diagnostic_02.txt,24-07-510,TCU,0X6EFA,GPS Status,907,2026-05-19 23:46:00
Prod_Diagnostic_02.txt,24-07-510,TCU,0X6EFA,Network Type,425,2026-05-19 23:46:00
Prod_Diagnostic_02.txt,24-07-510,TCU,0X6EFA,Speed,671,2026-05-19 23:46:00
Prod_Diagnostic_02.txt,24-07-510,TCU,0X6EFA,Voltage,102,2026-05-19 23:46:00
Prod_Diagnostic_02.txt,24-07-510,TCU,0XAD9B,RSSI,974,2026-05-07 14:28:00
Prod_Diagnostic_02.txt,24-07-510,TCU,0XAD9B,GPS Status,242,2026-05-07 14:28:00
Prod_Diagnostic_02.txt,24-07-510,TCU,0XAD9B,Network Type,876,2026-05-07 14:28:00
Prod_Diagnostic_02.txt,24-07-510,TCU,0XAD9B,Speed,372,2026-05-07 14:28:00
Prod_Diagnostic_02.txt,24-07-510,TCU,0XAD9B,Voltage,102,2026-05-07 14:28:00
Prod_Diagnostic_02.txt,24-07-510,RADAR,0X9B62,Target Distance,972,2026-05-09 06:07:00
Prod_Diagnostic_02.txt,24-07-510,RADAR,0X9B62,Relative Speed,869,2026-05-09 06:07:00
Prod_Diagnostic_02.txt,24-07-510,RADAR,0X9B62,Object Count,844,2026-05-09 06:07:00
Prod_Diagnostic_02.txt,24-07-510,RADAR,0X9B62,Speed,466,2026-05-09 06:07:00
Prod_Diagnostic_02.txt,24-07-510,RADAR,0X9B62,Temperature,94,2026-05-09 06:07:00
Prod_Diagnostic_02.txt,24-07-510,RADAR,0XB446,Target Distance,129,2026-05-26 10:15:00
Prod_Diagnostic_02.txt,24-07-510,RADAR,0XB446,Relative Speed,806,2026-05-26 10:15:00
Prod_Diagnostic_02.txt,24-07-510,RADAR,0XB446,Object Count,579,2026-05-26 10:15:00
Prod_Diagnostic_02.txt,24-07-510,RADAR,0XB446,Speed,211,2026-05-26 10:15:00
Prod_Diagnostic_02.txt,24-07-510,RADAR,0XB446,Temperature,71,2026-05-26 10:15:00
Prod_Diagnostic_02.txt,24-07-510,RADAR,0X4508,Target Distance,923,2026-05-25 04:50:00
Prod_Diagnostic_02.txt,24-07-510,RADAR,0X4508,Relative Speed,611,2026-05-25 04:50:00
Prod_Diagnostic_02.txt,24-07-510,RADAR,0X4508,Object Count,3,2026-05-25 04:50:00
Prod_Diagnostic_02.txt,24-07-510,RADAR,0X4508,Speed,284,2026-05-25 04:50:00
Prod_Diagnostic_02.txt,24-07-510,RADAR,0X4508,Temperature,880,2026-05-25 04:50:00
Prod_Diagnostic_02.txt,24-07-510,RADAR,0X3147,Target Distance,16,2026-05-22 00:08:00
Prod_Diagnostic_02.txt,24-07-510,RADAR,0X3147,Relative Speed,367,2026-05-22 00:08:00
Prod_Diagnostic_02.txt,24-07-510,RADAR,0X3147,Object Count,809,2026-05-22 00:08:00
Prod_Diagnostic_02.txt,24-07-510,RADAR,0X3147,Speed,808,2026-05-22 00:08:00
Prod_Diagnostic_02.txt,24-07-510,RADAR,0X3147,Temperature,244,2026-05-22 00:08:00
Prod_Diagnostic_02.txt,24-07-510,RADAR,0X62E2,Target Distance,539,2026-05-05 23:26:00
Prod_Diagnostic_02.txt,24-07-510,RADAR,0X62E2,Relative Speed,117,2026-05-05 23:26:00
Prod_Diagnostic_02.txt,24-07-510,RADAR,0X62E2,Object Count,764,2026-05-05 23:26:00
Prod_Diagnostic_02.txt,24-07-510,RADAR,0X62E2,Speed,66,2026-05-05 23:26:00
Prod_Diagnostic_02.txt,24-07-510,RADAR,0X62E2,Temperature,488,2026-05-05 23:26:00
Prod_Diagnostic_02.txt,24-07-510,SRS,0XD72C,Vehicle Speed,969,2026-05-15 16:14:00
Prod_Diagnostic_02.txt,24-07-510,SRS,0XD72C,Seat Occupancy,630,2026-05-15 16:14:00
Prod_Diagnostic_02.txt,24-07-510,SRS,0XD72C,Crash Counter,45,2026-05-15 16:14:00
Prod_Diagnostic_02.txt,24-07-510,SRS,0XD72C,Supply Voltage,745,2026-05-15 16:14:00
Prod_Diagnostic_02.txt,24-07-510,SRS,0XD72C,Belt Status,803,2026-05-15 16:14:00
Prod_Diagnostic_02.txt,24-07-510,SRS,0X5D37,Vehicle Speed,703,2026-05-16 12:27:00
Prod_Diagnostic_02.txt,24-07-510,SRS,0X5D37,Seat Occupancy,111,2026-05-16 12:27:00
Prod_Diagnostic_02.txt,24-07-510,SRS,0X5D37,Crash Counter,503,2026-05-16 12:27:00
Prod_Diagnostic_02.txt,24-07-510,SRS,0X5D37,Supply Voltage,730,2026-05-16 12:27:00
Prod_Diagnostic_02.txt,24-07-510,SRS,0X5D37,Belt Status,932,2026-05-16 12:27:00
Prod_Diagnostic_02.txt,24-07-510,SRS,0X22D0,Vehicle Speed,640,2026-05-03 04:17:00
Prod_Diagnostic_02.txt,24-07-510,SRS,0X22D0,Seat Occupancy,649,2026-05-03 04:17:00
Prod_Diagnostic_02.txt,24-07-510,SRS,0X22D0,Crash Counter,600,2026-05-03 04:17:00
Prod_Diagnostic_02.txt,24-07-510,SRS,0X22D0,Supply Voltage,562,2026-05-03 04:17:00
Prod_Diagnostic_02.txt,24-07-510,SRS,0X22D0,Belt Status,730,2026-05-03 04:17:00
Prod_Diagnostic_02.txt,24-07-510,SRS,0X7182,Vehicle Speed,102,2026-05-17 19:27:00
Prod_Diagnostic_02.txt,24-07-510,SRS,0X7182,Seat Occupancy,813,2026-05-17 19:27:00
Prod_Diagnostic_02.txt,24-07-510,SRS,0X7182,Crash Counter,719,2026-05-17 19:27:00
Prod_Diagnostic_02.txt,24-07-510,SRS,0X7182,Supply Voltage,118,2026-05-17 19:27:00
Prod_Diagnostic_02.txt,24-07-510,SRS,0X7182,Belt Status,874,2026-05-17 19:27:00
Prod_Diagnostic_02.txt,24-07-510,SRS,0XC888,Vehicle Speed,465,2026-05-14 10:52:00
Prod_Diagnostic_02.txt,24-07-510,SRS,0XC888,Seat Occupancy,409,2026-05-14 10:52:00
Prod_Diagnostic_02.txt,24-07-510,SRS,0XC888,Crash Counter,426,2026-05-14 10:52:00
Prod_Diagnostic_02.txt,24-07-510,SRS,0XC888,Supply Voltage,748,2026-05-14 10:52:00
Prod_Diagnostic_02.txt,24-07-510,SRS,0XC888,Belt Status,98,2026-05-14 10:52:00
Prod_Diagnostic_02.txt,24-07-510,GW,0X7D40,CAN Load,486,2026-05-05 21:59:00
Prod_Diagnostic_02.txt,24-07-510,GW,0X7D40,Eth Status,69,2026-05-05 21:59:00
Prod_Diagnostic_02.txt,24-07-510,GW,0X7D40,Voltage,94,2026-05-05 21:59:00
Prod_Diagnostic_02.txt,24-07-510,GW,0X7D40,Bus Errors,852,2026-05-05 21:59:00
Prod_Diagnostic_02.txt,24-07-510,GW,0X7D40,Ignition,88,2026-05-05 21:59:00
Prod_Diagnostic_02.txt,24-07-510,GW,0X7E8F,CAN Load,980,2026-05-18 01:37:00
Prod_Diagnostic_02.txt,24-07-510,GW,0X7E8F,Eth Status,576,2026-05-18 01:37:00
Prod_Diagnostic_02.txt,24-07-510,GW,0X7E8F,Voltage,576,2026-05-18 01:37:00
Prod_Diagnostic_02.txt,24-07-510,GW,0X7E8F,Bus Errors,338,2026-05-18 01:37:00
Prod_Diagnostic_02.txt,24-07-510,GW,0X7E8F,Ignition,687,2026-05-18 01:37:00
Prod_Diagnostic_02.txt,24-07-510,GW,0X792A,CAN Load,361,2026-05-10 19:19:00
Prod_Diagnostic_02.txt,24-07-510,GW,0X792A,Eth Status,107,2026-05-10 19:19:00
Prod_Diagnostic_02.txt,24-07-510,GW,0X792A,Voltage,592,2026-05-10 19:19:00
Prod_Diagnostic_02.txt,24-07-510,GW,0X792A,Bus Errors,520,2026-05-10 19:19:00
Prod_Diagnostic_02.txt,24-07-510,GW,0X792A,Ignition,218,2026-05-10 19:19:00
Prod_Diagnostic_02.txt,24-07-510,GW,0XB81F,CAN Load,118,2026-05-28 17:23:00
Prod_Diagnostic_02.txt,24-07-510,GW,0XB81F,Eth Status,781,2026-05-28 17:23:00
Prod_Diagnostic_02.txt,24-07-510,GW,0XB81F,Voltage,286,2026-05-28 17:23:00
Prod_Diagnostic_02.txt,24-07-510,GW,0XB81F,Bus Errors,588,2026-05-28 17:23:00
Prod_Diagnostic_02.txt,24-07-510,GW,0XB81F,Ignition,232,2026-05-28 17:23:00
Prod_Diagnostic_02.txt,24-07-510,GW,0XE85C,CAN Load,27,2026-05-22 20:35:00
Prod_Diagnostic_02.txt,24-07-510,GW,0XE85C,Eth Status,624,2026-05-22 20:35:00
Prod_Diagnostic_02.txt,24-07-510,GW,0XE85C,Voltage,952,2026-05-22 20:35:00
Prod_Diagnostic_02.txt,24-07-510,GW,0XE85C,Bus Errors,674,2026-05-22 20:35:00
Prod_Diagnostic_02.txt,24-07-510,GW,0XE85C,Ignition,850,2026-05-22 20:35:00
Prod_Diagnostic_02.txt,24-07-510,ADAS,0X1769,CPU Load,891,2026-05-12 00:11:00
Prod_Diagnostic_02.txt,24-07-510,ADAS,0X1769,Lane State,147,2026-05-12 00:11:00
Prod_Diagnostic_02.txt,24-07-510,ADAS,0X1769,Object Count,580,2026-05-12 00:11:00
Prod_Diagnostic_02.txt,24-07-510,ADAS,0X1769,Voltage,674,2026-05-12 00:11:00
Prod_Diagnostic_02.txt,24-07-510,ADAS,0X1769,Speed,411,2026-05-12 00:11:00
Prod_Diagnostic_02.txt,24-07-510,ADAS,0X3451,CPU Load,386,2026-05-24 16:13:00
Prod_Diagnostic_02.txt,24-07-510,ADAS,0X3451,Lane State,430,2026-05-24 16:13:00
Prod_Diagnostic_02.txt,24-07-510,ADAS,0X3451,Object Count,465,2026-05-24 16:13:00
Prod_Diagnostic_02.txt,24-07-510,ADAS,0X3451,Voltage,350,2026-05-24 16:13:00
Prod_Diagnostic_02.txt,24-07-510,ADAS,0X3451,Speed,162,2026-05-24 16:13:00
Prod_Diagnostic_02.txt,24-07-510,ADAS,0X5FC7,CPU Load,162,2026-05-03 01:09:00
Prod_Diagnostic_02.txt,24-07-510,ADAS,0X5FC7,Lane State,773,2026-05-03 01:09:00
Prod_Diagnostic_02.txt,24-07-510,ADAS,0X5FC7,Object Count,633,2026-05-03 01:09:00
Prod_Diagnostic_02.txt,24-07-510,ADAS,0X5FC7,Voltage,51,2026-05-03 01:09:00
Prod_Diagnostic_02.txt,24-07-510,ADAS,0X5FC7,Speed,691,2026-05-03 01:09:00
Prod_Diagnostic_02.txt,24-07-510,ADAS,0X55A8,CPU Load,280,2026-05-20 14:26:00
Prod_Diagnostic_02.txt,24-07-510,ADAS,0X55A8,Lane State,221,2026-05-20 14:26:00
Prod_Diagnostic_02.txt,24-07-510,ADAS,0X55A8,Object Count,774,2026-05-20 14:26:00
Prod_Diagnostic_02.txt,24-07-510,ADAS,0X55A8,Voltage,525,2026-05-20 14:26:00
Prod_Diagnostic_02.txt,24-07-510,ADAS,0X55A8,Speed,117,2026-05-20 14:26:00
Prod_Diagnostic_02.txt,24-07-510,ADAS,0X7E0E,CPU Load,47,2026-05-17 21:19:00
Prod_Diagnostic_02.txt,24-07-510,ADAS,0X7E0E,Lane State,226,2026-05-17 21:19:00
Prod_Diagnostic_02.txt,24-07-510,ADAS,0X7E0E,Object Count,405,2026-05-17 21:19:00
Prod_Diagnostic_02.txt,24-07-510,ADAS,0X7E0E,Voltage,614,2026-05-17 21:19:00
Prod_Diagnostic_02.txt,24-07-510,ADAS,0X7E0E,Speed,57,2026-05-17 21:19:00
Prod_Diagnostic_02.txt,24-07-510,HVAC,0X4455,Cabin Temp,8,2026-05-10 10:07:00
Prod_Diagnostic_02.txt,24-07-510,HVAC,0X4455,Blower Speed,510,2026-05-10 10:07:00
Prod_Diagnostic_02.txt,24-07-510,HVAC,0X4455,Evap Temp,765,2026-05-10 10:07:00
Prod_Diagnostic_02.txt,24-07-510,HVAC,0X4455,Ambient Temp,441,2026-05-10 10:07:00
Prod_Diagnostic_02.txt,24-07-510,HVAC,0X4455,AC Pressure,180,2026-05-10 10:07:00
Prod_Diagnostic_02.txt,24-07-510,HVAC,0X7155,Cabin Temp,363,2026-05-18 21:51:00
Prod_Diagnostic_02.txt,24-07-510,HVAC,0X7155,Blower Speed,74,2026-05-18 21:51:00
Prod_Diagnostic_02.txt,24-07-510,HVAC,0X7155,Evap Temp,407,2026-05-18 21:51:00
Prod_Diagnostic_02.txt,24-07-510,HVAC,0X7155,Ambient Temp,883,2026-05-18 21:51:00
Prod_Diagnostic_02.txt,24-07-510,HVAC,0X7155,AC Pressure,760,2026-05-18 21:51:00
Prod_Diagnostic_02.txt,24-07-510,HVAC,0X7FAC,Cabin Temp,415,2026-05-19 13:36:00
Prod_Diagnostic_02.txt,24-07-510,HVAC,0X7FAC,Blower Speed,727,2026-05-19 13:36:00
Prod_Diagnostic_02.txt,24-07-510,HVAC,0X7FAC,Evap Temp,656,2026-05-19 13:36:00
Prod_Diagnostic_02.txt,24-07-510,HVAC,0X7FAC,Ambient Temp,428,2026-05-19 13:36:00
Prod_Diagnostic_02.txt,24-07-510,HVAC,0X7FAC,AC Pressure,297,2026-05-19 13:36:00
Prod_Diagnostic_02.txt,24-07-510,HVAC,0X77B0,Cabin Temp,371,2026-05-15 22:58:00
Prod_Diagnostic_02.txt,24-07-510,HVAC,0X77B0,Blower Speed,91,2026-05-15 22:58:00
Prod_Diagnostic_02.txt,24-07-510,HVAC,0X77B0,Evap Temp,448,2026-05-15 22:58:00
Prod_Diagnostic_02.txt,24-07-510,HVAC,0X77B0,Ambient Temp,865,2026-05-15 22:58:00
Prod_Diagnostic_02.txt,24-07-510,HVAC,0X77B0,AC Pressure,109,2026-05-15 22:58:00
Prod_Diagnostic_02.txt,24-07-510,HVAC,0X7F88,Cabin Temp,348,2026-05-13 09:47:00
Prod_Diagnostic_02.txt,24-07-510,HVAC,0X7F88,Blower Speed,227,2026-05-13 09:47:00
Prod_Diagnostic_02.txt,24-07-510,HVAC,0X7F88,Evap Temp,342,2026-05-13 09:47:00
Prod_Diagnostic_02.txt,24-07-510,HVAC,0X7F88,Ambient Temp,798,2026-05-13 09:47:00
Prod_Diagnostic_02.txt,24-07-510,HVAC,0X7F88,AC Pressure,173,2026-05-13 09:47:00
Prod_Diagnostic_02.txt,24-07-510,OBC,0X92AF,AC Voltage,745,2026-05-07 11:22:00
Prod_Diagnostic_02.txt,24-07-510,OBC,0X92AF,Charge Current,982,2026-05-07 11:22:00
Prod_Diagnostic_02.txt,24-07-510,OBC,0X92AF,Battery Temp,839,2026-05-07 11:22:00
Prod_Diagnostic_02.txt,24-07-510,OBC,0X92AF,SOC,661,2026-05-07 11:22:00
Prod_Diagnostic_02.txt,24-07-510,OBC,0X92AF,Input Freq,835,2026-05-07 11:22:00
Prod_Diagnostic_02.txt,24-07-510,OBC,0X4C7C,AC Voltage,779,2026-05-06 19:09:00
Prod_Diagnostic_02.txt,24-07-510,OBC,0X4C7C,Charge Current,778,2026-05-06 19:09:00
Prod_Diagnostic_02.txt,24-07-510,OBC,0X4C7C,Battery Temp,672,2026-05-06 19:09:00
Prod_Diagnostic_02.txt,24-07-510,OBC,0X4C7C,SOC,78,2026-05-06 19:09:00
Prod_Diagnostic_02.txt,24-07-510,OBC,0X4C7C,Input Freq,182,2026-05-06 19:09:00
Prod_Diagnostic_02.txt,24-07-510,OBC,0X86C5,AC Voltage,651,2026-05-22 18:41:00
Prod_Diagnostic_02.txt,24-07-510,OBC,0X86C5,Charge Current,640,2026-05-22 18:41:00
Prod_Diagnostic_02.txt,24-07-510,OBC,0X86C5,Battery Temp,331,2026-05-22 18:41:00
Prod_Diagnostic_02.txt,24-07-510,OBC,0X86C5,SOC,885,2026-05-22 18:41:00
Prod_Diagnostic_02.txt,24-07-510,OBC,0X86C5,Input Freq,995,2026-05-22 18:41:00
Prod_Diagnostic_02.txt,24-07-510,OBC,0X36A5,AC Voltage,282,2026-05-21 09:50:00
Prod_Diagnostic_02.txt,24-07-510,OBC,0X36A5,Charge Current,606,2026-05-21 09:50:00
Prod_Diagnostic_02.txt,24-07-510,OBC,0X36A5,Battery Temp,58,2026-05-21 09:50:00
Prod_Diagnostic_02.txt,24-07-510,OBC,0X36A5,SOC,361,2026-05-21 09:50:00
Prod_Diagnostic_02.txt,24-07-510,OBC,0X36A5,Input Freq,520,2026-05-21 09:50:00
Prod_Diagnostic_02.txt,24-07-510,OBC,0X5F76,AC Voltage,661,2026-05-12 09:04:00
Prod_Diagnostic_02.txt,24-07-510,OBC,0X5F76,Charge Current,885,2026-05-12 09:04:00
Prod_Diagnostic_02.txt,24-07-510,OBC,0X5F76,Battery Temp,876,2026-05-12 09:04:00
Prod_Diagnostic_02.txt,24-07-510,OBC,0X5F76,SOC,93,2026-05-12 09:04:00
Prod_Diagnostic_02.txt,24-07-510,OBC,0X5F76,Input Freq,630,2026-05-12 09:04:00
Prod_Diagnostic_03.txt,25-11-601,RADAR,0X7A36,Target Distance,384,2026-05-08 12:05:00
Prod_Diagnostic_03.txt,25-11-601,RADAR,0X7A36,Relative Speed,230,2026-05-08 12:05:00
Prod_Diagnostic_03.txt,25-11-601,RADAR,0X7A36,Object Count,29,2026-05-08 12:05:00
Prod_Diagnostic_03.txt,25-11-601,RADAR,0X7A36,Speed,327,2026-05-08 12:05:00
Prod_Diagnostic_03.txt,25-11-601,RADAR,0X7A36,Temperature,954,2026-05-08 12:05:00
Prod_Diagnostic_03.txt,25-11-601,RADAR,0XE6D4,Target Distance,940,2026-05-05 01:18:00
Prod_Diagnostic_03.txt,25-11-601,RADAR,0XE6D4,Relative Speed,850,2026-05-05 01:18:00
Prod_Diagnostic_03.txt,25-11-601,RADAR,0XE6D4,Object Count,484,2026-05-05 01:18:00
Prod_Diagnostic_03.txt,25-11-601,RADAR,0XE6D4,Speed,713,2026-05-05 01:18:00
Prod_Diagnostic_03.txt,25-11-601,RADAR,0XE6D4,Temperature,852,2026-05-05 01:18:00
Prod_Diagnostic_03.txt,25-11-601,RADAR,0XD243,Target Distance,263,2026-05-01 02:01:00
Prod_Diagnostic_03.txt,25-11-601,RADAR,0XD243,Relative Speed,221,2026-05-01 02:01:00
Prod_Diagnostic_03.txt,25-11-601,RADAR,0XD243,Object Count,856,2026-05-01 02:01:00
Prod_Diagnostic_03.txt,25-11-601,RADAR,0XD243,Speed,154,2026-05-01 02:01:00
Prod_Diagnostic_03.txt,25-11-601,RADAR,0XD243,Temperature,562,2026-05-01 02:01:00
Prod_Diagnostic_03.txt,25-11-601,RADAR,0X971C,Target Distance,245,2026-05-10 03:03:00
Prod_Diagnostic_03.txt,25-11-601,RADAR,0X971C,Relative Speed,430,2026-05-10 03:03:00
Prod_Diagnostic_03.txt,25-11-601,RADAR,0X971C,Object Count,655,2026-05-10 03:03:00
Prod_Diagnostic_03.txt,25-11-601,RADAR,0X971C,Speed,813,2026-05-10 03:03:00
Prod_Diagnostic_03.txt,25-11-601,RADAR,0X971C,Temperature,638,2026-05-10 03:03:00
Prod_Diagnostic_03.txt,25-11-601,RADAR,0X2014,Target Distance,589,2026-05-01 20:32:00
Prod_Diagnostic_03.txt,25-11-601,RADAR,0X2014,Relative Speed,248,2026-05-01 20:32:00
Prod_Diagnostic_03.txt,25-11-601,RADAR,0X2014,Object Count,736,2026-05-01 20:32:00
Prod_Diagnostic_03.txt,25-11-601,RADAR,0X2014,Speed,148,2026-05-01 20:32:00
Prod_Diagnostic_03.txt,25-11-601,RADAR,0X2014,Temperature,299,2026-05-01 20:32:00
Prod_Diagnostic_03.txt,25-11-601,TCM,0X1066,Gear,685,2026-05-14 05:42:00
Prod_Diagnostic_03.txt,25-11-601,TCM,0X1066,Oil Temp,88,2026-05-14 05:42:00
Prod_Diagnostic_03.txt,25-11-601,TCM,0X1066,Turbine Speed,537,2026-05-14 05:42:00
Prod_Diagnostic_03.txt,25-11-601,TCM,0X1066,Clutch Pressure,999,2026-05-14 05:42:00
Prod_Diagnostic_03.txt,25-11-601,TCM,0X1066,Output Speed,370,2026-05-14 05:42:00
Prod_Diagnostic_03.txt,25-11-601,TCM,0X96AB,Gear,482,2026-05-01 12:55:00
Prod_Diagnostic_03.txt,25-11-601,TCM,0X96AB,Oil Temp,45,2026-05-01 12:55:00
Prod_Diagnostic_03.txt,25-11-601,TCM,0X96AB,Turbine Speed,651,2026-05-01 12:55:00
Prod_Diagnostic_03.txt,25-11-601,TCM,0X96AB,Clutch Pressure,397,2026-05-01 12:55:00
Prod_Diagnostic_03.txt,25-11-601,TCM,0X96AB,Output Speed,383,2026-05-01 12:55:00
Prod_Diagnostic_03.txt,25-11-601,TCM,0XCF50,Gear,644,2026-05-08 23:42:00
Prod_Diagnostic_03.txt,25-11-601,TCM,0XCF50,Oil Temp,107,2026-05-08 23:42:00
Prod_Diagnostic_03.txt,25-11-601,TCM,0XCF50,Turbine Speed,791,2026-05-08 23:42:00
Prod_Diagnostic_03.txt,25-11-601,TCM,0XCF50,Clutch Pressure,596,2026-05-08 23:42:00
Prod_Diagnostic_03.txt,25-11-601,TCM,0XCF50,Output Speed,753,2026-05-08 23:42:00
Prod_Diagnostic_03.txt,25-11-601,TCM,0X3227,Gear,851,2026-05-27 20:11:00
Prod_Diagnostic_03.txt,25-11-601,TCM,0X3227,Oil Temp,798,2026-05-27 20:11:00
Prod_Diagnostic_03.txt,25-11-601,TCM,0X3227,Turbine Speed,702,2026-05-27 20:11:00
Prod_Diagnostic_03.txt,25-11-601,TCM,0X3227,Clutch Pressure,476,2026-05-27 20:11:00
Prod_Diagnostic_03.txt,25-11-601,TCM,0X3227,Output Speed,713,2026-05-27 20:11:00
Prod_Diagnostic_03.txt,25-11-601,TCM,0XB1B9,Gear,45,2026-05-02 09:12:00
Prod_Diagnostic_03.txt,25-11-601,TCM,0XB1B9,Oil Temp,811,2026-05-02 09:12:00
Prod_Diagnostic_03.txt,25-11-601,TCM,0XB1B9,Turbine Speed,205,2026-05-02 09:12:00
Prod_Diagnostic_03.txt,25-11-601,TCM,0XB1B9,Clutch Pressure,908,2026-05-02 09:12:00
Prod_Diagnostic_03.txt,25-11-601,TCM,0XB1B9,Output Speed,43,2026-05-02 09:12:00
Prod_Diagnostic_03.txt,25-11-601,TCU,0XFEF1,RSSI,772,2026-05-16 08:02:00
Prod_Diagnostic_03.txt,25-11-601,TCU,0XFEF1,GPS Status,663,2026-05-16 08:02:00
Prod_Diagnostic_03.txt,25-11-601,TCU,0XFEF1,Network Type,196,2026-05-16 08:02:00
Prod_Diagnostic_03.txt,25-11-601,TCU,0XFEF1,Speed,293,2026-05-16 08:02:00
Prod_Diagnostic_03.txt,25-11-601,TCU,0XFEF1,Voltage,366,2026-05-16 08:02:00
Prod_Diagnostic_03.txt,25-11-601,TCU,0XEDA4,RSSI,911,2026-05-26 11:27:00
Prod_Diagnostic_03.txt,25-11-601,TCU,0XEDA4,GPS Status,410,2026-05-26 11:27:00
Prod_Diagnostic_03.txt,25-11-601,TCU,0XEDA4,Network Type,762,2026-05-26 11:27:00
Prod_Diagnostic_03.txt,25-11-601,TCU,0XEDA4,Speed,451,2026-05-26 11:27:00
Prod_Diagnostic_03.txt,25-11-601,TCU,0XEDA4,Voltage,917,2026-05-26 11:27:00
Prod_Diagnostic_03.txt,25-11-601,TCU,0X66CB,RSSI,821,2026-05-26 16:17:00
Prod_Diagnostic_03.txt,25-11-601,TCU,0X66CB,GPS Status,85,2026-05-26 16:17:00
Prod_Diagnostic_03.txt,25-11-601,TCU,0X66CB,Network Type,745,2026-05-26 16:17:00
Prod_Diagnostic_03.txt,25-11-601,TCU,0X66CB,Speed,435,2026-05-26 16:17:00
Prod_Diagnostic_03.txt,25-11-601,TCU,0X66CB,Voltage,81,2026-05-26 16:17:00
Prod_Diagnostic_03.txt,25-11-601,TCU,0XAA3A,RSSI,677,2026-05-04 02:20:00
Prod_Diagnostic_03.txt,25-11-601,TCU,0XAA3A,GPS Status,303,2026-05-04 02:20:00
Prod_Diagnostic_03.txt,25-11-601,TCU,0XAA3A,Network Type,314,2026-05-04 02:20:00
Prod_Diagnostic_03.txt,25-11-601,TCU,0XAA3A,Speed,457,2026-05-04 02:20:00
Prod_Diagnostic_03.txt,25-11-601,TCU,0XAA3A,Voltage,618,2026-05-04 02:20:00
Prod_Diagnostic_03.txt,25-11-601,TCU,0X3AA9,RSSI,934,2026-05-02 23:55:00
Prod_Diagnostic_03.txt,25-11-601,TCU,0X3AA9,GPS Status,362,2026-05-02 23:55:00
Prod_Diagnostic_03.txt,25-11-601,TCU,0X3AA9,Network Type,630,2026-05-02 23:55:00
Prod_Diagnostic_03.txt,25-11-601,TCU,0X3AA9,Speed,446,2026-05-02 23:55:00
Prod_Diagnostic_03.txt,25-11-601,TCU,0X3AA9,Voltage,282,2026-05-02 23:55:00
Prod_Diagnostic_03.txt,25-11-601,FCAM,0X2335,Lane Confidence,164,2026-05-17 23:43:00
Prod_Diagnostic_03.txt,25-11-601,FCAM,0X2335,Visibility,976,2026-05-17 23:43:00
Prod_Diagnostic_03.txt,25-11-601,FCAM,0X2335,Image Quality,32,2026-05-17 23:43:00
Prod_Diagnostic_03.txt,25-11-601,FCAM,0X2335,Speed,147,2026-05-17 23:43:00
Prod_Diagnostic_03.txt,25-11-601,FCAM,0X2335,Light Level,870,2026-05-17 23:43:00
Prod_Diagnostic_03.txt,25-11-601,FCAM,0XBD97,Lane Confidence,371,2026-05-08 20:23:00
Prod_Diagnostic_03.txt,25-11-601,FCAM,0XBD97,Visibility,393,2026-05-08 20:23:00
Prod_Diagnostic_03.txt,25-11-601,FCAM,0XBD97,Image Quality,973,2026-05-08 20:23:00
Prod_Diagnostic_03.txt,25-11-601,FCAM,0XBD97,Speed,581,2026-05-08 20:23:00
Prod_Diagnostic_03.txt,25-11-601,FCAM,0XBD97,Light Level,34,2026-05-08 20:23:00
Prod_Diagnostic_03.txt,25-11-601,FCAM,0X3747,Lane Confidence,141,2026-05-15 02:36:00
Prod_Diagnostic_03.txt,25-11-601,FCAM,0X3747,Visibility,543,2026-05-15 02:36:00
Prod_Diagnostic_03.txt,25-11-601,FCAM,0X3747,Image Quality,376,2026-05-15 02:36:00
Prod_Diagnostic_03.txt,25-11-601,FCAM,0X3747,Speed,408,2026-05-15 02:36:00
Prod_Diagnostic_03.txt,25-11-601,FCAM,0X3747,Light Level,322,2026-05-15 02:36:00
Prod_Diagnostic_03.txt,25-11-601,FCAM,0X4FE6,Lane Confidence,576,2026-05-17 12:58:00
Prod_Diagnostic_03.txt,25-11-601,FCAM,0X4FE6,Visibility,121,2026-05-17 12:58:00
Prod_Diagnostic_03.txt,25-11-601,FCAM,0X4FE6,Image Quality,269,2026-05-17 12:58:00
Prod_Diagnostic_03.txt,25-11-601,FCAM,0X4FE6,Speed,794,2026-05-17 12:58:00
Prod_Diagnostic_03.txt,25-11-601,FCAM,0X4FE6,Light Level,267,2026-05-17 12:58:00
Prod_Diagnostic_03.txt,25-11-601,FCAM,0X46EE,Lane Confidence,76,2026-05-04 04:54:00
Prod_Diagnostic_03.txt,25-11-601,FCAM,0X46EE,Visibility,463,2026-05-04 04:54:00
Prod_Diagnostic_03.txt,25-11-601,FCAM,0X46EE,Image Quality,177,2026-05-04 04:54:00
Prod_Diagnostic_03.txt,25-11-601,FCAM,0X46EE,Speed,921,2026-05-04 04:54:00
Prod_Diagnostic_03.txt,25-11-601,FCAM,0X46EE,Light Level,731,2026-05-04 04:54:00
Prod_Diagnostic_03.txt,25-11-601,ABS,0X2679,Wheel FL,913,2026-05-18 17:18:00
Prod_Diagnostic_03.txt,25-11-601,ABS,0X2679,Wheel FR,308,2026-05-18 17:18:00
Prod_Diagnostic_03.txt,25-11-601,ABS,0X2679,Brake Pressure,872,2026-05-18 17:18:00
Prod_Diagnostic_03.txt,25-11-601,ABS,0X2679,Yaw Rate,162,2026-05-18 17:18:00
Prod_Diagnostic_03.txt,25-11-601,ABS,0X2679,Vehicle Speed,729,2026-05-18 17:18:00
Prod_Diagnostic_03.txt,25-11-601,ABS,0XDB2F,Wheel FL,810,2026-05-07 04:15:00
Prod_Diagnostic_03.txt,25-11-601,ABS,0XDB2F,Wheel FR,506,2026-05-07 04:15:00
Prod_Diagnostic_03.txt,25-11-601,ABS,0XDB2F,Brake Pressure,27,2026-05-07 04:15:00
Prod_Diagnostic_03.txt,25-11-601,ABS,0XDB2F,Yaw Rate,370,2026-05-07 04:15:00
Prod_Diagnostic_03.txt,25-11-601,ABS,0XDB2F,Vehicle Speed,568,2026-05-07 04:15:00
Prod_Diagnostic_03.txt,25-11-601,ABS,0X6E70,Wheel FL,408,2026-05-03 02:19:00
Prod_Diagnostic_03.txt,25-11-601,ABS,0X6E70,Wheel FR,735,2026-05-03 02:19:00
Prod_Diagnostic_03.txt,25-11-601,ABS,0X6E70,Brake Pressure,737,2026-05-03 02:19:00
Prod_Diagnostic_03.txt,25-11-601,ABS,0X6E70,Yaw Rate,491,2026-05-03 02:19:00
Prod_Diagnostic_03.txt,25-11-601,ABS,0X6E70,Vehicle Speed,539,2026-05-03 02:19:00
Prod_Diagnostic_03.txt,25-11-601,ABS,0XD4E7,Wheel FL,461,2026-05-11 20:04:00
Prod_Diagnostic_03.txt,25-11-601,ABS,0XD4E7,Wheel FR,478,2026-05-11 20:04:00
Prod_Diagnostic_03.txt,25-11-601,ABS,0XD4E7,Brake Pressure,697,2026-05-11 20:04:00
Prod_Diagnostic_03.txt,25-11-601,ABS,0XD4E7,Yaw Rate,530,2026-05-11 20:04:00
Prod_Diagnostic_03.txt,25-11-601,ABS,0XD4E7,Vehicle Speed,353,2026-05-11 20:04:00
Prod_Diagnostic_03.txt,25-11-601,ABS,0XF0C1,Wheel FL,515,2026-05-25 04:27:00
Prod_Diagnostic_03.txt,25-11-601,ABS,0XF0C1,Wheel FR,933,2026-05-25 04:27:00
Prod_Diagnostic_03.txt,25-11-601,ABS,0XF0C1,Brake Pressure,890,2026-05-25 04:27:00
Prod_Diagnostic_03.txt,25-11-601,ABS,0XF0C1,Yaw Rate,57,2026-05-25 04:27:00
Prod_Diagnostic_03.txt,25-11-601,ABS,0XF0C1,Vehicle Speed,852,2026-05-25 04:27:00
Prod_Diagnostic_03.txt,25-11-601,ECM,0X94A2,RPM,355,2026-05-11 22:14:00
Prod_Diagnostic_03.txt,25-11-601,ECM,0X94A2,Coolant Temp,971,2026-05-11 22:14:00
Prod_Diagnostic_03.txt,25-11-601,ECM,0X94A2,Fuel Pressure,964,2026-05-11 22:14:00
Prod_Diagnostic_03.txt,25-11-601,ECM,0X94A2,Boost Pressure,532,2026-05-11 22:14:00
Prod_Diagnostic_03.txt,25-11-601,ECM,0X94A2,Engine Load,917,2026-05-11 22:14:00
Prod_Diagnostic_03.txt,25-11-601,ECM,0XE88F,RPM,311,2026-05-09 04:40:00
Prod_Diagnostic_03.txt,25-11-601,ECM,0XE88F,Coolant Temp,630,2026-05-09 04:40:00
Prod_Diagnostic_03.txt,25-11-601,ECM,0XE88F,Fuel Pressure,547,2026-05-09 04:40:00
Prod_Diagnostic_03.txt,25-11-601,ECM,0XE88F,Boost Pressure,96,2026-05-09 04:40:00
Prod_Diagnostic_03.txt,25-11-601,ECM,0XE88F,Engine Load,515,2026-05-09 04:40:00
Prod_Diagnostic_03.txt,25-11-601,ECM,0XA780,RPM,863,2026-05-24 19:21:00
Prod_Diagnostic_03.txt,25-11-601,ECM,0XA780,Coolant Temp,947,2026-05-24 19:21:00
Prod_Diagnostic_03.txt,25-11-601,ECM,0XA780,Fuel Pressure,578,2026-05-24 19:21:00
Prod_Diagnostic_03.txt,25-11-601,ECM,0XA780,Boost Pressure,43,2026-05-24 19:21:00
Prod_Diagnostic_03.txt,25-11-601,ECM,0XA780,Engine Load,846,2026-05-24 19:21:00
Prod_Diagnostic_03.txt,25-11-601,ECM,0X24CB,RPM,586,2026-05-21 06:49:00
Prod_Diagnostic_03.txt,25-11-601,ECM,0X24CB,Coolant Temp,427,2026-05-21 06:49:00
Prod_Diagnostic_03.txt,25-11-601,ECM,0X24CB,Fuel Pressure,633,2026-05-21 06:49:00
Prod_Diagnostic_03.txt,25-11-601,ECM,0X24CB,Boost Pressure,655,2026-05-21 06:49:00
Prod_Diagnostic_03.txt,25-11-601,ECM,0X24CB,Engine Load,32,2026-05-21 06:49:00
Prod_Diagnostic_03.txt,25-11-601,ECM,0XF395,RPM,827,2026-05-16 07:51:00
Prod_Diagnostic_03.txt,25-11-601,ECM,0XF395,Coolant Temp,702,2026-05-16 07:51:00
Prod_Diagnostic_03.txt,25-11-601,ECM,0XF395,Fuel Pressure,416,2026-05-16 07:51:00
Prod_Diagnostic_03.txt,25-11-601,ECM,0XF395,Boost Pressure,305,2026-05-16 07:51:00
Prod_Diagnostic_03.txt,25-11-601,ECM,0XF395,Engine Load,465,2026-05-16 07:51:00
Prod_Diagnostic_03.txt,25-11-601,BCM,0XC048,Battery Voltage,349,2026-05-16 14:13:00
Prod_Diagnostic_03.txt,25-11-601,BCM,0XC048,Door Status,622,2026-05-16 14:13:00
Prod_Diagnostic_03.txt,25-11-601,BCM,0XC048,Lock State,148,2026-05-16 14:13:00
Prod_Diagnostic_03.txt,25-11-601,BCM,0XC048,Ignition,321,2026-05-16 14:13:00
Prod_Diagnostic_03.txt,25-11-601,BCM,0XC048,Window Pos,883,2026-05-16 14:13:00
Prod_Diagnostic_03.txt,25-11-601,BCM,0XCBF4,Battery Voltage,327,2026-05-17 17:06:00
Prod_Diagnostic_03.txt,25-11-601,BCM,0XCBF4,Door Status,248,2026-05-17 17:06:00
Prod_Diagnostic_03.txt,25-11-601,BCM,0XCBF4,Lock State,478,2026-05-17 17:06:00
Prod_Diagnostic_03.txt,25-11-601,BCM,0XCBF4,Ignition,126,2026-05-17 17:06:00
Prod_Diagnostic_03.txt,25-11-601,BCM,0XCBF4,Window Pos,274,2026-05-17 17:06:00
Prod_Diagnostic_03.txt,25-11-601,BCM,0X4F77,Battery Voltage,255,2026-05-13 19:26:00
Prod_Diagnostic_03.txt,25-11-601,BCM,0X4F77,Door Status,986,2026-05-13 19:26:00
Prod_Diagnostic_03.txt,25-11-601,BCM,0X4F77,Lock State,887,2026-05-13 19:26:00
Prod_Diagnostic_03.txt,25-11-601,BCM,0X4F77,Ignition,924,2026-05-13 19:26:00
Prod_Diagnostic_03.txt,25-11-601,BCM,0X4F77,Window Pos,164,2026-05-13 19:26:00
Prod_Diagnostic_03.txt,25-11-601,BCM,0XFF0A,Battery Voltage,528,2026-05-25 05:31:00
Prod_Diagnostic_03.txt,25-11-601,BCM,0XFF0A,Door Status,479,2026-05-25 05:31:00
Prod_Diagnostic_03.txt,25-11-601,BCM,0XFF0A,Lock State,511,2026-05-25 05:31:00
Prod_Diagnostic_03.txt,25-11-601,BCM,0XFF0A,Ignition,901,2026-05-25 05:31:00
Prod_Diagnostic_03.txt,25-11-601,BCM,0XFF0A,Window Pos,316,2026-05-25 05:31:00
Prod_Diagnostic_03.txt,25-11-601,BCM,0X15EE,Battery Voltage,362,2026-05-08 06:37:00
Prod_Diagnostic_03.txt,25-11-601,BCM,0X15EE,Door Status,50,2026-05-08 06:37:00
Prod_Diagnostic_03.txt,25-11-601,BCM,0X15EE,Lock State,52,2026-05-08 06:37:00
Prod_Diagnostic_03.txt,25-11-601,BCM,0X15EE,Ignition,289,2026-05-08 06:37:00
Prod_Diagnostic_03.txt,25-11-601,BCM,0X15EE,Window Pos,507,2026-05-08 06:37:00
Prod_Diagnostic_03.txt,25-11-601,BMS,0XF1E0,SOC,111,2026-05-18 00:54:00
Prod_Diagnostic_03.txt,25-11-601,BMS,0XF1E0,SOH,442,2026-05-18 00:54:00
Prod_Diagnostic_03.txt,25-11-601,BMS,0XF1E0,HV Voltage,138,2026-05-18 00:54:00
Prod_Diagnostic_03.txt,25-11-601,BMS,0XF1E0,Cell Temp Max,904,2026-05-18 00:54:00
Prod_Diagnostic_03.txt,25-11-601,BMS,0XF1E0,Cell Temp Min,271,2026-05-18 00:54:00
Prod_Diagnostic_03.txt,25-11-601,BMS,0XD38C,SOC,200,2026-05-02 18:35:00
Prod_Diagnostic_03.txt,25-11-601,BMS,0XD38C,SOH,372,2026-05-02 18:35:00
Prod_Diagnostic_03.txt,25-11-601,BMS,0XD38C,HV Voltage,567,2026-05-02 18:35:00
Prod_Diagnostic_03.txt,25-11-601,BMS,0XD38C,Cell Temp Max,296,2026-05-02 18:35:00
Prod_Diagnostic_03.txt,25-11-601,BMS,0XD38C,Cell Temp Min,76,2026-05-02 18:35:00
Prod_Diagnostic_03.txt,25-11-601,BMS,0X9116,SOC,626,2026-05-27 19:43:00
Prod_Diagnostic_03.txt,25-11-601,BMS,0X9116,SOH,122,2026-05-27 19:43:00
Prod_Diagnostic_03.txt,25-11-601,BMS,0X9116,HV Voltage,132,2026-05-27 19:43:00
Prod_Diagnostic_03.txt,25-11-601,BMS,0X9116,Cell Temp Max,999,2026-05-27 19:43:00
Prod_Diagnostic_03.txt,25-11-601,BMS,0X9116,Cell Temp Min,100,2026-05-27 19:43:00
Prod_Diagnostic_03.txt,25-11-601,BMS,0X6F89,SOC,412,2026-05-07 19:32:00
Prod_Diagnostic_03.txt,25-11-601,BMS,0X6F89,SOH,513,2026-05-07 19:32:00
Prod_Diagnostic_03.txt,25-11-601,BMS,0X6F89,HV Voltage,42,2026-05-07 19:32:00
Prod_Diagnostic_03.txt,25-11-601,BMS,0X6F89,Cell Temp Max,47,2026-05-07 19:32:00
Prod_Diagnostic_03.txt,25-11-601,BMS,0X6F89,Cell Temp Min,40,2026-05-07 19:32:00
Prod_Diagnostic_03.txt,25-11-601,BMS,0XC6AD,SOC,528,2026-05-05 19:57:00
Prod_Diagnostic_03.txt,25-11-601,BMS,0XC6AD,SOH,144,2026-05-05 19:57:00
Prod_Diagnostic_03.txt,25-11-601,BMS,0XC6AD,HV Voltage,336,2026-05-05 19:57:00
Prod_Diagnostic_03.txt,25-11-601,BMS,0XC6AD,Cell Temp Max,954,2026-05-05 19:57:00
Prod_Diagnostic_03.txt,25-11-601,BMS,0XC6AD,Cell Temp Min,628,2026-05-05 19:57:00
Prod_Diagnostic_03.txt,25-11-601,SRS,0X3999,Vehicle Speed,522,2026-05-11 16:53:00
Prod_Diagnostic_03.txt,25-11-601,SRS,0X3999,Seat Occupancy,546,2026-05-11 16:53:00
Prod_Diagnostic_03.txt,25-11-601,SRS,0X3999,Crash Counter,502,2026-05-11 16:53:00
Prod_Diagnostic_03.txt,25-11-601,SRS,0X3999,Supply Voltage,726,2026-05-11 16:53:00
Prod_Diagnostic_03.txt,25-11-601,SRS,0X3999,Belt Status,577,2026-05-11 16:53:00
Prod_Diagnostic_03.txt,25-11-601,SRS,0X8992,Vehicle Speed,816,2026-05-14 18:19:00
Prod_Diagnostic_03.txt,25-11-601,SRS,0X8992,Seat Occupancy,921,2026-05-14 18:19:00
Prod_Diagnostic_03.txt,25-11-601,SRS,0X8992,Crash Counter,743,2026-05-14 18:19:00
Prod_Diagnostic_03.txt,25-11-601,SRS,0X8992,Supply Voltage,894,2026-05-14 18:19:00
Prod_Diagnostic_03.txt,25-11-601,SRS,0X8992,Belt Status,705,2026-05-14 18:19:00
Prod_Diagnostic_03.txt,25-11-601,SRS,0XA8CF,Vehicle Speed,53,2026-05-19 07:46:00
Prod_Diagnostic_03.txt,25-11-601,SRS,0XA8CF,Seat Occupancy,598,2026-05-19 07:46:00
Prod_Diagnostic_03.txt,25-11-601,SRS,0XA8CF,Crash Counter,492,2026-05-19 07:46:00
Prod_Diagnostic_03.txt,25-11-601,SRS,0XA8CF,Supply Voltage,175,2026-05-19 07:46:00
Prod_Diagnostic_03.txt,25-11-601,SRS,0XA8CF,Belt Status,537,2026-05-19 07:46:00
Prod_Diagnostic_03.txt,25-11-601,SRS,0XD64C,Vehicle Speed,196,2026-05-19 22:07:00
Prod_Diagnostic_03.txt,25-11-601,SRS,0XD64C,Seat Occupancy,20,2026-05-19 22:07:00
Prod_Diagnostic_03.txt,25-11-601,SRS,0XD64C,Crash Counter,452,2026-05-19 22:07:00
Prod_Diagnostic_03.txt,25-11-601,SRS,0XD64C,Supply Voltage,322,2026-05-19 22:07:00
Prod_Diagnostic_03.txt,25-11-601,SRS,0XD64C,Belt Status,429,2026-05-19 22:07:00
Prod_Diagnostic_03.txt,25-11-601,SRS,0X79B7,Vehicle Speed,483,2026-05-25 19:58:00
Prod_Diagnostic_03.txt,25-11-601,SRS,0X79B7,Seat Occupancy,894,2026-05-25 19:58:00
Prod_Diagnostic_03.txt,25-11-601,SRS,0X79B7,Crash Counter,869,2026-05-25 19:58:00
Prod_Diagnostic_03.txt,25-11-601,SRS,0X79B7,Supply Voltage,754,2026-05-25 19:58:00
Prod_Diagnostic_03.txt,25-11-601,SRS,0X79B7,Belt Status,745,2026-05-25 19:58:00
Prod_Diagnostic_03.txt,25-11-601,HVAC,0XC4AD,Cabin Temp,539,2026-05-11 21:30:00
Prod_Diagnostic_03.txt,25-11-601,HVAC,0XC4AD,Blower Speed,386,2026-05-11 21:30:00
Prod_Diagnostic_03.txt,25-11-601,HVAC,0XC4AD,Evap Temp,322,2026-05-11 21:30:00
Prod_Diagnostic_03.txt,25-11-601,HVAC,0XC4AD,Ambient Temp,980,2026-05-11 21:30:00
Prod_Diagnostic_03.txt,25-11-601,HVAC,0XC4AD,AC Pressure,178,2026-05-11 21:30:00
Prod_Diagnostic_03.txt,25-11-601,HVAC,0XF980,Cabin Temp,659,2026-05-22 23:43:00
Prod_Diagnostic_03.txt,25-11-601,HVAC,0XF980,Blower Speed,823,2026-05-22 23:43:00
Prod_Diagnostic_03.txt,25-11-601,HVAC,0XF980,Evap Temp,710,2026-05-22 23:43:00
Prod_Diagnostic_03.txt,25-11-601,HVAC,0XF980,Ambient Temp,271,2026-05-22 23:43:00
Prod_Diagnostic_03.txt,25-11-601,HVAC,0XF980,AC Pressure,625,2026-05-22 23:43:00
Prod_Diagnostic_03.txt,25-11-601,HVAC,0X4138,Cabin Temp,296,2026-05-08 09:49:00
Prod_Diagnostic_03.txt,25-11-601,HVAC,0X4138,Blower Speed,722,2026-05-08 09:49:00
Prod_Diagnostic_03.txt,25-11-601,HVAC,0X4138,Evap Temp,213,2026-05-08 09:49:00
Prod_Diagnostic_03.txt,25-11-601,HVAC,0X4138,Ambient Temp,707,2026-05-08 09:49:00
Prod_Diagnostic_03.txt,25-11-601,HVAC,0X4138,AC Pressure,722,2026-05-08 09:49:00
Prod_Diagnostic_03.txt,25-11-601,HVAC,0X6129,Cabin Temp,693,2026-05-10 03:36:00
Prod_Diagnostic_03.txt,25-11-601,HVAC,0X6129,Blower Speed,557,2026-05-10 03:36:00
Prod_Diagnostic_03.txt,25-11-601,HVAC,0X6129,Evap Temp,389,2026-05-10 03:36:00
Prod_Diagnostic_03.txt,25-11-601,HVAC,0X6129,Ambient Temp,918,2026-05-10 03:36:00
Prod_Diagnostic_03.txt,25-11-601,HVAC,0X6129,AC Pressure,405,2026-05-10 03:36:00
Prod_Diagnostic_03.txt,25-11-601,HVAC,0XD5E7,Cabin Temp,947,2026-05-23 02:22:00
Prod_Diagnostic_03.txt,25-11-601,HVAC,0XD5E7,Blower Speed,453,2026-05-23 02:22:00
Prod_Diagnostic_03.txt,25-11-601,HVAC,0XD5E7,Evap Temp,672,2026-05-23 02:22:00
Prod_Diagnostic_03.txt,25-11-601,HVAC,0XD5E7,Ambient Temp,263,2026-05-23 02:22:00
Prod_Diagnostic_03.txt,25-11-601,HVAC,0XD5E7,AC Pressure,766,2026-05-23 02:22:00
Prod_Diagnostic_03.txt,25-11-601,ADAS,0X46C7,CPU Load,112,2026-05-23 08:08:00
Prod_Diagnostic_03.txt,25-11-601,ADAS,0X46C7,Lane State,631,2026-05-23 08:08:00
Prod_Diagnostic_03.txt,25-11-601,ADAS,0X46C7,Object Count,759,2026-05-23 08:08:00
Prod_Diagnostic_03.txt,25-11-601,ADAS,0X46C7,Voltage,601,2026-05-23 08:08:00
Prod_Diagnostic_03.txt,25-11-601,ADAS,0X46C7,Speed,246,2026-05-23 08:08:00
Prod_Diagnostic_03.txt,25-11-601,ADAS,0X1CFE,CPU Load,339,2026-05-02 03:26:00
Prod_Diagnostic_03.txt,25-11-601,ADAS,0X1CFE,Lane State,735,2026-05-02 03:26:00
Prod_Diagnostic_03.txt,25-11-601,ADAS,0X1CFE,Object Count,484,2026-05-02 03:26:00
Prod_Diagnostic_03.txt,25-11-601,ADAS,0X1CFE,Voltage,103,2026-05-02 03:26:00
Prod_Diagnostic_03.txt,25-11-601,ADAS,0X1CFE,Speed,698,2026-05-02 03:26:00
Prod_Diagnostic_03.txt,25-11-601,ADAS,0X1153,CPU Load,775,2026-05-16 20:12:00
Prod_Diagnostic_03.txt,25-11-601,ADAS,0X1153,Lane State,988,2026-05-16 20:12:00
Prod_Diagnostic_03.txt,25-11-601,ADAS,0X1153,Object Count,295,2026-05-16 20:12:00
Prod_Diagnostic_03.txt,25-11-601,ADAS,0X1153,Voltage,329,2026-05-16 20:12:00
Prod_Diagnostic_03.txt,25-11-601,ADAS,0X1153,Speed,293,2026-05-16 20:12:00
Prod_Diagnostic_03.txt,25-11-601,ADAS,0XF86E,CPU Load,871,2026-05-18 23:46:00
Prod_Diagnostic_03.txt,25-11-601,ADAS,0XF86E,Lane State,960,2026-05-18 23:46:00
Prod_Diagnostic_03.txt,25-11-601,ADAS,0XF86E,Object Count,39,2026-05-18 23:46:00
Prod_Diagnostic_03.txt,25-11-601,ADAS,0XF86E,Voltage,936,2026-05-18 23:46:00
Prod_Diagnostic_03.txt,25-11-601,ADAS,0XF86E,Speed,944,2026-05-18 23:46:00
Prod_Diagnostic_03.txt,25-11-601,ADAS,0X7AFA,CPU Load,949,2026-05-06 23:55:00
Prod_Diagnostic_03.txt,25-11-601,ADAS,0X7AFA,Lane State,297,2026-05-06 23:55:00
Prod_Diagnostic_03.txt,25-11-601,ADAS,0X7AFA,Object Count,898,2026-05-06 23:55:00
Prod_Diagnostic_03.txt,25-11-601,ADAS,0X7AFA,Voltage,39,2026-05-06 23:55:00
Prod_Diagnostic_03.txt,25-11-601,ADAS,0X7AFA,Speed,10,2026-05-06 23:55:00
Prod_Diagnostic_03.txt,25-11-601,EPS,0XA165,Steering Angle,537,2026-05-15 20:34:00
Prod_Diagnostic_03.txt,25-11-601,EPS,0XA165,Driver Torque,506,2026-05-15 20:34:00
Prod_Diagnostic_03.txt,25-11-601,EPS,0XA165,Motor Current,911,2026-05-15 20:34:00
Prod_Diagnostic_03.txt,25-11-601,EPS,0XA165,Supply Voltage,962,2026-05-15 20:34:00
Prod_Diagnostic_03.txt,25-11-601,EPS,0XA165,Speed,138,2026-05-15 20:34:00
Prod_Diagnostic_03.txt,25-11-601,EPS,0X87D0,Steering Angle,664,2026-05-06 23:29:00
Prod_Diagnostic_03.txt,25-11-601,EPS,0X87D0,Driver Torque,264,2026-05-06 23:29:00
Prod_Diagnostic_03.txt,25-11-601,EPS,0X87D0,Motor Current,736,2026-05-06 23:29:00
Prod_Diagnostic_03.txt,25-11-601,EPS,0X87D0,Supply Voltage,191,2026-05-06 23:29:00
Prod_Diagnostic_03.txt,25-11-601,EPS,0X87D0,Speed,15,2026-05-06 23:29:00
Prod_Diagnostic_03.txt,25-11-601,EPS,0XDA6F,Steering Angle,416,2026-05-20 20:57:00
Prod_Diagnostic_03.txt,25-11-601,EPS,0XDA6F,Driver Torque,847,2026-05-20 20:57:00
Prod_Diagnostic_03.txt,25-11-601,EPS,0XDA6F,Motor Current,438,2026-05-20 20:57:00
Prod_Diagnostic_03.txt,25-11-601,EPS,0XDA6F,Supply Voltage,528,2026-05-20 20:57:00
Prod_Diagnostic_03.txt,25-11-601,EPS,0XDA6F,Speed,336,2026-05-20 20:57:00
Prod_Diagnostic_03.txt,25-11-601,EPS,0X769D,Steering Angle,255,2026-05-16 10:59:00
Prod_Diagnostic_03.txt,25-11-601,EPS,0X769D,Driver Torque,7,2026-05-16 10:59:00
Prod_Diagnostic_03.txt,25-11-601,EPS,0X769D,Motor Current,268,2026-05-16 10:59:00
Prod_Diagnostic_03.txt,25-11-601,EPS,0X769D,Supply Voltage,393,2026-05-16 10:59:00
Prod_Diagnostic_03.txt,25-11-601,EPS,0X769D,Speed,242,2026-05-16 10:59:00
Prod_Diagnostic_03.txt,25-11-601,EPS,0XD0F6,Steering Angle,268,2026-05-24 18:00:00
Prod_Diagnostic_03.txt,25-11-601,EPS,0XD0F6,Driver Torque,670,2026-05-24 18:00:00
Prod_Diagnostic_03.txt,25-11-601,EPS,0XD0F6,Motor Current,369,2026-05-24 18:00:00
Prod_Diagnostic_03.txt,25-11-601,EPS,0XD0F6,Supply Voltage,710,2026-05-24 18:00:00
Prod_Diagnostic_03.txt,25-11-601,EPS,0XD0F6,Speed,242,2026-05-24 18:00:00
Prod_Diagnostic_04.txt,24-07-510,ABS,0X4CA5,Wheel FL,63,2026-05-14 09:17:00
Prod_Diagnostic_04.txt,24-07-510,ABS,0X4CA5,Wheel FR,571,2026-05-14 09:17:00
Prod_Diagnostic_04.txt,24-07-510,ABS,0X4CA5,Brake Pressure,972,2026-05-14 09:17:00
Prod_Diagnostic_04.txt,24-07-510,ABS,0X4CA5,Yaw Rate,606,2026-05-14 09:17:00
Prod_Diagnostic_04.txt,24-07-510,ABS,0X4CA5,Vehicle Speed,901,2026-05-14 09:17:00
Prod_Diagnostic_04.txt,24-07-510,ABS,0XB041,Wheel FL,688,2026-05-02 11:41:00
Prod_Diagnostic_04.txt,24-07-510,ABS,0XB041,Wheel FR,391,2026-05-02 11:41:00
Prod_Diagnostic_04.txt,24-07-510,ABS,0XB041,Brake Pressure,805,2026-05-02 11:41:00
Prod_Diagnostic_04.txt,24-07-510,ABS,0XB041,Yaw Rate,538,2026-05-02 11:41:00
Prod_Diagnostic_04.txt,24-07-510,ABS,0XB041,Vehicle Speed,327,2026-05-02 11:41:00
Prod_Diagnostic_04.txt,24-07-510,ABS,0X7883,Wheel FL,247,2026-05-25 17:30:00
Prod_Diagnostic_04.txt,24-07-510,ABS,0X7883,Wheel FR,870,2026-05-25 17:30:00
Prod_Diagnostic_04.txt,24-07-510,ABS,0X7883,Brake Pressure,231,2026-05-25 17:30:00
Prod_Diagnostic_04.txt,24-07-510,ABS,0X7883,Yaw Rate,308,2026-05-25 17:30:00
Prod_Diagnostic_04.txt,24-07-510,ABS,0X7883,Vehicle Speed,879,2026-05-25 17:30:00
Prod_Diagnostic_04.txt,24-07-510,ABS,0XDE47,Wheel FL,138,2026-05-14 17:33:00
Prod_Diagnostic_04.txt,24-07-510,ABS,0XDE47,Wheel FR,398,2026-05-14 17:33:00
Prod_Diagnostic_04.txt,24-07-510,ABS,0XDE47,Brake Pressure,249,2026-05-14 17:33:00
Prod_Diagnostic_04.txt,24-07-510,ABS,0XDE47,Yaw Rate,262,2026-05-14 17:33:00
Prod_Diagnostic_04.txt,24-07-510,ABS,0XDE47,Vehicle Speed,209,2026-05-14 17:33:00
Prod_Diagnostic_04.txt,24-07-510,ABS,0XB58E,Wheel FL,196,2026-05-18 23:53:00
Prod_Diagnostic_04.txt,24-07-510,ABS,0XB58E,Wheel FR,53,2026-05-18 23:53:00
Prod_Diagnostic_04.txt,24-07-510,ABS,0XB58E,Brake Pressure,275,2026-05-18 23:53:00
Prod_Diagnostic_04.txt,24-07-510,ABS,0XB58E,Yaw Rate,387,2026-05-18 23:53:00
Prod_Diagnostic_04.txt,24-07-510,ABS,0XB58E,Vehicle Speed,690,2026-05-18 23:53:00
Prod_Diagnostic_04.txt,24-07-510,SRS,0XAA59,Vehicle Speed,223,2026-05-24 21:35:00
Prod_Diagnostic_04.txt,24-07-510,SRS,0XAA59,Seat Occupancy,491,2026-05-24 21:35:00
Prod_Diagnostic_04.txt,24-07-510,SRS,0XAA59,Crash Counter,214,2026-05-24 21:35:00
Prod_Diagnostic_04.txt,24-07-510,SRS,0XAA59,Supply Voltage,891,2026-05-24 21:35:00
Prod_Diagnostic_04.txt,24-07-510,SRS,0XAA59,Belt Status,929,2026-05-24 21:35:00
Prod_Diagnostic_04.txt,24-07-510,SRS,0X5D9D,Vehicle Speed,249,2026-05-24 15:58:00
Prod_Diagnostic_04.txt,24-07-510,SRS,0X5D9D,Seat Occupancy,713,2026-05-24 15:58:00
Prod_Diagnostic_04.txt,24-07-510,SRS,0X5D9D,Crash Counter,619,2026-05-24 15:58:00
Prod_Diagnostic_04.txt,24-07-510,SRS,0X5D9D,Supply Voltage,721,2026-05-24 15:58:00
Prod_Diagnostic_04.txt,24-07-510,SRS,0X5D9D,Belt Status,210,2026-05-24 15:58:00
Prod_Diagnostic_04.txt,24-07-510,SRS,0XFA45,Vehicle Speed,665,2026-05-13 14:34:00
Prod_Diagnostic_04.txt,24-07-510,SRS,0XFA45,Seat Occupancy,368,2026-05-13 14:34:00
Prod_Diagnostic_04.txt,24-07-510,SRS,0XFA45,Crash Counter,316,2026-05-13 14:34:00
Prod_Diagnostic_04.txt,24-07-510,SRS,0XFA45,Supply Voltage,268,2026-05-13 14:34:00
Prod_Diagnostic_04.txt,24-07-510,SRS,0XFA45,Belt Status,369,2026-05-13 14:34:00
Prod_Diagnostic_04.txt,24-07-510,SRS,0XF1FF,Vehicle Speed,209,2026-05-25 10:58:00
Prod_Diagnostic_04.txt,24-07-510,SRS,0XF1FF,Seat Occupancy,380,2026-05-25 10:58:00
Prod_Diagnostic_04.txt,24-07-510,SRS,0XF1FF,Crash Counter,321,2026-05-25 10:58:00
Prod_Diagnostic_04.txt,24-07-510,SRS,0XF1FF,Supply Voltage,424,2026-05-25 10:58:00
Prod_Diagnostic_04.txt,24-07-510,SRS,0XF1FF,Belt Status,47,2026-05-25 10:58:00
Prod_Diagnostic_04.txt,24-07-510,SRS,0XED34,Vehicle Speed,599,2026-05-09 17:59:00
Prod_Diagnostic_04.txt,24-07-510,SRS,0XED34,Seat Occupancy,594,2026-05-09 17:59:00
Prod_Diagnostic_04.txt,24-07-510,SRS,0XED34,Crash Counter,738,2026-05-09 17:59:00
Prod_Diagnostic_04.txt,24-07-510,SRS,0XED34,Supply Voltage,428,2026-05-09 17:59:00
Prod_Diagnostic_04.txt,24-07-510,SRS,0XED34,Belt Status,303,2026-05-09 17:59:00
Prod_Diagnostic_04.txt,24-07-510,OBC,0X4239,AC Voltage,564,2026-05-27 07:31:00
Prod_Diagnostic_04.txt,24-07-510,OBC,0X4239,Charge Current,671,2026-05-27 07:31:00
Prod_Diagnostic_04.txt,24-07-510,OBC,0X4239,Battery Temp,967,2026-05-27 07:31:00
Prod_Diagnostic_04.txt,24-07-510,OBC,0X4239,SOC,702,2026-05-27 07:31:00
Prod_Diagnostic_04.txt,24-07-510,OBC,0X4239,Input Freq,346,2026-05-27 07:31:00
Prod_Diagnostic_04.txt,24-07-510,OBC,0XD36B,AC Voltage,815,2026-05-15 05:46:00
Prod_Diagnostic_04.txt,24-07-510,OBC,0XD36B,Charge Current,361,2026-05-15 05:46:00
Prod_Diagnostic_04.txt,24-07-510,OBC,0XD36B,Battery Temp,174,2026-05-15 05:46:00
Prod_Diagnostic_04.txt,24-07-510,OBC,0XD36B,SOC,144,2026-05-15 05:46:00
Prod_Diagnostic_04.txt,24-07-510,OBC,0XD36B,Input Freq,738,2026-05-15 05:46:00
Prod_Diagnostic_04.txt,24-07-510,OBC,0X8D02,AC Voltage,868,2026-05-17 01:53:00
Prod_Diagnostic_04.txt,24-07-510,OBC,0X8D02,Charge Current,77,2026-05-17 01:53:00
Prod_Diagnostic_04.txt,24-07-510,OBC,0X8D02,Battery Temp,968,2026-05-17 01:53:00
Prod_Diagnostic_04.txt,24-07-510,OBC,0X8D02,SOC,838,2026-05-17 01:53:00
Prod_Diagnostic_04.txt,24-07-510,OBC,0X8D02,Input Freq,685,2026-05-17 01:53:00
Prod_Diagnostic_04.txt,24-07-510,OBC,0XD3AB,AC Voltage,10,2026-05-03 22:09:00
Prod_Diagnostic_04.txt,24-07-510,OBC,0XD3AB,Charge Current,224,2026-05-03 22:09:00
Prod_Diagnostic_04.txt,24-07-510,OBC,0XD3AB,Battery Temp,518,2026-05-03 22:09:00
Prod_Diagnostic_04.txt,24-07-510,OBC,0XD3AB,SOC,467,2026-05-03 22:09:00
Prod_Diagnostic_04.txt,24-07-510,OBC,0XD3AB,Input Freq,383,2026-05-03 22:09:00
Prod_Diagnostic_04.txt,24-07-510,OBC,0XAE2A,AC Voltage,7,2026-05-22 15:01:00
Prod_Diagnostic_04.txt,24-07-510,OBC,0XAE2A,Charge Current,545,2026-05-22 15:01:00
Prod_Diagnostic_04.txt,24-07-510,OBC,0XAE2A,Battery Temp,565,2026-05-22 15:01:00
Prod_Diagnostic_04.txt,24-07-510,OBC,0XAE2A,SOC,422,2026-05-22 15:01:00
Prod_Diagnostic_04.txt,24-07-510,OBC,0XAE2A,Input Freq,13,2026-05-22 15:01:00
Prod_Diagnostic_04.txt,24-07-510,ADAS,0X9787,CPU Load,715,2026-05-01 16:52:00
Prod_Diagnostic_04.txt,24-07-510,ADAS,0X9787,Lane State,691,2026-05-01 16:52:00
Prod_Diagnostic_04.txt,24-07-510,ADAS,0X9787,Object Count,441,2026-05-01 16:52:00
Prod_Diagnostic_04.txt,24-07-510,ADAS,0X9787,Voltage,826,2026-05-01 16:52:00
Prod_Diagnostic_04.txt,24-07-510,ADAS,0X9787,Speed,963,2026-05-01 16:52:00
Prod_Diagnostic_04.txt,24-07-510,ADAS,0X2B65,CPU Load,259,2026-05-07 19:33:00
Prod_Diagnostic_04.txt,24-07-510,ADAS,0X2B65,Lane State,835,2026-05-07 19:33:00
Prod_Diagnostic_04.txt,24-07-510,ADAS,0X2B65,Object Count,363,2026-05-07 19:33:00
Prod_Diagnostic_04.txt,24-07-510,ADAS,0X2B65,Voltage,274,2026-05-07 19:33:00
Prod_Diagnostic_04.txt,24-07-510,ADAS,0X2B65,Speed,815,2026-05-07 19:33:00
Prod_Diagnostic_04.txt,24-07-510,ADAS,0X243A,CPU Load,308,2026-05-08 22:14:00
Prod_Diagnostic_04.txt,24-07-510,ADAS,0X243A,Lane State,701,2026-05-08 22:14:00
Prod_Diagnostic_04.txt,24-07-510,ADAS,0X243A,Object Count,848,2026-05-08 22:14:00
Prod_Diagnostic_04.txt,24-07-510,ADAS,0X243A,Voltage,869,2026-05-08 22:14:00
Prod_Diagnostic_04.txt,24-07-510,ADAS,0X243A,Speed,83,2026-05-08 22:14:00
Prod_Diagnostic_04.txt,24-07-510,ADAS,0X27EF,CPU Load,10,2026-05-16 01:40:00
Prod_Diagnostic_04.txt,24-07-510,ADAS,0X27EF,Lane State,720,2026-05-16 01:40:00
Prod_Diagnostic_04.txt,24-07-510,ADAS,0X27EF,Object Count,176,2026-05-16 01:40:00
Prod_Diagnostic_04.txt,24-07-510,ADAS,0X27EF,Voltage,85,2026-05-16 01:40:00
Prod_Diagnostic_04.txt,24-07-510,ADAS,0X27EF,Speed,512,2026-05-16 01:40:00
Prod_Diagnostic_04.txt,24-07-510,ADAS,0XB518,CPU Load,923,2026-05-02 07:13:00
Prod_Diagnostic_04.txt,24-07-510,ADAS,0XB518,Lane State,889,2026-05-02 07:13:00
Prod_Diagnostic_04.txt,24-07-510,ADAS,0XB518,Object Count,709,2026-05-02 07:13:00
Prod_Diagnostic_04.txt,24-07-510,ADAS,0XB518,Voltage,909,2026-05-02 07:13:00
Prod_Diagnostic_04.txt,24-07-510,ADAS,0XB518,Speed,581,2026-05-02 07:13:00
Prod_Diagnostic_04.txt,24-07-510,GW,0X5566,CAN Load,184,2026-05-19 21:02:00
Prod_Diagnostic_04.txt,24-07-510,GW,0X5566,Eth Status,952,2026-05-19 21:02:00
Prod_Diagnostic_04.txt,24-07-510,GW,0X5566,Voltage,871,2026-05-19 21:02:00
Prod_Diagnostic_04.txt,24-07-510,GW,0X5566,Bus Errors,323,2026-05-19 21:02:00
Prod_Diagnostic_04.txt,24-07-510,GW,0X5566,Ignition,17,2026-05-19 21:02:00
Prod_Diagnostic_04.txt,24-07-510,GW,0XA647,CAN Load,247,2026-05-10 05:36:00
Prod_Diagnostic_04.txt,24-07-510,GW,0XA647,Eth Status,581,2026-05-10 05:36:00
Prod_Diagnostic_04.txt,24-07-510,GW,0XA647,Voltage,855,2026-05-10 05:36:00
Prod_Diagnostic_04.txt,24-07-510,GW,0XA647,Bus Errors,870,2026-05-10 05:36:00
Prod_Diagnostic_04.txt,24-07-510,GW,0XA647,Ignition,399,2026-05-10 05:36:00
Prod_Diagnostic_04.txt,24-07-510,GW,0X64EC,CAN Load,55,2026-05-17 23:22:00
Prod_Diagnostic_04.txt,24-07-510,GW,0X64EC,Eth Status,101,2026-05-17 23:22:00
Prod_Diagnostic_04.txt,24-07-510,GW,0X64EC,Voltage,448,2026-05-17 23:22:00
Prod_Diagnostic_04.txt,24-07-510,GW,0X64EC,Bus Errors,238,2026-05-17 23:22:00
Prod_Diagnostic_04.txt,24-07-510,GW,0X64EC,Ignition,859,2026-05-17 23:22:00
Prod_Diagnostic_04.txt,24-07-510,GW,0X6731,CAN Load,650,2026-05-13 10:01:00
Prod_Diagnostic_04.txt,24-07-510,GW,0X6731,Eth Status,280,2026-05-13 10:01:00
Prod_Diagnostic_04.txt,24-07-510,GW,0X6731,Voltage,803,2026-05-13 10:01:00
Prod_Diagnostic_04.txt,24-07-510,GW,0X6731,Bus Errors,462,2026-05-13 10:01:00
Prod_Diagnostic_04.txt,24-07-510,GW,0X6731,Ignition,503,2026-05-13 10:01:00
Prod_Diagnostic_04.txt,24-07-510,GW,0X6B16,CAN Load,390,2026-05-22 18:42:00
Prod_Diagnostic_04.txt,24-07-510,GW,0X6B16,Eth Status,88,2026-05-22 18:42:00
Prod_Diagnostic_04.txt,24-07-510,GW,0X6B16,Voltage,791,2026-05-22 18:42:00
Prod_Diagnostic_04.txt,24-07-510,GW,0X6B16,Bus Errors,634,2026-05-22 18:42:00
Prod_Diagnostic_04.txt,24-07-510,GW,0X6B16,Ignition,303,2026-05-22 18:42:00
Prod_Diagnostic_04.txt,24-07-510,BMS,0XC68E,SOC,650,2026-05-13 22:50:00
Prod_Diagnostic_04.txt,24-07-510,BMS,0XC68E,SOH,158,2026-05-13 22:50:00
Prod_Diagnostic_04.txt,24-07-510,BMS,0XC68E,HV Voltage,758,2026-05-13 22:50:00
Prod_Diagnostic_04.txt,24-07-510,BMS,0XC68E,Cell Temp Max,399,2026-05-13 22:50:00
Prod_Diagnostic_04.txt,24-07-510,BMS,0XC68E,Cell Temp Min,325,2026-05-13 22:50:00
Prod_Diagnostic_04.txt,24-07-510,BMS,0X2B46,SOC,136,2026-05-12 08:06:00
Prod_Diagnostic_04.txt,24-07-510,BMS,0X2B46,SOH,90,2026-05-12 08:06:00
Prod_Diagnostic_04.txt,24-07-510,BMS,0X2B46,HV Voltage,192,2026-05-12 08:06:00
Prod_Diagnostic_04.txt,24-07-510,BMS,0X2B46,Cell Temp Max,442,2026-05-12 08:06:00
Prod_Diagnostic_04.txt,24-07-510,BMS,0X2B46,Cell Temp Min,460,2026-05-12 08:06:00
Prod_Diagnostic_04.txt,24-07-510,BMS,0X9E03,SOC,96,2026-05-03 11:35:00
Prod_Diagnostic_04.txt,24-07-510,BMS,0X9E03,SOH,612,2026-05-03 11:35:00
Prod_Diagnostic_04.txt,24-07-510,BMS,0X9E03,HV Voltage,613,2026-05-03 11:35:00
Prod_Diagnostic_04.txt,24-07-510,BMS,0X9E03,Cell Temp Max,804,2026-05-03 11:35:00
Prod_Diagnostic_04.txt,24-07-510,BMS,0X9E03,Cell Temp Min,333,2026-05-03 11:35:00
Prod_Diagnostic_04.txt,24-07-510,BMS,0X1328,SOC,249,2026-05-24 17:57:00
Prod_Diagnostic_04.txt,24-07-510,BMS,0X1328,SOH,586,2026-05-24 17:57:00
Prod_Diagnostic_04.txt,24-07-510,BMS,0X1328,HV Voltage,534,2026-05-24 17:57:00
Prod_Diagnostic_04.txt,24-07-510,BMS,0X1328,Cell Temp Max,174,2026-05-24 17:57:00
Prod_Diagnostic_04.txt,24-07-510,BMS,0X1328,Cell Temp Min,702,2026-05-24 17:57:00
Prod_Diagnostic_04.txt,24-07-510,BMS,0X3B64,SOC,172,2026-05-16 04:04:00
Prod_Diagnostic_04.txt,24-07-510,BMS,0X3B64,SOH,446,2026-05-16 04:04:00
Prod_Diagnostic_04.txt,24-07-510,BMS,0X3B64,HV Voltage,283,2026-05-16 04:04:00
Prod_Diagnostic_04.txt,24-07-510,BMS,0X3B64,Cell Temp Max,432,2026-05-16 04:04:00
Prod_Diagnostic_04.txt,24-07-510,BMS,0X3B64,Cell Temp Min,307,2026-05-16 04:04:00
Prod_Diagnostic_04.txt,24-07-510,HVAC,0XD85C,Cabin Temp,609,2026-05-24 20:31:00
Prod_Diagnostic_04.txt,24-07-510,HVAC,0XD85C,Blower Speed,632,2026-05-24 20:31:00
Prod_Diagnostic_04.txt,24-07-510,HVAC,0XD85C,Evap Temp,201,2026-05-24 20:31:00
Prod_Diagnostic_04.txt,24-07-510,HVAC,0XD85C,Ambient Temp,469,2026-05-24 20:31:00
Prod_Diagnostic_04.txt,24-07-510,HVAC,0XD85C,AC Pressure,110,2026-05-24 20:31:00
Prod_Diagnostic_04.txt,24-07-510,HVAC,0X5DFE,Cabin Temp,343,2026-05-13 10:28:00
Prod_Diagnostic_04.txt,24-07-510,HVAC,0X5DFE,Blower Speed,441,2026-05-13 10:28:00
Prod_Diagnostic_04.txt,24-07-510,HVAC,0X5DFE,Evap Temp,836,2026-05-13 10:28:00
Prod_Diagnostic_04.txt,24-07-510,HVAC,0X5DFE,Ambient Temp,844,2026-05-13 10:28:00
Prod_Diagnostic_04.txt,24-07-510,HVAC,0X5DFE,AC Pressure,881,2026-05-13 10:28:00
Prod_Diagnostic_04.txt,24-07-510,HVAC,0X32D9,Cabin Temp,988,2026-05-16 10:11:00
Prod_Diagnostic_04.txt,24-07-510,HVAC,0X32D9,Blower Speed,408,2026-05-16 10:11:00
Prod_Diagnostic_04.txt,24-07-510,HVAC,0X32D9,Evap Temp,992,2026-05-16 10:11:00
Prod_Diagnostic_04.txt,24-07-510,HVAC,0X32D9,Ambient Temp,327,2026-05-16 10:11:00
Prod_Diagnostic_04.txt,24-07-510,HVAC,0X32D9,AC Pressure,299,2026-05-16 10:11:00
Prod_Diagnostic_04.txt,24-07-510,HVAC,0XA36C,Cabin Temp,117,2026-05-27 12:23:00
Prod_Diagnostic_04.txt,24-07-510,HVAC,0XA36C,Blower Speed,955,2026-05-27 12:23:00
Prod_Diagnostic_04.txt,24-07-510,HVAC,0XA36C,Evap Temp,578,2026-05-27 12:23:00
Prod_Diagnostic_04.txt,24-07-510,HVAC,0XA36C,Ambient Temp,205,2026-05-27 12:23:00
Prod_Diagnostic_04.txt,24-07-510,HVAC,0XA36C,AC Pressure,607,2026-05-27 12:23:00
Prod_Diagnostic_04.txt,24-07-510,HVAC,0X3E0F,Cabin Temp,215,2026-05-24 14:45:00
Prod_Diagnostic_04.txt,24-07-510,HVAC,0X3E0F,Blower Speed,449,2026-05-24 14:45:00
Prod_Diagnostic_04.txt,24-07-510,HVAC,0X3E0F,Evap Temp,817,2026-05-24 14:45:00
Prod_Diagnostic_04.txt,24-07-510,HVAC,0X3E0F,Ambient Temp,299,2026-05-24 14:45:00
Prod_Diagnostic_04.txt,24-07-510,HVAC,0X3E0F,AC Pressure,852,2026-05-24 14:45:00
Prod_Diagnostic_04.txt,24-07-510,TCU,0XE1A7,RSSI,259,2026-05-21 09:15:00
Prod_Diagnostic_04.txt,24-07-510,TCU,0XE1A7,GPS Status,675,2026-05-21 09:15:00
Prod_Diagnostic_04.txt,24-07-510,TCU,0XE1A7,Network Type,158,2026-05-21 09:15:00
Prod_Diagnostic_04.txt,24-07-510,TCU,0XE1A7,Speed,733,2026-05-21 09:15:00
Prod_Diagnostic_04.txt,24-07-510,TCU,0XE1A7,Voltage,434,2026-05-21 09:15:00
Prod_Diagnostic_04.txt,24-07-510,TCU,0X22EF,RSSI,946,2026-05-13 17:32:00
Prod_Diagnostic_04.txt,24-07-510,TCU,0X22EF,GPS Status,943,2026-05-13 17:32:00
Prod_Diagnostic_04.txt,24-07-510,TCU,0X22EF,Network Type,891,2026-05-13 17:32:00
Prod_Diagnostic_04.txt,24-07-510,TCU,0X22EF,Speed,709,2026-05-13 17:32:00
Prod_Diagnostic_04.txt,24-07-510,TCU,0X22EF,Voltage,429,2026-05-13 17:32:00
Prod_Diagnostic_04.txt,24-07-510,TCU,0X1969,RSSI,788,2026-05-21 02:06:00
Prod_Diagnostic_04.txt,24-07-510,TCU,0X1969,GPS Status,255,2026-05-21 02:06:00
Prod_Diagnostic_04.txt,24-07-510,TCU,0X1969,Network Type,674,2026-05-21 02:06:00
Prod_Diagnostic_04.txt,24-07-510,TCU,0X1969,Speed,681,2026-05-21 02:06:00
Prod_Diagnostic_04.txt,24-07-510,TCU,0X1969,Voltage,364,2026-05-21 02:06:00
Prod_Diagnostic_04.txt,24-07-510,TCU,0XB5A1,RSSI,441,2026-05-25 10:50:00
Prod_Diagnostic_04.txt,24-07-510,TCU,0XB5A1,GPS Status,109,2026-05-25 10:50:00
Prod_Diagnostic_04.txt,24-07-510,TCU,0XB5A1,Network Type,11,2026-05-25 10:50:00
Prod_Diagnostic_04.txt,24-07-510,TCU,0XB5A1,Speed,101,2026-05-25 10:50:00
Prod_Diagnostic_04.txt,24-07-510,TCU,0XB5A1,Voltage,265,2026-05-25 10:50:00
Prod_Diagnostic_04.txt,24-07-510,TCU,0X92BB,RSSI,457,2026-05-23 18:14:00
Prod_Diagnostic_04.txt,24-07-510,TCU,0X92BB,GPS Status,384,2026-05-23 18:14:00
Prod_Diagnostic_04.txt,24-07-510,TCU,0X92BB,Network Type,401,2026-05-23 18:14:00
Prod_Diagnostic_04.txt,24-07-510,TCU,0X92BB,Speed,475,2026-05-23 18:14:00
Prod_Diagnostic_04.txt,24-07-510,TCU,0X92BB,Voltage,791,2026-05-23 18:14:00
Prod_Diagnostic_04.txt,24-07-510,EPS,0XC0C0,Steering Angle,426,2026-05-16 03:18:00
Prod_Diagnostic_04.txt,24-07-510,EPS,0XC0C0,Driver Torque,943,2026-05-16 03:18:00
Prod_Diagnostic_04.txt,24-07-510,EPS,0XC0C0,Motor Current,985,2026-05-16 03:18:00
Prod_Diagnostic_04.txt,24-07-510,EPS,0XC0C0,Supply Voltage,88,2026-05-16 03:18:00
Prod_Diagnostic_04.txt,24-07-510,EPS,0XC0C0,Speed,119,2026-05-16 03:18:00
Prod_Diagnostic_04.txt,24-07-510,EPS,0X692C,Steering Angle,488,2026-05-17 15:22:00
Prod_Diagnostic_04.txt,24-07-510,EPS,0X692C,Driver Torque,100,2026-05-17 15:22:00
Prod_Diagnostic_04.txt,24-07-510,EPS,0X692C,Motor Current,449,2026-05-17 15:22:00
Prod_Diagnostic_04.txt,24-07-510,EPS,0X692C,Supply Voltage,740,2026-05-17 15:22:00
Prod_Diagnostic_04.txt,24-07-510,EPS,0X692C,Speed,714,2026-05-17 15:22:00
Prod_Diagnostic_04.txt,24-07-510,EPS,0X61A4,Steering Angle,112,2026-05-01 10:41:00
Prod_Diagnostic_04.txt,24-07-510,EPS,0X61A4,Driver Torque,694,2026-05-01 10:41:00
Prod_Diagnostic_04.txt,24-07-510,EPS,0X61A4,Motor Current,820,2026-05-01 10:41:00
Prod_Diagnostic_04.txt,24-07-510,EPS,0X61A4,Supply Voltage,169,2026-05-01 10:41:00
Prod_Diagnostic_04.txt,24-07-510,EPS,0X61A4,Speed,953,2026-05-01 10:41:00
Prod_Diagnostic_04.txt,24-07-510,EPS,0X9418,Steering Angle,238,2026-05-18 13:29:00
Prod_Diagnostic_04.txt,24-07-510,EPS,0X9418,Driver Torque,817,2026-05-18 13:29:00
Prod_Diagnostic_04.txt,24-07-510,EPS,0X9418,Motor Current,415,2026-05-18 13:29:00
Prod_Diagnostic_04.txt,24-07-510,EPS,0X9418,Supply Voltage,645,2026-05-18 13:29:00
Prod_Diagnostic_04.txt,24-07-510,EPS,0X9418,Speed,189,2026-05-18 13:29:00
Prod_Diagnostic_04.txt,24-07-510,EPS,0XB3F6,Steering Angle,203,2026-05-24 19:56:00
Prod_Diagnostic_04.txt,24-07-510,EPS,0XB3F6,Driver Torque,461,2026-05-24 19:56:00
Prod_Diagnostic_04.txt,24-07-510,EPS,0XB3F6,Motor Current,607,2026-05-24 19:56:00
Prod_Diagnostic_04.txt,24-07-510,EPS,0XB3F6,Supply Voltage,440,2026-05-24 19:56:00
Prod_Diagnostic_04.txt,24-07-510,EPS,0XB3F6,Speed,399,2026-05-24 19:56:00
Prod_Diagnostic_04.txt,24-07-510,BCM,0XC469,Battery Voltage,893,2026-05-19 03:51:00
Prod_Diagnostic_04.txt,24-07-510,BCM,0XC469,Door Status,550,2026-05-19 03:51:00
Prod_Diagnostic_04.txt,24-07-510,BCM,0XC469,Lock State,192,2026-05-19 03:51:00
Prod_Diagnostic_04.txt,24-07-510,BCM,0XC469,Ignition,375,2026-05-19 03:51:00
Prod_Diagnostic_04.txt,24-07-510,BCM,0XC469,Window Pos,334,2026-05-19 03:51:00
Prod_Diagnostic_04.txt,24-07-510,BCM,0X8522,Battery Voltage,398,2026-05-21 10:38:00
Prod_Diagnostic_04.txt,24-07-510,BCM,0X8522,Door Status,626,2026-05-21 10:38:00
Prod_Diagnostic_04.txt,24-07-510,BCM,0X8522,Lock State,402,2026-05-21 10:38:00
Prod_Diagnostic_04.txt,24-07-510,BCM,0X8522,Ignition,602,2026-05-21 10:38:00
Prod_Diagnostic_04.txt,24-07-510,BCM,0X8522,Window Pos,117,2026-05-21 10:38:00
Prod_Diagnostic_04.txt,24-07-510,BCM,0X6A1B,Battery Voltage,689,2026-05-20 18:05:00
Prod_Diagnostic_04.txt,24-07-510,BCM,0X6A1B,Door Status,138,2026-05-20 18:05:00
Prod_Diagnostic_04.txt,24-07-510,BCM,0X6A1B,Lock State,321,2026-05-20 18:05:00
Prod_Diagnostic_04.txt,24-07-510,BCM,0X6A1B,Ignition,121,2026-05-20 18:05:00
Prod_Diagnostic_04.txt,24-07-510,BCM,0X6A1B,Window Pos,245,2026-05-20 18:05:00
Prod_Diagnostic_04.txt,24-07-510,BCM,0X2DF0,Battery Voltage,142,2026-05-13 13:38:00
Prod_Diagnostic_04.txt,24-07-510,BCM,0X2DF0,Door Status,589,2026-05-13 13:38:00
Prod_Diagnostic_04.txt,24-07-510,BCM,0X2DF0,Lock State,393,2026-05-13 13:38:00
Prod_Diagnostic_04.txt,24-07-510,BCM,0X2DF0,Ignition,434,2026-05-13 13:38:00
Prod_Diagnostic_04.txt,24-07-510,BCM,0X2DF0,Window Pos,191,2026-05-13 13:38:00
Prod_Diagnostic_04.txt,24-07-510,BCM,0XB2B0,Battery Voltage,296,2026-05-18 05:31:00
Prod_Diagnostic_04.txt,24-07-510,BCM,0XB2B0,Door Status,144,2026-05-18 05:31:00
Prod_Diagnostic_04.txt,24-07-510,BCM,0XB2B0,Lock State,192,2026-05-18 05:31:00
Prod_Diagnostic_04.txt,24-07-510,BCM,0XB2B0,Ignition,323,2026-05-18 05:31:00
Prod_Diagnostic_04.txt,24-07-510,BCM,0XB2B0,Window Pos,863,2026-05-18 05:31:00
Prod_Diagnostic_04.txt,24-07-510,TCM,0XAE91,Gear,394,2026-05-05 06:52:00
Prod_Diagnostic_04.txt,24-07-510,TCM,0XAE91,Oil Temp,987,2026-05-05 06:52:00
Prod_Diagnostic_04.txt,24-07-510,TCM,0XAE91,Turbine Speed,576,2026-05-05 06:52:00
Prod_Diagnostic_04.txt,24-07-510,TCM,0XAE91,Clutch Pressure,518,2026-05-05 06:52:00
Prod_Diagnostic_04.txt,24-07-510,TCM,0XAE91,Output Speed,669,2026-05-05 06:52:00
Prod_Diagnostic_04.txt,24-07-510,TCM,0X78BD,Gear,579,2026-05-16 05:05:00
Prod_Diagnostic_04.txt,24-07-510,TCM,0X78BD,Oil Temp,32,2026-05-16 05:05:00
Prod_Diagnostic_04.txt,24-07-510,TCM,0X78BD,Turbine Speed,815,2026-05-16 05:05:00
Prod_Diagnostic_04.txt,24-07-510,TCM,0X78BD,Clutch Pressure,780,2026-05-16 05:05:00
Prod_Diagnostic_04.txt,24-07-510,TCM,0X78BD,Output Speed,226,2026-05-16 05:05:00
Prod_Diagnostic_04.txt,24-07-510,TCM,0X185E,Gear,761,2026-05-06 14:36:00
Prod_Diagnostic_04.txt,24-07-510,TCM,0X185E,Oil Temp,792,2026-05-06 14:36:00
Prod_Diagnostic_04.txt,24-07-510,TCM,0X185E,Turbine Speed,785,2026-05-06 14:36:00
Prod_Diagnostic_04.txt,24-07-510,TCM,0X185E,Clutch Pressure,508,2026-05-06 14:36:00
Prod_Diagnostic_04.txt,24-07-510,TCM,0X185E,Output Speed,563,2026-05-06 14:36:00
Prod_Diagnostic_04.txt,24-07-510,TCM,0X2CFB,Gear,843,2026-05-27 11:34:00
Prod_Diagnostic_04.txt,24-07-510,TCM,0X2CFB,Oil Temp,775,2026-05-27 11:34:00
Prod_Diagnostic_04.txt,24-07-510,TCM,0X2CFB,Turbine Speed,43,2026-05-27 11:34:00
Prod_Diagnostic_04.txt,24-07-510,TCM,0X2CFB,Clutch Pressure,779,2026-05-27 11:34:00
Prod_Diagnostic_04.txt,24-07-510,TCM,0X2CFB,Output Speed,737,2026-05-27 11:34:00
Prod_Diagnostic_04.txt,24-07-510,TCM,0X9BDD,Gear,270,2026-05-10 01:28:00
Prod_Diagnostic_04.txt,24-07-510,TCM,0X9BDD,Oil Temp,357,2026-05-10 01:28:00
Prod_Diagnostic_04.txt,24-07-510,TCM,0X9BDD,Turbine Speed,883,2026-05-10 01:28:00
Prod_Diagnostic_04.txt,24-07-510,TCM,0X9BDD,Clutch Pressure,837,2026-05-10 01:28:00
Prod_Diagnostic_04.txt,24-07-510,TCM,0X9BDD,Output Speed,90,2026-05-10 01:28:00
Prod_Diagnostic_04.txt,24-07-510,ECM,0XED83,RPM,706,2026-05-26 23:37:00
Prod_Diagnostic_04.txt,24-07-510,ECM,0XED83,Coolant Temp,360,2026-05-26 23:37:00
Prod_Diagnostic_04.txt,24-07-510,ECM,0XED83,Fuel Pressure,882,2026-05-26 23:37:00
Prod_Diagnostic_04.txt,24-07-510,ECM,0XED83,Boost Pressure,728,2026-05-26 23:37:00
Prod_Diagnostic_04.txt,24-07-510,ECM,0XED83,Engine Load,625,2026-05-26 23:37:00
Prod_Diagnostic_04.txt,24-07-510,ECM,0X3A7D,RPM,360,2026-05-26 01:36:00
Prod_Diagnostic_04.txt,24-07-510,ECM,0X3A7D,Coolant Temp,546,2026-05-26 01:36:00
Prod_Diagnostic_04.txt,24-07-510,ECM,0X3A7D,Fuel Pressure,288,2026-05-26 01:36:00
Prod_Diagnostic_04.txt,24-07-510,ECM,0X3A7D,Boost Pressure,612,2026-05-26 01:36:00
Prod_Diagnostic_04.txt,24-07-510,ECM,0X3A7D,Engine Load,552,2026-05-26 01:36:00
Prod_Diagnostic_04.txt,24-07-510,ECM,0X62DA,RPM,696,2026-05-09 16:57:00
Prod_Diagnostic_04.txt,24-07-510,ECM,0X62DA,Coolant Temp,835,2026-05-09 16:57:00
Prod_Diagnostic_04.txt,24-07-510,ECM,0X62DA,Fuel Pressure,98,2026-05-09 16:57:00
Prod_Diagnostic_04.txt,24-07-510,ECM,0X62DA,Boost Pressure,139,2026-05-09 16:57:00
Prod_Diagnostic_04.txt,24-07-510,ECM,0X62DA,Engine Load,986,2026-05-09 16:57:00
Prod_Diagnostic_04.txt,24-07-510,ECM,0XFB34,RPM,150,2026-05-23 04:15:00
Prod_Diagnostic_04.txt,24-07-510,ECM,0XFB34,Coolant Temp,729,2026-05-23 04:15:00
Prod_Diagnostic_04.txt,24-07-510,ECM,0XFB34,Fuel Pressure,330,2026-05-23 04:15:00
Prod_Diagnostic_04.txt,24-07-510,ECM,0XFB34,Boost Pressure,849,2026-05-23 04:15:00
Prod_Diagnostic_04.txt,24-07-510,ECM,0XFB34,Engine Load,254,2026-05-23 04:15:00
Prod_Diagnostic_04.txt,24-07-510,ECM,0X8D4D,RPM,463,2026-05-21 13:24:00
Prod_Diagnostic_04.txt,24-07-510,ECM,0X8D4D,Coolant Temp,78,2026-05-21 13:24:00
Prod_Diagnostic_04.txt,24-07-510,ECM,0X8D4D,Fuel Pressure,649,2026-05-21 13:24:00
Prod_Diagnostic_04.txt,24-07-510,ECM,0X8D4D,Boost Pressure,814,2026-05-21 13:24:00
Prod_Diagnostic_04.txt,24-07-510,ECM,0X8D4D,Engine Load,902,2026-05-21 13:24:00
Prod_Diagnostic_05.txt,24-07-510,ADAS,0X222D,CPU Load,860,2026-05-05 12:55:00
Prod_Diagnostic_05.txt,24-07-510,ADAS,0X222D,Lane State,583,2026-05-05 12:55:00
Prod_Diagnostic_05.txt,24-07-510,ADAS,0X222D,Object Count,431,2026-05-05 12:55:00
Prod_Diagnostic_05.txt,24-07-510,ADAS,0X222D,Voltage,375,2026-05-05 12:55:00
Prod_Diagnostic_05.txt,24-07-510,ADAS,0X222D,Speed,560,2026-05-05 12:55:00
Prod_Diagnostic_05.txt,24-07-510,ADAS,0XD342,CPU Load,269,2026-05-19 02:00:00
Prod_Diagnostic_05.txt,24-07-510,ADAS,0XD342,Lane State,221,2026-05-19 02:00:00
Prod_Diagnostic_05.txt,24-07-510,ADAS,0XD342,Object Count,41,2026-05-19 02:00:00
Prod_Diagnostic_05.txt,24-07-510,ADAS,0XD342,Voltage,945,2026-05-19 02:00:00
Prod_Diagnostic_05.txt,24-07-510,ADAS,0XD342,Speed,62,2026-05-19 02:00:00
Prod_Diagnostic_05.txt,24-07-510,ADAS,0X91B1,CPU Load,85,2026-05-14 22:25:00
Prod_Diagnostic_05.txt,24-07-510,ADAS,0X91B1,Lane State,656,2026-05-14 22:25:00
Prod_Diagnostic_05.txt,24-07-510,ADAS,0X91B1,Object Count,550,2026-05-14 22:25:00
Prod_Diagnostic_05.txt,24-07-510,ADAS,0X91B1,Voltage,551,2026-05-14 22:25:00
Prod_Diagnostic_05.txt,24-07-510,ADAS,0X91B1,Speed,631,2026-05-14 22:25:00
Prod_Diagnostic_05.txt,24-07-510,ADAS,0X5708,CPU Load,335,2026-05-07 04:34:00
Prod_Diagnostic_05.txt,24-07-510,ADAS,0X5708,Lane State,401,2026-05-07 04:34:00
Prod_Diagnostic_05.txt,24-07-510,ADAS,0X5708,Object Count,601,2026-05-07 04:34:00
Prod_Diagnostic_05.txt,24-07-510,ADAS,0X5708,Voltage,650,2026-05-07 04:34:00
Prod_Diagnostic_05.txt,24-07-510,ADAS,0X5708,Speed,782,2026-05-07 04:34:00
Prod_Diagnostic_05.txt,24-07-510,ADAS,0X5F67,CPU Load,445,2026-05-08 02:59:00
Prod_Diagnostic_05.txt,24-07-510,ADAS,0X5F67,Lane State,119,2026-05-08 02:59:00
Prod_Diagnostic_05.txt,24-07-510,ADAS,0X5F67,Object Count,465,2026-05-08 02:59:00
Prod_Diagnostic_05.txt,24-07-510,ADAS,0X5F67,Voltage,627,2026-05-08 02:59:00
Prod_Diagnostic_05.txt,24-07-510,ADAS,0X5F67,Speed,624,2026-05-08 02:59:00
Prod_Diagnostic_05.txt,24-07-510,TCU,0X5F2D,RSSI,719,2026-05-01 22:08:00
Prod_Diagnostic_05.txt,24-07-510,TCU,0X5F2D,GPS Status,12,2026-05-01 22:08:00
Prod_Diagnostic_05.txt,24-07-510,TCU,0X5F2D,Network Type,168,2026-05-01 22:08:00
Prod_Diagnostic_05.txt,24-07-510,TCU,0X5F2D,Speed,509,2026-05-01 22:08:00
Prod_Diagnostic_05.txt,24-07-510,TCU,0X5F2D,Voltage,976,2026-05-01 22:08:00
Prod_Diagnostic_05.txt,24-07-510,TCU,0X95E3,RSSI,800,2026-05-12 04:47:00
Prod_Diagnostic_05.txt,24-07-510,TCU,0X95E3,GPS Status,895,2026-05-12 04:47:00
Prod_Diagnostic_05.txt,24-07-510,TCU,0X95E3,Network Type,276,2026-05-12 04:47:00
Prod_Diagnostic_05.txt,24-07-510,TCU,0X95E3,Speed,751,2026-05-12 04:47:00
Prod_Diagnostic_05.txt,24-07-510,TCU,0X95E3,Voltage,908,2026-05-12 04:47:00
Prod_Diagnostic_05.txt,24-07-510,TCU,0XD57C,RSSI,730,2026-05-17 02:16:00
Prod_Diagnostic_05.txt,24-07-510,TCU,0XD57C,GPS Status,999,2026-05-17 02:16:00
Prod_Diagnostic_05.txt,24-07-510,TCU,0XD57C,Network Type,591,2026-05-17 02:16:00
Prod_Diagnostic_05.txt,24-07-510,TCU,0XD57C,Speed,643,2026-05-17 02:16:00
Prod_Diagnostic_05.txt,24-07-510,TCU,0XD57C,Voltage,79,2026-05-17 02:16:00
Prod_Diagnostic_05.txt,24-07-510,TCU,0X8487,RSSI,377,2026-05-28 18:10:00
Prod_Diagnostic_05.txt,24-07-510,TCU,0X8487,GPS Status,162,2026-05-28 18:10:00
Prod_Diagnostic_05.txt,24-07-510,TCU,0X8487,Network Type,262,2026-05-28 18:10:00
Prod_Diagnostic_05.txt,24-07-510,TCU,0X8487,Speed,792,2026-05-28 18:10:00
Prod_Diagnostic_05.txt,24-07-510,TCU,0X8487,Voltage,106,2026-05-28 18:10:00
Prod_Diagnostic_05.txt,24-07-510,TCU,0XBC93,RSSI,884,2026-05-01 01:54:00
Prod_Diagnostic_05.txt,24-07-510,TCU,0XBC93,GPS Status,13,2026-05-01 01:54:00
Prod_Diagnostic_05.txt,24-07-510,TCU,0XBC93,Network Type,251,2026-05-01 01:54:00
Prod_Diagnostic_05.txt,24-07-510,TCU,0XBC93,Speed,48,2026-05-01 01:54:00
Prod_Diagnostic_05.txt,24-07-510,TCU,0XBC93,Voltage,484,2026-05-01 01:54:00
Prod_Diagnostic_05.txt,24-07-510,HVAC,0X720A,Cabin Temp,672,2026-05-26 22:47:00
Prod_Diagnostic_05.txt,24-07-510,HVAC,0X720A,Blower Speed,430,2026-05-26 22:47:00
Prod_Diagnostic_05.txt,24-07-510,HVAC,0X720A,Evap Temp,230,2026-05-26 22:47:00
Prod_Diagnostic_05.txt,24-07-510,HVAC,0X720A,Ambient Temp,330,2026-05-26 22:47:00
Prod_Diagnostic_05.txt,24-07-510,HVAC,0X720A,AC Pressure,255,2026-05-26 22:47:00
Prod_Diagnostic_05.txt,24-07-510,HVAC,0XFA75,Cabin Temp,515,2026-05-19 11:07:00
Prod_Diagnostic_05.txt,24-07-510,HVAC,0XFA75,Blower Speed,690,2026-05-19 11:07:00
Prod_Diagnostic_05.txt,24-07-510,HVAC,0XFA75,Evap Temp,924,2026-05-19 11:07:00
Prod_Diagnostic_05.txt,24-07-510,HVAC,0XFA75,Ambient Temp,54,2026-05-19 11:07:00
Prod_Diagnostic_05.txt,24-07-510,HVAC,0XFA75,AC Pressure,184,2026-05-19 11:07:00
Prod_Diagnostic_05.txt,24-07-510,HVAC,0XDDE9,Cabin Temp,866,2026-05-15 09:49:00
Prod_Diagnostic_05.txt,24-07-510,HVAC,0XDDE9,Blower Speed,319,2026-05-15 09:49:00
Prod_Diagnostic_05.txt,24-07-510,HVAC,0XDDE9,Evap Temp,336,2026-05-15 09:49:00
Prod_Diagnostic_05.txt,24-07-510,HVAC,0XDDE9,Ambient Temp,89,2026-05-15 09:49:00
Prod_Diagnostic_05.txt,24-07-510,HVAC,0XDDE9,AC Pressure,567,2026-05-15 09:49:00
Prod_Diagnostic_05.txt,24-07-510,HVAC,0X120A,Cabin Temp,638,2026-05-26 09:47:00
Prod_Diagnostic_05.txt,24-07-510,HVAC,0X120A,Blower Speed,249,2026-05-26 09:47:00
Prod_Diagnostic_05.txt,24-07-510,HVAC,0X120A,Evap Temp,476,2026-05-26 09:47:00
Prod_Diagnostic_05.txt,24-07-510,HVAC,0X120A,Ambient Temp,378,2026-05-26 09:47:00
Prod_Diagnostic_05.txt,24-07-510,HVAC,0X120A,AC Pressure,606,2026-05-26 09:47:00
Prod_Diagnostic_05.txt,24-07-510,HVAC,0XD5C9,Cabin Temp,420,2026-05-05 00:59:00
Prod_Diagnostic_05.txt,24-07-510,HVAC,0XD5C9,Blower Speed,25,2026-05-05 00:59:00
Prod_Diagnostic_05.txt,24-07-510,HVAC,0XD5C9,Evap Temp,239,2026-05-05 00:59:00
Prod_Diagnostic_05.txt,24-07-510,HVAC,0XD5C9,Ambient Temp,555,2026-05-05 00:59:00
Prod_Diagnostic_05.txt,24-07-510,HVAC,0XD5C9,AC Pressure,355,2026-05-05 00:59:00
Prod_Diagnostic_05.txt,24-07-510,BCM,0X65C3,Battery Voltage,244,2026-05-04 06:33:00
Prod_Diagnostic_05.txt,24-07-510,BCM,0X65C3,Door Status,430,2026-05-04 06:33:00
Prod_Diagnostic_05.txt,24-07-510,BCM,0X65C3,Lock State,504,2026-05-04 06:33:00
Prod_Diagnostic_05.txt,24-07-510,BCM,0X65C3,Ignition,985,2026-05-04 06:33:00
Prod_Diagnostic_05.txt,24-07-510,BCM,0X65C3,Window Pos,62,2026-05-04 06:33:00
Prod_Diagnostic_05.txt,24-07-510,BCM,0XC62E,Battery Voltage,718,2026-05-28 16:26:00
Prod_Diagnostic_05.txt,24-07-510,BCM,0XC62E,Door Status,918,2026-05-28 16:26:00
Prod_Diagnostic_05.txt,24-07-510,BCM,0XC62E,Lock State,382,2026-05-28 16:26:00
Prod_Diagnostic_05.txt,24-07-510,BCM,0XC62E,Ignition,470,2026-05-28 16:26:00
Prod_Diagnostic_05.txt,24-07-510,BCM,0XC62E,Window Pos,998,2026-05-28 16:26:00
Prod_Diagnostic_05.txt,24-07-510,BCM,0XA4AD,Battery Voltage,64,2026-05-03 18:36:00
Prod_Diagnostic_05.txt,24-07-510,BCM,0XA4AD,Door Status,446,2026-05-03 18:36:00
Prod_Diagnostic_05.txt,24-07-510,BCM,0XA4AD,Lock State,679,2026-05-03 18:36:00
Prod_Diagnostic_05.txt,24-07-510,BCM,0XA4AD,Ignition,988,2026-05-03 18:36:00
Prod_Diagnostic_05.txt,24-07-510,BCM,0XA4AD,Window Pos,134,2026-05-03 18:36:00
Prod_Diagnostic_05.txt,24-07-510,BCM,0X5AAB,Battery Voltage,240,2026-05-11 14:17:00
Prod_Diagnostic_05.txt,24-07-510,BCM,0X5AAB,Door Status,77,2026-05-11 14:17:00
Prod_Diagnostic_05.txt,24-07-510,BCM,0X5AAB,Lock State,967,2026-05-11 14:17:00
Prod_Diagnostic_05.txt,24-07-510,BCM,0X5AAB,Ignition,208,2026-05-11 14:17:00
Prod_Diagnostic_05.txt,24-07-510,BCM,0X5AAB,Window Pos,140,2026-05-11 14:17:00
Prod_Diagnostic_05.txt,24-07-510,BCM,0X2BE5,Battery Voltage,124,2026-05-15 10:26:00
Prod_Diagnostic_05.txt,24-07-510,BCM,0X2BE5,Door Status,549,2026-05-15 10:26:00
Prod_Diagnostic_05.txt,24-07-510,BCM,0X2BE5,Lock State,367,2026-05-15 10:26:00
Prod_Diagnostic_05.txt,24-07-510,BCM,0X2BE5,Ignition,988,2026-05-15 10:26:00
Prod_Diagnostic_05.txt,24-07-510,BCM,0X2BE5,Window Pos,789,2026-05-15 10:26:00
Prod_Diagnostic_05.txt,24-07-510,RADAR,0X83B0,Target Distance,703,2026-05-03 05:51:00
Prod_Diagnostic_05.txt,24-07-510,RADAR,0X83B0,Relative Speed,312,2026-05-03 05:51:00
Prod_Diagnostic_05.txt,24-07-510,RADAR,0X83B0,Object Count,847,2026-05-03 05:51:00
Prod_Diagnostic_05.txt,24-07-510,RADAR,0X83B0,Speed,722,2026-05-03 05:51:00
Prod_Diagnostic_05.txt,24-07-510,RADAR,0X83B0,Temperature,714,2026-05-03 05:51:00
Prod_Diagnostic_05.txt,24-07-510,RADAR,0X1A53,Target Distance,406,2026-05-23 07:22:00
Prod_Diagnostic_05.txt,24-07-510,RADAR,0X1A53,Relative Speed,526,2026-05-23 07:22:00
Prod_Diagnostic_05.txt,24-07-510,RADAR,0X1A53,Object Count,51,2026-05-23 07:22:00
Prod_Diagnostic_05.txt,24-07-510,RADAR,0X1A53,Speed,694,2026-05-23 07:22:00
Prod_Diagnostic_05.txt,24-07-510,RADAR,0X1A53,Temperature,307,2026-05-23 07:22:00
Prod_Diagnostic_05.txt,24-07-510,RADAR,0XE1F1,Target Distance,256,2026-05-18 23:35:00
Prod_Diagnostic_05.txt,24-07-510,RADAR,0XE1F1,Relative Speed,97,2026-05-18 23:35:00
Prod_Diagnostic_05.txt,24-07-510,RADAR,0XE1F1,Object Count,474,2026-05-18 23:35:00
Prod_Diagnostic_05.txt,24-07-510,RADAR,0XE1F1,Speed,105,2026-05-18 23:35:00
Prod_Diagnostic_05.txt,24-07-510,RADAR,0XE1F1,Temperature,824,2026-05-18 23:35:00
Prod_Diagnostic_05.txt,24-07-510,RADAR,0X2F17,Target Distance,703,2026-05-07 12:23:00
Prod_Diagnostic_05.txt,24-07-510,RADAR,0X2F17,Relative Speed,646,2026-05-07 12:23:00
Prod_Diagnostic_05.txt,24-07-510,RADAR,0X2F17,Object Count,961,2026-05-07 12:23:00
Prod_Diagnostic_05.txt,24-07-510,RADAR,0X2F17,Speed,661,2026-05-07 12:23:00
Prod_Diagnostic_05.txt,24-07-510,RADAR,0X2F17,Temperature,87,2026-05-07 12:23:00
Prod_Diagnostic_05.txt,24-07-510,RADAR,0XA60B,Target Distance,829,2026-05-07 20:28:00
Prod_Diagnostic_05.txt,24-07-510,RADAR,0XA60B,Relative Speed,132,2026-05-07 20:28:00
Prod_Diagnostic_05.txt,24-07-510,RADAR,0XA60B,Object Count,95,2026-05-07 20:28:00
Prod_Diagnostic_05.txt,24-07-510,RADAR,0XA60B,Speed,927,2026-05-07 20:28:00
Prod_Diagnostic_05.txt,24-07-510,RADAR,0XA60B,Temperature,868,2026-05-07 20:28:00
Prod_Diagnostic_05.txt,24-07-510,FCAM,0X2F5D,Lane Confidence,742,2026-05-19 13:52:00
Prod_Diagnostic_05.txt,24-07-510,FCAM,0X2F5D,Visibility,405,2026-05-19 13:52:00
Prod_Diagnostic_05.txt,24-07-510,FCAM,0X2F5D,Image Quality,509,2026-05-19 13:52:00
Prod_Diagnostic_05.txt,24-07-510,FCAM,0X2F5D,Speed,31,2026-05-19 13:52:00
Prod_Diagnostic_05.txt,24-07-510,FCAM,0X2F5D,Light Level,392,2026-05-19 13:52:00
Prod_Diagnostic_05.txt,24-07-510,FCAM,0X3C3D,Lane Confidence,153,2026-05-09 14:56:00
Prod_Diagnostic_05.txt,24-07-510,FCAM,0X3C3D,Visibility,36,2026-05-09 14:56:00
Prod_Diagnostic_05.txt,24-07-510,FCAM,0X3C3D,Image Quality,629,2026-05-09 14:56:00
Prod_Diagnostic_05.txt,24-07-510,FCAM,0X3C3D,Speed,635,2026-05-09 14:56:00
Prod_Diagnostic_05.txt,24-07-510,FCAM,0X3C3D,Light Level,632,2026-05-09 14:56:00
Prod_Diagnostic_05.txt,24-07-510,FCAM,0XB5B4,Lane Confidence,287,2026-05-16 01:05:00
Prod_Diagnostic_05.txt,24-07-510,FCAM,0XB5B4,Visibility,393,2026-05-16 01:05:00
Prod_Diagnostic_05.txt,24-07-510,FCAM,0XB5B4,Image Quality,141,2026-05-16 01:05:00
Prod_Diagnostic_05.txt,24-07-510,FCAM,0XB5B4,Speed,430,2026-05-16 01:05:00
Prod_Diagnostic_05.txt,24-07-510,FCAM,0XB5B4,Light Level,205,2026-05-16 01:05:00
Prod_Diagnostic_05.txt,24-07-510,FCAM,0X4FC8,Lane Confidence,492,2026-05-26 22:22:00
Prod_Diagnostic_05.txt,24-07-510,FCAM,0X4FC8,Visibility,558,2026-05-26 22:22:00
Prod_Diagnostic_05.txt,24-07-510,FCAM,0X4FC8,Image Quality,801,2026-05-26 22:22:00
Prod_Diagnostic_05.txt,24-07-510,FCAM,0X4FC8,Speed,497,2026-05-26 22:22:00
Prod_Diagnostic_05.txt,24-07-510,FCAM,0X4FC8,Light Level,353,2026-05-26 22:22:00
Prod_Diagnostic_05.txt,24-07-510,FCAM,0X909C,Lane Confidence,225,2026-05-01 10:38:00
Prod_Diagnostic_05.txt,24-07-510,FCAM,0X909C,Visibility,31,2026-05-01 10:38:00
Prod_Diagnostic_05.txt,24-07-510,FCAM,0X909C,Image Quality,918,2026-05-01 10:38:00
Prod_Diagnostic_05.txt,24-07-510,FCAM,0X909C,Speed,831,2026-05-01 10:38:00
Prod_Diagnostic_05.txt,24-07-510,FCAM,0X909C,Light Level,798,2026-05-01 10:38:00
Prod_Diagnostic_05.txt,24-07-510,SRS,0X1EFF,Vehicle Speed,254,2026-05-08 05:06:00
Prod_Diagnostic_05.txt,24-07-510,SRS,0X1EFF,Seat Occupancy,673,2026-05-08 05:06:00
Prod_Diagnostic_05.txt,24-07-510,SRS,0X1EFF,Crash Counter,247,2026-05-08 05:06:00
Prod_Diagnostic_05.txt,24-07-510,SRS,0X1EFF,Supply Voltage,273,2026-05-08 05:06:00
Prod_Diagnostic_05.txt,24-07-510,SRS,0X1EFF,Belt Status,547,2026-05-08 05:06:00
Prod_Diagnostic_05.txt,24-07-510,SRS,0XD398,Vehicle Speed,243,2026-05-27 05:11:00
Prod_Diagnostic_05.txt,24-07-510,SRS,0XD398,Seat Occupancy,607,2026-05-27 05:11:00
Prod_Diagnostic_05.txt,24-07-510,SRS,0XD398,Crash Counter,326,2026-05-27 05:11:00
Prod_Diagnostic_05.txt,24-07-510,SRS,0XD398,Supply Voltage,826,2026-05-27 05:11:00
Prod_Diagnostic_05.txt,24-07-510,SRS,0XD398,Belt Status,756,2026-05-27 05:11:00
Prod_Diagnostic_05.txt,24-07-510,SRS,0XF9FA,Vehicle Speed,972,2026-05-19 04:36:00
Prod_Diagnostic_05.txt,24-07-510,SRS,0XF9FA,Seat Occupancy,193,2026-05-19 04:36:00
Prod_Diagnostic_05.txt,24-07-510,SRS,0XF9FA,Crash Counter,857,2026-05-19 04:36:00
Prod_Diagnostic_05.txt,24-07-510,SRS,0XF9FA,Supply Voltage,830,2026-05-19 04:36:00
Prod_Diagnostic_05.txt,24-07-510,SRS,0XF9FA,Belt Status,903,2026-05-19 04:36:00
Prod_Diagnostic_05.txt,24-07-510,SRS,0X9AC8,Vehicle Speed,617,2026-05-03 01:14:00
Prod_Diagnostic_05.txt,24-07-510,SRS,0X9AC8,Seat Occupancy,225,2026-05-03 01:14:00
Prod_Diagnostic_05.txt,24-07-510,SRS,0X9AC8,Crash Counter,21,2026-05-03 01:14:00
Prod_Diagnostic_05.txt,24-07-510,SRS,0X9AC8,Supply Voltage,540,2026-05-03 01:14:00
Prod_Diagnostic_05.txt,24-07-510,SRS,0X9AC8,Belt Status,490,2026-05-03 01:14:00
Prod_Diagnostic_05.txt,24-07-510,SRS,0X64EC,Vehicle Speed,822,2026-05-23 05:58:00
Prod_Diagnostic_05.txt,24-07-510,SRS,0X64EC,Seat Occupancy,865,2026-05-23 05:58:00
Prod_Diagnostic_05.txt,24-07-510,SRS,0X64EC,Crash Counter,890,2026-05-23 05:58:00
Prod_Diagnostic_05.txt,24-07-510,SRS,0X64EC,Supply Voltage,332,2026-05-23 05:58:00
Prod_Diagnostic_05.txt,24-07-510,SRS,0X64EC,Belt Status,61,2026-05-23 05:58:00
Prod_Diagnostic_05.txt,24-07-510,ABS,0X35D0,Wheel FL,374,2026-05-28 16:55:00
Prod_Diagnostic_05.txt,24-07-510,ABS,0X35D0,Wheel FR,984,2026-05-28 16:55:00
Prod_Diagnostic_05.txt,24-07-510,ABS,0X35D0,Brake Pressure,75,2026-05-28 16:55:00
Prod_Diagnostic_05.txt,24-07-510,ABS,0X35D0,Yaw Rate,383,2026-05-28 16:55:00
Prod_Diagnostic_05.txt,24-07-510,ABS,0X35D0,Vehicle Speed,722,2026-05-28 16:55:00
Prod_Diagnostic_05.txt,24-07-510,ABS,0XA605,Wheel FL,972,2026-05-05 05:46:00
Prod_Diagnostic_05.txt,24-07-510,ABS,0XA605,Wheel FR,448,2026-05-05 05:46:00
Prod_Diagnostic_05.txt,24-07-510,ABS,0XA605,Brake Pressure,811,2026-05-05 05:46:00
Prod_Diagnostic_05.txt,24-07-510,ABS,0XA605,Yaw Rate,655,2026-05-05 05:46:00
Prod_Diagnostic_05.txt,24-07-510,ABS,0XA605,Vehicle Speed,984,2026-05-05 05:46:00
Prod_Diagnostic_05.txt,24-07-510,ABS,0XB630,Wheel FL,682,2026-05-26 11:14:00
Prod_Diagnostic_05.txt,24-07-510,ABS,0XB630,Wheel FR,604,2026-05-26 11:14:00
Prod_Diagnostic_05.txt,24-07-510,ABS,0XB630,Brake Pressure,835,2026-05-26 11:14:00
Prod_Diagnostic_05.txt,24-07-510,ABS,0XB630,Yaw Rate,180,2026-05-26 11:14:00
Prod_Diagnostic_05.txt,24-07-510,ABS,0XB630,Vehicle Speed,388,2026-05-26 11:14:00
Prod_Diagnostic_05.txt,24-07-510,ABS,0XCBE7,Wheel FL,972,2026-05-24 00:44:00
Prod_Diagnostic_05.txt,24-07-510,ABS,0XCBE7,Wheel FR,587,2026-05-24 00:44:00
Prod_Diagnostic_05.txt,24-07-510,ABS,0XCBE7,Brake Pressure,401,2026-05-24 00:44:00
Prod_Diagnostic_05.txt,24-07-510,ABS,0XCBE7,Yaw Rate,872,2026-05-24 00:44:00
Prod_Diagnostic_05.txt,24-07-510,ABS,0XCBE7,Vehicle Speed,790,2026-05-24 00:44:00
Prod_Diagnostic_05.txt,24-07-510,ABS,0X184A,Wheel FL,107,2026-05-08 20:36:00
Prod_Diagnostic_05.txt,24-07-510,ABS,0X184A,Wheel FR,960,2026-05-08 20:36:00
Prod_Diagnostic_05.txt,24-07-510,ABS,0X184A,Brake Pressure,509,2026-05-08 20:36:00
Prod_Diagnostic_05.txt,24-07-510,ABS,0X184A,Yaw Rate,145,2026-05-08 20:36:00
Prod_Diagnostic_05.txt,24-07-510,ABS,0X184A,Vehicle Speed,340,2026-05-08 20:36:00
Prod_Diagnostic_05.txt,24-07-510,GW,0X4CED,CAN Load,655,2026-05-27 22:42:00
Prod_Diagnostic_05.txt,24-07-510,GW,0X4CED,Eth Status,747,2026-05-27 22:42:00
Prod_Diagnostic_05.txt,24-07-510,GW,0X4CED,Voltage,908,2026-05-27 22:42:00
Prod_Diagnostic_05.txt,24-07-510,GW,0X4CED,Bus Errors,344,2026-05-27 22:42:00
Prod_Diagnostic_05.txt,24-07-510,GW,0X4CED,Ignition,458,2026-05-27 22:42:00
Prod_Diagnostic_05.txt,24-07-510,GW,0X53E4,CAN Load,2,2026-05-09 03:46:00
Prod_Diagnostic_05.txt,24-07-510,GW,0X53E4,Eth Status,50,2026-05-09 03:46:00
Prod_Diagnostic_05.txt,24-07-510,GW,0X53E4,Voltage,396,2026-05-09 03:46:00
Prod_Diagnostic_05.txt,24-07-510,GW,0X53E4,Bus Errors,449,2026-05-09 03:46:00
Prod_Diagnostic_05.txt,24-07-510,GW,0X53E4,Ignition,751,2026-05-09 03:46:00
Prod_Diagnostic_05.txt,24-07-510,GW,0X3A95,CAN Load,849,2026-05-18 12:06:00
Prod_Diagnostic_05.txt,24-07-510,GW,0X3A95,Eth Status,491,2026-05-18 12:06:00
Prod_Diagnostic_05.txt,24-07-510,GW,0X3A95,Voltage,808,2026-05-18 12:06:00
Prod_Diagnostic_05.txt,24-07-510,GW,0X3A95,Bus Errors,885,2026-05-18 12:06:00
Prod_Diagnostic_05.txt,24-07-510,GW,0X3A95,Ignition,592,2026-05-18 12:06:00
Prod_Diagnostic_05.txt,24-07-510,GW,0X39A3,CAN Load,975,2026-05-01 10:16:00
Prod_Diagnostic_05.txt,24-07-510,GW,0X39A3,Eth Status,108,2026-05-01 10:16:00
Prod_Diagnostic_05.txt,24-07-510,GW,0X39A3,Voltage,76,2026-05-01 10:16:00
Prod_Diagnostic_05.txt,24-07-510,GW,0X39A3,Bus Errors,351,2026-05-01 10:16:00
Prod_Diagnostic_05.txt,24-07-510,GW,0X39A3,Ignition,175,2026-05-01 10:16:00
Prod_Diagnostic_05.txt,24-07-510,GW,0X3931,CAN Load,915,2026-05-11 19:39:00
Prod_Diagnostic_05.txt,24-07-510,GW,0X3931,Eth Status,495,2026-05-11 19:39:00
Prod_Diagnostic_05.txt,24-07-510,GW,0X3931,Voltage,722,2026-05-11 19:39:00
Prod_Diagnostic_05.txt,24-07-510,GW,0X3931,Bus Errors,32,2026-05-11 19:39:00
Prod_Diagnostic_05.txt,24-07-510,GW,0X3931,Ignition,442,2026-05-11 19:39:00
Prod_Diagnostic_05.txt,24-07-510,BMS,0XAB79,SOC,420,2026-05-11 06:12:00
Prod_Diagnostic_05.txt,24-07-510,BMS,0XAB79,SOH,714,2026-05-11 06:12:00
Prod_Diagnostic_05.txt,24-07-510,BMS,0XAB79,HV Voltage,568,2026-05-11 06:12:00
Prod_Diagnostic_05.txt,24-07-510,BMS,0XAB79,Cell Temp Max,740,2026-05-11 06:12:00
Prod_Diagnostic_05.txt,24-07-510,BMS,0XAB79,Cell Temp Min,948,2026-05-11 06:12:00
Prod_Diagnostic_05.txt,24-07-510,BMS,0X53E8,SOC,586,2026-05-04 01:25:00
Prod_Diagnostic_05.txt,24-07-510,BMS,0X53E8,SOH,563,2026-05-04 01:25:00
Prod_Diagnostic_05.txt,24-07-510,BMS,0X53E8,HV Voltage,861,2026-05-04 01:25:00
Prod_Diagnostic_05.txt,24-07-510,BMS,0X53E8,Cell Temp Max,503,2026-05-04 01:25:00
Prod_Diagnostic_05.txt,24-07-510,BMS,0X53E8,Cell Temp Min,158,2026-05-04 01:25:00
Prod_Diagnostic_05.txt,24-07-510,BMS,0X6C5F,SOC,615,2026-05-27 21:40:00
Prod_Diagnostic_05.txt,24-07-510,BMS,0X6C5F,SOH,492,2026-05-27 21:40:00
Prod_Diagnostic_05.txt,24-07-510,BMS,0X6C5F,HV Voltage,205,2026-05-27 21:40:00
Prod_Diagnostic_05.txt,24-07-510,BMS,0X6C5F,Cell Temp Max,100,2026-05-27 21:40:00
Prod_Diagnostic_05.txt,24-07-510,BMS,0X6C5F,Cell Temp Min,27,2026-05-27 21:40:00
Prod_Diagnostic_05.txt,24-07-510,BMS,0X3BBB,SOC,804,2026-05-28 03:19:00
Prod_Diagnostic_05.txt,24-07-510,BMS,0X3BBB,SOH,408,2026-05-28 03:19:00
Prod_Diagnostic_05.txt,24-07-510,BMS,0X3BBB,HV Voltage,483,2026-05-28 03:19:00
Prod_Diagnostic_05.txt,24-07-510,BMS,0X3BBB,Cell Temp Max,501,2026-05-28 03:19:00
Prod_Diagnostic_05.txt,24-07-510,BMS,0X3BBB,Cell Temp Min,917,2026-05-28 03:19:00
Prod_Diagnostic_05.txt,24-07-510,BMS,0X2754,SOC,192,2026-05-12 12:23:00
Prod_Diagnostic_05.txt,24-07-510,BMS,0X2754,SOH,457,2026-05-12 12:23:00
Prod_Diagnostic_05.txt,24-07-510,BMS,0X2754,HV Voltage,46,2026-05-12 12:23:00
Prod_Diagnostic_05.txt,24-07-510,BMS,0X2754,Cell Temp Max,270,2026-05-12 12:23:00
Prod_Diagnostic_05.txt,24-07-510,BMS,0X2754,Cell Temp Min,451,2026-05-12 12:23:00
Prod_Diagnostic_05.txt,24-07-510,EPS,0X536E,Steering Angle,100,2026-05-05 22:42:00
Prod_Diagnostic_05.txt,24-07-510,EPS,0X536E,Driver Torque,88,2026-05-05 22:42:00
Prod_Diagnostic_05.txt,24-07-510,EPS,0X536E,Motor Current,685,2026-05-05 22:42:00
Prod_Diagnostic_05.txt,24-07-510,EPS,0X536E,Supply Voltage,353,2026-05-05 22:42:00
Prod_Diagnostic_05.txt,24-07-510,EPS,0X536E,Speed,828,2026-05-05 22:42:00
Prod_Diagnostic_05.txt,24-07-510,EPS,0X79FB,Steering Angle,536,2026-05-27 12:52:00
Prod_Diagnostic_05.txt,24-07-510,EPS,0X79FB,Driver Torque,429,2026-05-27 12:52:00
Prod_Diagnostic_05.txt,24-07-510,EPS,0X79FB,Motor Current,989,2026-05-27 12:52:00
Prod_Diagnostic_05.txt,24-07-510,EPS,0X79FB,Supply Voltage,549,2026-05-27 12:52:00
Prod_Diagnostic_05.txt,24-07-510,EPS,0X79FB,Speed,704,2026-05-27 12:52:00
Prod_Diagnostic_05.txt,24-07-510,EPS,0XA29D,Steering Angle,515,2026-05-13 22:02:00
Prod_Diagnostic_05.txt,24-07-510,EPS,0XA29D,Driver Torque,585,2026-05-13 22:02:00
Prod_Diagnostic_05.txt,24-07-510,EPS,0XA29D,Motor Current,923,2026-05-13 22:02:00
Prod_Diagnostic_05.txt,24-07-510,EPS,0XA29D,Supply Voltage,530,2026-05-13 22:02:00
Prod_Diagnostic_05.txt,24-07-510,EPS,0XA29D,Speed,820,2026-05-13 22:02:00
Prod_Diagnostic_05.txt,24-07-510,EPS,0XBD72,Steering Angle,828,2026-05-06 05:13:00
Prod_Diagnostic_05.txt,24-07-510,EPS,0XBD72,Driver Torque,198,2026-05-06 05:13:00
Prod_Diagnostic_05.txt,24-07-510,EPS,0XBD72,Motor Current,130,2026-05-06 05:13:00
Prod_Diagnostic_05.txt,24-07-510,EPS,0XBD72,Supply Voltage,44,2026-05-06 05:13:00
Prod_Diagnostic_05.txt,24-07-510,EPS,0XBD72,Speed,434,2026-05-06 05:13:00
Prod_Diagnostic_05.txt,24-07-510,EPS,0XBEE1,Steering Angle,328,2026-05-27 19:16:00
Prod_Diagnostic_05.txt,24-07-510,EPS,0XBEE1,Driver Torque,933,2026-05-27 19:16:00
Prod_Diagnostic_05.txt,24-07-510,EPS,0XBEE1,Motor Current,745,2026-05-27 19:16:00
Prod_Diagnostic_05.txt,24-07-510,EPS,0XBEE1,Supply Voltage,937,2026-05-27 19:16:00
Prod_Diagnostic_05.txt,24-07-510,EPS,0XBEE1,Speed,827,2026-05-27 19:16:00
Prod_Diagnostic_05.txt,24-07-510,OBC,0X2647,AC Voltage,470,2026-05-11 08:33:00
Prod_Diagnostic_05.txt,24-07-510,OBC,0X2647,Charge Current,940,2026-05-11 08:33:00
Prod_Diagnostic_05.txt,24-07-510,OBC,0X2647,Battery Temp,895,2026-05-11 08:33:00
Prod_Diagnostic_05.txt,24-07-510,OBC,0X2647,SOC,13,2026-05-11 08:33:00
Prod_Diagnostic_05.txt,24-07-510,OBC,0X2647,Input Freq,806,2026-05-11 08:33:00
Prod_Diagnostic_05.txt,24-07-510,OBC,0XA66B,AC Voltage,603,2026-05-05 04:36:00
Prod_Diagnostic_05.txt,24-07-510,OBC,0XA66B,Charge Current,597,2026-05-05 04:36:00
Prod_Diagnostic_05.txt,24-07-510,OBC,0XA66B,Battery Temp,777,2026-05-05 04:36:00
Prod_Diagnostic_05.txt,24-07-510,OBC,0XA66B,SOC,988,2026-05-05 04:36:00
Prod_Diagnostic_05.txt,24-07-510,OBC,0XA66B,Input Freq,963,2026-05-05 04:36:00
Prod_Diagnostic_05.txt,24-07-510,OBC,0XFCC8,AC Voltage,353,2026-05-28 17:56:00
Prod_Diagnostic_05.txt,24-07-510,OBC,0XFCC8,Charge Current,899,2026-05-28 17:56:00
Prod_Diagnostic_05.txt,24-07-510,OBC,0XFCC8,Battery Temp,421,2026-05-28 17:56:00
Prod_Diagnostic_05.txt,24-07-510,OBC,0XFCC8,SOC,271,2026-05-28 17:56:00
Prod_Diagnostic_05.txt,24-07-510,OBC,0XFCC8,Input Freq,393,2026-05-28 17:56:00
Prod_Diagnostic_05.txt,24-07-510,OBC,0XA270,AC Voltage,634,2026-05-09 12:09:00
Prod_Diagnostic_05.txt,24-07-510,OBC,0XA270,Charge Current,624,2026-05-09 12:09:00
Prod_Diagnostic_05.txt,24-07-510,OBC,0XA270,Battery Temp,698,2026-05-09 12:09:00
Prod_Diagnostic_05.txt,24-07-510,OBC,0XA270,SOC,711,2026-05-09 12:09:00
Prod_Diagnostic_05.txt,24-07-510,OBC,0XA270,Input Freq,412,2026-05-09 12:09:00
Prod_Diagnostic_05.txt,24-07-510,OBC,0X7552,AC Voltage,276,2026-05-24 15:58:00
Prod_Diagnostic_05.txt,24-07-510,OBC,0X7552,Charge Current,919,2026-05-24 15:58:00
Prod_Diagnostic_05.txt,24-07-510,OBC,0X7552,Battery Temp,382,2026-05-24 15:58:00
Prod_Diagnostic_05.txt,24-07-510,OBC,0X7552,SOC,21,2026-05-24 15:58:00
Prod_Diagnostic_05.txt,24-07-510,OBC,0X7552,Input Freq,346,2026-05-24 15:58:00
Prod_Diagnostic_06.txt,26-07-540,BCM,0X5269,Battery Voltage,836,2026-05-19 22:36:00
Prod_Diagnostic_06.txt,26-07-540,BCM,0X5269,Door Status,195,2026-05-19 22:36:00
Prod_Diagnostic_06.txt,26-07-540,BCM,0X5269,Lock State,352,2026-05-19 22:36:00
Prod_Diagnostic_06.txt,26-07-540,BCM,0X5269,Ignition,744,2026-05-19 22:36:00
Prod_Diagnostic_06.txt,26-07-540,BCM,0X5269,Window Pos,731,2026-05-19 22:36:00
Prod_Diagnostic_06.txt,26-07-540,BCM,0XBFB2,Battery Voltage,175,2026-05-17 09:54:00
Prod_Diagnostic_06.txt,26-07-540,BCM,0XBFB2,Door Status,861,2026-05-17 09:54:00
Prod_Diagnostic_06.txt,26-07-540,BCM,0XBFB2,Lock State,674,2026-05-17 09:54:00
Prod_Diagnostic_06.txt,26-07-540,BCM,0XBFB2,Ignition,898,2026-05-17 09:54:00
Prod_Diagnostic_06.txt,26-07-540,BCM,0XBFB2,Window Pos,572,2026-05-17 09:54:00
Prod_Diagnostic_06.txt,26-07-540,BCM,0X5B35,Battery Voltage,935,2026-05-24 17:48:00
Prod_Diagnostic_06.txt,26-07-540,BCM,0X5B35,Door Status,188,2026-05-24 17:48:00
Prod_Diagnostic_06.txt,26-07-540,BCM,0X5B35,Lock State,970,2026-05-24 17:48:00
Prod_Diagnostic_06.txt,26-07-540,BCM,0X5B35,Ignition,697,2026-05-24 17:48:00
Prod_Diagnostic_06.txt,26-07-540,BCM,0X5B35,Window Pos,922,2026-05-24 17:48:00
Prod_Diagnostic_06.txt,26-07-540,BCM,0XB789,Battery Voltage,808,2026-05-24 09:26:00
Prod_Diagnostic_06.txt,26-07-540,BCM,0XB789,Door Status,909,2026-05-24 09:26:00
Prod_Diagnostic_06.txt,26-07-540,BCM,0XB789,Lock State,340,2026-05-24 09:26:00
Prod_Diagnostic_06.txt,26-07-540,BCM,0XB789,Ignition,381,2026-05-24 09:26:00
Prod_Diagnostic_06.txt,26-07-540,BCM,0XB789,Window Pos,267,2026-05-24 09:26:00
Prod_Diagnostic_06.txt,26-07-540,BCM,0X5B46,Battery Voltage,595,2026-05-28 20:37:00
Prod_Diagnostic_06.txt,26-07-540,BCM,0X5B46,Door Status,967,2026-05-28 20:37:00
Prod_Diagnostic_06.txt,26-07-540,BCM,0X5B46,Lock State,636,2026-05-28 20:37:00
Prod_Diagnostic_06.txt,26-07-540,BCM,0X5B46,Ignition,73,2026-05-28 20:37:00
Prod_Diagnostic_06.txt,26-07-540,BCM,0X5B46,Window Pos,484,2026-05-28 20:37:00
Prod_Diagnostic_06.txt,26-07-540,SRS,0X901F,Vehicle Speed,892,2026-05-10 13:03:00
Prod_Diagnostic_06.txt,26-07-540,SRS,0X901F,Seat Occupancy,875,2026-05-10 13:03:00
Prod_Diagnostic_06.txt,26-07-540,SRS,0X901F,Crash Counter,155,2026-05-10 13:03:00
Prod_Diagnostic_06.txt,26-07-540,SRS,0X901F,Supply Voltage,141,2026-05-10 13:03:00
Prod_Diagnostic_06.txt,26-07-540,SRS,0X901F,Belt Status,206,2026-05-10 13:03:00
Prod_Diagnostic_06.txt,26-07-540,SRS,0X78C0,Vehicle Speed,798,2026-05-28 22:11:00
Prod_Diagnostic_06.txt,26-07-540,SRS,0X78C0,Seat Occupancy,83,2026-05-28 22:11:00
Prod_Diagnostic_06.txt,26-07-540,SRS,0X78C0,Crash Counter,500,2026-05-28 22:11:00
Prod_Diagnostic_06.txt,26-07-540,SRS,0X78C0,Supply Voltage,341,2026-05-28 22:11:00
Prod_Diagnostic_06.txt,26-07-540,SRS,0X78C0,Belt Status,647,2026-05-28 22:11:00
Prod_Diagnostic_06.txt,26-07-540,SRS,0X603B,Vehicle Speed,793,2026-05-09 06:48:00
Prod_Diagnostic_06.txt,26-07-540,SRS,0X603B,Seat Occupancy,173,2026-05-09 06:48:00
Prod_Diagnostic_06.txt,26-07-540,SRS,0X603B,Crash Counter,591,2026-05-09 06:48:00
Prod_Diagnostic_06.txt,26-07-540,SRS,0X603B,Supply Voltage,783,2026-05-09 06:48:00
Prod_Diagnostic_06.txt,26-07-540,SRS,0X603B,Belt Status,163,2026-05-09 06:48:00
Prod_Diagnostic_06.txt,26-07-540,SRS,0XD903,Vehicle Speed,440,2026-05-21 13:25:00
Prod_Diagnostic_06.txt,26-07-540,SRS,0XD903,Seat Occupancy,989,2026-05-21 13:25:00
Prod_Diagnostic_06.txt,26-07-540,SRS,0XD903,Crash Counter,489,2026-05-21 13:25:00
Prod_Diagnostic_06.txt,26-07-540,SRS,0XD903,Supply Voltage,393,2026-05-21 13:25:00
Prod_Diagnostic_06.txt,26-07-540,SRS,0XD903,Belt Status,5,2026-05-21 13:25:00
Prod_Diagnostic_06.txt,26-07-540,SRS,0X98A5,Vehicle Speed,19,2026-05-11 16:12:00
Prod_Diagnostic_06.txt,26-07-540,SRS,0X98A5,Seat Occupancy,693,2026-05-11 16:12:00
Prod_Diagnostic_06.txt,26-07-540,SRS,0X98A5,Crash Counter,5,2026-05-11 16:12:00
Prod_Diagnostic_06.txt,26-07-540,SRS,0X98A5,Supply Voltage,642,2026-05-11 16:12:00
Prod_Diagnostic_06.txt,26-07-540,SRS,0X98A5,Belt Status,752,2026-05-11 16:12:00
Prod_Diagnostic_06.txt,26-07-540,OBC,0X49EC,AC Voltage,603,2026-05-04 12:32:00
Prod_Diagnostic_06.txt,26-07-540,OBC,0X49EC,Charge Current,314,2026-05-04 12:32:00
Prod_Diagnostic_06.txt,26-07-540,OBC,0X49EC,Battery Temp,172,2026-05-04 12:32:00
Prod_Diagnostic_06.txt,26-07-540,OBC,0X49EC,SOC,67,2026-05-04 12:32:00
Prod_Diagnostic_06.txt,26-07-540,OBC,0X49EC,Input Freq,844,2026-05-04 12:32:00
Prod_Diagnostic_06.txt,26-07-540,OBC,0X5C56,AC Voltage,910,2026-05-17 10:27:00
Prod_Diagnostic_06.txt,26-07-540,OBC,0X5C56,Charge Current,704,2026-05-17 10:27:00
Prod_Diagnostic_06.txt,26-07-540,OBC,0X5C56,Battery Temp,138,2026-05-17 10:27:00
Prod_Diagnostic_06.txt,26-07-540,OBC,0X5C56,SOC,351,2026-05-17 10:27:00
Prod_Diagnostic_06.txt,26-07-540,OBC,0X5C56,Input Freq,924,2026-05-17 10:27:00
Prod_Diagnostic_06.txt,26-07-540,OBC,0X6BF7,AC Voltage,135,2026-05-08 07:46:00
Prod_Diagnostic_06.txt,26-07-540,OBC,0X6BF7,Charge Current,217,2026-05-08 07:46:00
Prod_Diagnostic_06.txt,26-07-540,OBC,0X6BF7,Battery Temp,752,2026-05-08 07:46:00
Prod_Diagnostic_06.txt,26-07-540,OBC,0X6BF7,SOC,23,2026-05-08 07:46:00
Prod_Diagnostic_06.txt,26-07-540,OBC,0X6BF7,Input Freq,604,2026-05-08 07:46:00
Prod_Diagnostic_06.txt,26-07-540,OBC,0X3B42,AC Voltage,790,2026-05-13 20:16:00
Prod_Diagnostic_06.txt,26-07-540,OBC,0X3B42,Charge Current,548,2026-05-13 20:16:00
Prod_Diagnostic_06.txt,26-07-540,OBC,0X3B42,Battery Temp,639,2026-05-13 20:16:00
Prod_Diagnostic_06.txt,26-07-540,OBC,0X3B42,SOC,50,2026-05-13 20:16:00
Prod_Diagnostic_06.txt,26-07-540,OBC,0X3B42,Input Freq,609,2026-05-13 20:16:00
Prod_Diagnostic_06.txt,26-07-540,OBC,0XB976,AC Voltage,455,2026-05-23 03:26:00
Prod_Diagnostic_06.txt,26-07-540,OBC,0XB976,Charge Current,390,2026-05-23 03:26:00
Prod_Diagnostic_06.txt,26-07-540,OBC,0XB976,Battery Temp,127,2026-05-23 03:26:00
Prod_Diagnostic_06.txt,26-07-540,OBC,0XB976,SOC,561,2026-05-23 03:26:00
Prod_Diagnostic_06.txt,26-07-540,OBC,0XB976,Input Freq,259,2026-05-23 03:26:00
Prod_Diagnostic_06.txt,26-07-540,HVAC,0XC3AD,Cabin Temp,104,2026-05-10 13:42:00
Prod_Diagnostic_06.txt,26-07-540,HVAC,0XC3AD,Blower Speed,679,2026-05-10 13:42:00
Prod_Diagnostic_06.txt,26-07-540,HVAC,0XC3AD,Evap Temp,533,2026-05-10 13:42:00
Prod_Diagnostic_06.txt,26-07-540,HVAC,0XC3AD,Ambient Temp,277,2026-05-10 13:42:00
Prod_Diagnostic_06.txt,26-07-540,HVAC,0XC3AD,AC Pressure,638,2026-05-10 13:42:00
Prod_Diagnostic_06.txt,26-07-540,HVAC,0XC362,Cabin Temp,290,2026-05-24 19:07:00
Prod_Diagnostic_06.txt,26-07-540,HVAC,0XC362,Blower Speed,117,2026-05-24 19:07:00
Prod_Diagnostic_06.txt,26-07-540,HVAC,0XC362,Evap Temp,804,2026-05-24 19:07:00
Prod_Diagnostic_06.txt,26-07-540,HVAC,0XC362,Ambient Temp,109,2026-05-24 19:07:00
Prod_Diagnostic_06.txt,26-07-540,HVAC,0XC362,AC Pressure,510,2026-05-24 19:07:00
Prod_Diagnostic_06.txt,26-07-540,HVAC,0XABE7,Cabin Temp,420,2026-05-07 11:45:00
Prod_Diagnostic_06.txt,26-07-540,HVAC,0XABE7,Blower Speed,303,2026-05-07 11:45:00
Prod_Diagnostic_06.txt,26-07-540,HVAC,0XABE7,Evap Temp,165,2026-05-07 11:45:00
Prod_Diagnostic_06.txt,26-07-540,HVAC,0XABE7,Ambient Temp,41,2026-05-07 11:45:00
Prod_Diagnostic_06.txt,26-07-540,HVAC,0XABE7,AC Pressure,562,2026-05-07 11:45:00
Prod_Diagnostic_06.txt,26-07-540,HVAC,0XF90D,Cabin Temp,688,2026-05-08 00:00:00
Prod_Diagnostic_06.txt,26-07-540,HVAC,0XF90D,Blower Speed,92,2026-05-08 00:00:00
Prod_Diagnostic_06.txt,26-07-540,HVAC,0XF90D,Evap Temp,929,2026-05-08 00:00:00
Prod_Diagnostic_06.txt,26-07-540,HVAC,0XF90D,Ambient Temp,114,2026-05-08 00:00:00
Prod_Diagnostic_06.txt,26-07-540,HVAC,0XF90D,AC Pressure,856,2026-05-08 00:00:00
Prod_Diagnostic_06.txt,26-07-540,HVAC,0XBB45,Cabin Temp,104,2026-05-03 23:46:00
Prod_Diagnostic_06.txt,26-07-540,HVAC,0XBB45,Blower Speed,927,2026-05-03 23:46:00
Prod_Diagnostic_06.txt,26-07-540,HVAC,0XBB45,Evap Temp,263,2026-05-03 23:46:00
Prod_Diagnostic_06.txt,26-07-540,HVAC,0XBB45,Ambient Temp,660,2026-05-03 23:46:00
Prod_Diagnostic_06.txt,26-07-540,HVAC,0XBB45,AC Pressure,237,2026-05-03 23:46:00
Prod_Diagnostic_06.txt,26-07-540,ADAS,0X5BC8,CPU Load,41,2026-05-27 05:55:00
Prod_Diagnostic_06.txt,26-07-540,ADAS,0X5BC8,Lane State,873,2026-05-27 05:55:00
Prod_Diagnostic_06.txt,26-07-540,ADAS,0X5BC8,Object Count,298,2026-05-27 05:55:00
Prod_Diagnostic_06.txt,26-07-540,ADAS,0X5BC8,Voltage,369,2026-05-27 05:55:00
Prod_Diagnostic_06.txt,26-07-540,ADAS,0X5BC8,Speed,821,2026-05-27 05:55:00
Prod_Diagnostic_06.txt,26-07-540,ADAS,0X7D0E,CPU Load,663,2026-05-01 04:42:00
Prod_Diagnostic_06.txt,26-07-540,ADAS,0X7D0E,Lane State,175,2026-05-01 04:42:00
Prod_Diagnostic_06.txt,26-07-540,ADAS,0X7D0E,Object Count,337,2026-05-01 04:42:00
Prod_Diagnostic_06.txt,26-07-540,ADAS,0X7D0E,Voltage,367,2026-05-01 04:42:00
Prod_Diagnostic_06.txt,26-07-540,ADAS,0X7D0E,Speed,916,2026-05-01 04:42:00
Prod_Diagnostic_06.txt,26-07-540,ADAS,0XAF2E,CPU Load,117,2026-05-27 10:11:00
Prod_Diagnostic_06.txt,26-07-540,ADAS,0XAF2E,Lane State,411,2026-05-27 10:11:00
Prod_Diagnostic_06.txt,26-07-540,ADAS,0XAF2E,Object Count,410,2026-05-27 10:11:00
Prod_Diagnostic_06.txt,26-07-540,ADAS,0XAF2E,Voltage,986,2026-05-27 10:11:00
Prod_Diagnostic_06.txt,26-07-540,ADAS,0XAF2E,Speed,468,2026-05-27 10:11:00
Prod_Diagnostic_06.txt,26-07-540,ADAS,0XE5F0,CPU Load,136,2026-05-21 05:07:00
Prod_Diagnostic_06.txt,26-07-540,ADAS,0XE5F0,Lane State,713,2026-05-21 05:07:00
Prod_Diagnostic_06.txt,26-07-540,ADAS,0XE5F0,Object Count,744,2026-05-21 05:07:00
Prod_Diagnostic_06.txt,26-07-540,ADAS,0XE5F0,Voltage,61,2026-05-21 05:07:00
Prod_Diagnostic_06.txt,26-07-540,ADAS,0XE5F0,Speed,966,2026-05-21 05:07:00
Prod_Diagnostic_06.txt,26-07-540,ADAS,0X2A8C,CPU Load,626,2026-05-22 14:11:00
Prod_Diagnostic_06.txt,26-07-540,ADAS,0X2A8C,Lane State,389,2026-05-22 14:11:00
Prod_Diagnostic_06.txt,26-07-540,ADAS,0X2A8C,Object Count,798,2026-05-22 14:11:00
Prod_Diagnostic_06.txt,26-07-540,ADAS,0X2A8C,Voltage,368,2026-05-22 14:11:00
Prod_Diagnostic_06.txt,26-07-540,ADAS,0X2A8C,Speed,627,2026-05-22 14:11:00
Prod_Diagnostic_06.txt,26-07-540,TCU,0XECD1,RSSI,422,2026-05-16 03:56:00
Prod_Diagnostic_06.txt,26-07-540,TCU,0XECD1,GPS Status,452,2026-05-16 03:56:00
Prod_Diagnostic_06.txt,26-07-540,TCU,0XECD1,Network Type,48,2026-05-16 03:56:00
Prod_Diagnostic_06.txt,26-07-540,TCU,0XECD1,Speed,65,2026-05-16 03:56:00
Prod_Diagnostic_06.txt,26-07-540,TCU,0XECD1,Voltage,268,2026-05-16 03:56:00
Prod_Diagnostic_06.txt,26-07-540,TCU,0X132A,RSSI,979,2026-05-24 18:14:00
Prod_Diagnostic_06.txt,26-07-540,TCU,0X132A,GPS Status,686,2026-05-24 18:14:00
Prod_Diagnostic_06.txt,26-07-540,TCU,0X132A,Network Type,895,2026-05-24 18:14:00
Prod_Diagnostic_06.txt,26-07-540,TCU,0X132A,Speed,347,2026-05-24 18:14:00
Prod_Diagnostic_06.txt,26-07-540,TCU,0X132A,Voltage,532,2026-05-24 18:14:00
Prod_Diagnostic_06.txt,26-07-540,TCU,0XC030,RSSI,494,2026-05-22 23:15:00
Prod_Diagnostic_06.txt,26-07-540,TCU,0XC030,GPS Status,355,2026-05-22 23:15:00
Prod_Diagnostic_06.txt,26-07-540,TCU,0XC030,Network Type,680,2026-05-22 23:15:00
Prod_Diagnostic_06.txt,26-07-540,TCU,0XC030,Speed,693,2026-05-22 23:15:00
Prod_Diagnostic_06.txt,26-07-540,TCU,0XC030,Voltage,657,2026-05-22 23:15:00
Prod_Diagnostic_06.txt,26-07-540,TCU,0X360E,RSSI,870,2026-05-21 05:32:00
Prod_Diagnostic_06.txt,26-07-540,TCU,0X360E,GPS Status,481,2026-05-21 05:32:00
Prod_Diagnostic_06.txt,26-07-540,TCU,0X360E,Network Type,873,2026-05-21 05:32:00
Prod_Diagnostic_06.txt,26-07-540,TCU,0X360E,Speed,508,2026-05-21 05:32:00
Prod_Diagnostic_06.txt,26-07-540,TCU,0X360E,Voltage,891,2026-05-21 05:32:00
Prod_Diagnostic_06.txt,26-07-540,TCU,0X232A,RSSI,229,2026-05-09 01:32:00
Prod_Diagnostic_06.txt,26-07-540,TCU,0X232A,GPS Status,564,2026-05-09 01:32:00
Prod_Diagnostic_06.txt,26-07-540,TCU,0X232A,Network Type,659,2026-05-09 01:32:00
Prod_Diagnostic_06.txt,26-07-540,TCU,0X232A,Speed,388,2026-05-09 01:32:00
Prod_Diagnostic_06.txt,26-07-540,TCU,0X232A,Voltage,413,2026-05-09 01:32:00
Prod_Diagnostic_06.txt,26-07-540,BMS,0X242E,SOC,324,2026-05-03 15:28:00
Prod_Diagnostic_06.txt,26-07-540,BMS,0X242E,SOH,122,2026-05-03 15:28:00
Prod_Diagnostic_06.txt,26-07-540,BMS,0X242E,HV Voltage,510,2026-05-03 15:28:00
Prod_Diagnostic_06.txt,26-07-540,BMS,0X242E,Cell Temp Max,764,2026-05-03 15:28:00
Prod_Diagnostic_06.txt,26-07-540,BMS,0X242E,Cell Temp Min,670,2026-05-03 15:28:00
Prod_Diagnostic_06.txt,26-07-540,BMS,0X2A46,SOC,94,2026-05-18 00:52:00
Prod_Diagnostic_06.txt,26-07-540,BMS,0X2A46,SOH,811,2026-05-18 00:52:00
Prod_Diagnostic_06.txt,26-07-540,BMS,0X2A46,HV Voltage,619,2026-05-18 00:52:00
Prod_Diagnostic_06.txt,26-07-540,BMS,0X2A46,Cell Temp Max,987,2026-05-18 00:52:00
Prod_Diagnostic_06.txt,26-07-540,BMS,0X2A46,Cell Temp Min,634,2026-05-18 00:52:00
Prod_Diagnostic_06.txt,26-07-540,BMS,0XF3DE,SOC,56,2026-05-11 11:52:00
Prod_Diagnostic_06.txt,26-07-540,BMS,0XF3DE,SOH,837,2026-05-11 11:52:00
Prod_Diagnostic_06.txt,26-07-540,BMS,0XF3DE,HV Voltage,229,2026-05-11 11:52:00
Prod_Diagnostic_06.txt,26-07-540,BMS,0XF3DE,Cell Temp Max,865,2026-05-11 11:52:00
Prod_Diagnostic_06.txt,26-07-540,BMS,0XF3DE,Cell Temp Min,466,2026-05-11 11:52:00
Prod_Diagnostic_06.txt,26-07-540,BMS,0X9F66,SOC,100,2026-05-23 14:07:00
Prod_Diagnostic_06.txt,26-07-540,BMS,0X9F66,SOH,778,2026-05-23 14:07:00
Prod_Diagnostic_06.txt,26-07-540,BMS,0X9F66,HV Voltage,675,2026-05-23 14:07:00
Prod_Diagnostic_06.txt,26-07-540,BMS,0X9F66,Cell Temp Max,228,2026-05-23 14:07:00
Prod_Diagnostic_06.txt,26-07-540,BMS,0X9F66,Cell Temp Min,3,2026-05-23 14:07:00
Prod_Diagnostic_06.txt,26-07-540,BMS,0X6AEA,SOC,47,2026-05-12 22:06:00
Prod_Diagnostic_06.txt,26-07-540,BMS,0X6AEA,SOH,919,2026-05-12 22:06:00
Prod_Diagnostic_06.txt,26-07-540,BMS,0X6AEA,HV Voltage,169,2026-05-12 22:06:00
Prod_Diagnostic_06.txt,26-07-540,BMS,0X6AEA,Cell Temp Max,505,2026-05-12 22:06:00
Prod_Diagnostic_06.txt,26-07-540,BMS,0X6AEA,Cell Temp Min,144,2026-05-12 22:06:00
Prod_Diagnostic_06.txt,26-07-540,FCAM,0X2B61,Lane Confidence,469,2026-05-04 12:13:00
Prod_Diagnostic_06.txt,26-07-540,FCAM,0X2B61,Visibility,845,2026-05-04 12:13:00
Prod_Diagnostic_06.txt,26-07-540,FCAM,0X2B61,Image Quality,801,2026-05-04 12:13:00
Prod_Diagnostic_06.txt,26-07-540,FCAM,0X2B61,Speed,196,2026-05-04 12:13:00
Prod_Diagnostic_06.txt,26-07-540,FCAM,0X2B61,Light Level,734,2026-05-04 12:13:00
Prod_Diagnostic_06.txt,26-07-540,FCAM,0X2B96,Lane Confidence,675,2026-05-04 14:29:00
Prod_Diagnostic_06.txt,26-07-540,FCAM,0X2B96,Visibility,604,2026-05-04 14:29:00
Prod_Diagnostic_06.txt,26-07-540,FCAM,0X2B96,Image Quality,980,2026-05-04 14:29:00
Prod_Diagnostic_06.txt,26-07-540,FCAM,0X2B96,Speed,517,2026-05-04 14:29:00
Prod_Diagnostic_06.txt,26-07-540,FCAM,0X2B96,Light Level,138,2026-05-04 14:29:00
Prod_Diagnostic_06.txt,26-07-540,FCAM,0X111C,Lane Confidence,947,2026-05-14 18:30:00
Prod_Diagnostic_06.txt,26-07-540,FCAM,0X111C,Visibility,521,2026-05-14 18:30:00
Prod_Diagnostic_06.txt,26-07-540,FCAM,0X111C,Image Quality,800,2026-05-14 18:30:00
Prod_Diagnostic_06.txt,26-07-540,FCAM,0X111C,Speed,944,2026-05-14 18:30:00
Prod_Diagnostic_06.txt,26-07-540,FCAM,0X111C,Light Level,933,2026-05-14 18:30:00
Prod_Diagnostic_06.txt,26-07-540,FCAM,0XC11A,Lane Confidence,621,2026-05-13 21:38:00
Prod_Diagnostic_06.txt,26-07-540,FCAM,0XC11A,Visibility,904,2026-05-13 21:38:00
Prod_Diagnostic_06.txt,26-07-540,FCAM,0XC11A,Image Quality,330,2026-05-13 21:38:00
Prod_Diagnostic_06.txt,26-07-540,FCAM,0XC11A,Speed,517,2026-05-13 21:38:00
Prod_Diagnostic_06.txt,26-07-540,FCAM,0XC11A,Light Level,903,2026-05-13 21:38:00
Prod_Diagnostic_06.txt,26-07-540,FCAM,0X7B2D,Lane Confidence,464,2026-05-13 10:18:00
Prod_Diagnostic_06.txt,26-07-540,FCAM,0X7B2D,Visibility,825,2026-05-13 10:18:00
Prod_Diagnostic_06.txt,26-07-540,FCAM,0X7B2D,Image Quality,137,2026-05-13 10:18:00
Prod_Diagnostic_06.txt,26-07-540,FCAM,0X7B2D,Speed,142,2026-05-13 10:18:00
Prod_Diagnostic_06.txt,26-07-540,FCAM,0X7B2D,Light Level,423,2026-05-13 10:18:00
Prod_Diagnostic_06.txt,26-07-540,ECM,0XC334,RPM,755,2026-05-28 10:45:00
Prod_Diagnostic_06.txt,26-07-540,ECM,0XC334,Coolant Temp,958,2026-05-28 10:45:00
Prod_Diagnostic_06.txt,26-07-540,ECM,0XC334,Fuel Pressure,567,2026-05-28 10:45:00
Prod_Diagnostic_06.txt,26-07-540,ECM,0XC334,Boost Pressure,648,2026-05-28 10:45:00
Prod_Diagnostic_06.txt,26-07-540,ECM,0XC334,Engine Load,223,2026-05-28 10:45:00
Prod_Diagnostic_06.txt,26-07-540,ECM,0X45AF,RPM,666,2026-05-22 04:45:00
Prod_Diagnostic_06.txt,26-07-540,ECM,0X45AF,Coolant Temp,999,2026-05-22 04:45:00
Prod_Diagnostic_06.txt,26-07-540,ECM,0X45AF,Fuel Pressure,982,2026-05-22 04:45:00
Prod_Diagnostic_06.txt,26-07-540,ECM,0X45AF,Boost Pressure,183,2026-05-22 04:45:00
Prod_Diagnostic_06.txt,26-07-540,ECM,0X45AF,Engine Load,516,2026-05-22 04:45:00
Prod_Diagnostic_06.txt,26-07-540,ECM,0XC1BE,RPM,585,2026-05-18 15:37:00
Prod_Diagnostic_06.txt,26-07-540,ECM,0XC1BE,Coolant Temp,966,2026-05-18 15:37:00
Prod_Diagnostic_06.txt,26-07-540,ECM,0XC1BE,Fuel Pressure,684,2026-05-18 15:37:00
Prod_Diagnostic_06.txt,26-07-540,ECM,0XC1BE,Boost Pressure,728,2026-05-18 15:37:00
Prod_Diagnostic_06.txt,26-07-540,ECM,0XC1BE,Engine Load,428,2026-05-18 15:37:00
Prod_Diagnostic_06.txt,26-07-540,ECM,0X5932,RPM,55,2026-05-01 12:09:00
Prod_Diagnostic_06.txt,26-07-540,ECM,0X5932,Coolant Temp,687,2026-05-01 12:09:00
Prod_Diagnostic_06.txt,26-07-540,ECM,0X5932,Fuel Pressure,58,2026-05-01 12:09:00
Prod_Diagnostic_06.txt,26-07-540,ECM,0X5932,Boost Pressure,205,2026-05-01 12:09:00
Prod_Diagnostic_06.txt,26-07-540,ECM,0X5932,Engine Load,274,2026-05-01 12:09:00
Prod_Diagnostic_06.txt,26-07-540,ECM,0X595F,RPM,772,2026-05-23 09:13:00
Prod_Diagnostic_06.txt,26-07-540,ECM,0X595F,Coolant Temp,555,2026-05-23 09:13:00
Prod_Diagnostic_06.txt,26-07-540,ECM,0X595F,Fuel Pressure,34,2026-05-23 09:13:00
Prod_Diagnostic_06.txt,26-07-540,ECM,0X595F,Boost Pressure,368,2026-05-23 09:13:00
Prod_Diagnostic_06.txt,26-07-540,ECM,0X595F,Engine Load,834,2026-05-23 09:13:00
Prod_Diagnostic_06.txt,26-07-540,EPS,0X2A3C,Steering Angle,399,2026-05-24 20:35:00
Prod_Diagnostic_06.txt,26-07-540,EPS,0X2A3C,Driver Torque,244,2026-05-24 20:35:00
Prod_Diagnostic_06.txt,26-07-540,EPS,0X2A3C,Motor Current,524,2026-05-24 20:35:00
Prod_Diagnostic_06.txt,26-07-540,EPS,0X2A3C,Supply Voltage,804,2026-05-24 20:35:00
Prod_Diagnostic_06.txt,26-07-540,EPS,0X2A3C,Speed,816,2026-05-24 20:35:00
Prod_Diagnostic_06.txt,26-07-540,EPS,0XC164,Steering Angle,990,2026-05-14 21:20:00
Prod_Diagnostic_06.txt,26-07-540,EPS,0XC164,Driver Torque,566,2026-05-14 21:20:00
Prod_Diagnostic_06.txt,26-07-540,EPS,0XC164,Motor Current,56,2026-05-14 21:20:00
Prod_Diagnostic_06.txt,26-07-540,EPS,0XC164,Supply Voltage,14,2026-05-14 21:20:00
Prod_Diagnostic_06.txt,26-07-540,EPS,0XC164,Speed,762,2026-05-14 21:20:00
Prod_Diagnostic_06.txt,26-07-540,EPS,0X43FD,Steering Angle,664,2026-05-21 22:45:00
Prod_Diagnostic_06.txt,26-07-540,EPS,0X43FD,Driver Torque,377,2026-05-21 22:45:00
Prod_Diagnostic_06.txt,26-07-540,EPS,0X43FD,Motor Current,774,2026-05-21 22:45:00
Prod_Diagnostic_06.txt,26-07-540,EPS,0X43FD,Supply Voltage,603,2026-05-21 22:45:00
Prod_Diagnostic_06.txt,26-07-540,EPS,0X43FD,Speed,560,2026-05-21 22:45:00
Prod_Diagnostic_06.txt,26-07-540,EPS,0X424B,Steering Angle,192,2026-05-06 21:04:00
Prod_Diagnostic_06.txt,26-07-540,EPS,0X424B,Driver Torque,986,2026-05-06 21:04:00
Prod_Diagnostic_06.txt,26-07-540,EPS,0X424B,Motor Current,178,2026-05-06 21:04:00
Prod_Diagnostic_06.txt,26-07-540,EPS,0X424B,Supply Voltage,753,2026-05-06 21:04:00
Prod_Diagnostic_06.txt,26-07-540,EPS,0X424B,Speed,527,2026-05-06 21:04:00
Prod_Diagnostic_06.txt,26-07-540,EPS,0X7090,Steering Angle,599,2026-05-09 04:10:00
Prod_Diagnostic_06.txt,26-07-540,EPS,0X7090,Driver Torque,867,2026-05-09 04:10:00
Prod_Diagnostic_06.txt,26-07-540,EPS,0X7090,Motor Current,262,2026-05-09 04:10:00
Prod_Diagnostic_06.txt,26-07-540,EPS,0X7090,Supply Voltage,6,2026-05-09 04:10:00
Prod_Diagnostic_06.txt,26-07-540,EPS,0X7090,Speed,339,2026-05-09 04:10:00
Prod_Diagnostic_06.txt,26-07-540,TCM,0XC5AE,Gear,955,2026-05-20 01:49:00
Prod_Diagnostic_06.txt,26-07-540,TCM,0XC5AE,Oil Temp,641,2026-05-20 01:49:00
Prod_Diagnostic_06.txt,26-07-540,TCM,0XC5AE,Turbine Speed,631,2026-05-20 01:49:00
Prod_Diagnostic_06.txt,26-07-540,TCM,0XC5AE,Clutch Pressure,864,2026-05-20 01:49:00
Prod_Diagnostic_06.txt,26-07-540,TCM,0XC5AE,Output Speed,678,2026-05-20 01:49:00
Prod_Diagnostic_06.txt,26-07-540,TCM,0X8D94,Gear,539,2026-05-26 22:20:00
Prod_Diagnostic_06.txt,26-07-540,TCM,0X8D94,Oil Temp,226,2026-05-26 22:20:00
Prod_Diagnostic_06.txt,26-07-540,TCM,0X8D94,Turbine Speed,980,2026-05-26 22:20:00
Prod_Diagnostic_06.txt,26-07-540,TCM,0X8D94,Clutch Pressure,189,2026-05-26 22:20:00
Prod_Diagnostic_06.txt,26-07-540,TCM,0X8D94,Output Speed,534,2026-05-26 22:20:00
Prod_Diagnostic_06.txt,26-07-540,TCM,0XD948,Gear,358,2026-05-18 12:05:00
Prod_Diagnostic_06.txt,26-07-540,TCM,0XD948,Oil Temp,227,2026-05-18 12:05:00
Prod_Diagnostic_06.txt,26-07-540,TCM,0XD948,Turbine Speed,905,2026-05-18 12:05:00
Prod_Diagnostic_06.txt,26-07-540,TCM,0XD948,Clutch Pressure,219,2026-05-18 12:05:00
Prod_Diagnostic_06.txt,26-07-540,TCM,0XD948,Output Speed,680,2026-05-18 12:05:00
Prod_Diagnostic_06.txt,26-07-540,TCM,0X64C0,Gear,844,2026-05-17 15:35:00
Prod_Diagnostic_06.txt,26-07-540,TCM,0X64C0,Oil Temp,771,2026-05-17 15:35:00
Prod_Diagnostic_06.txt,26-07-540,TCM,0X64C0,Turbine Speed,665,2026-05-17 15:35:00
Prod_Diagnostic_06.txt,26-07-540,TCM,0X64C0,Clutch Pressure,10,2026-05-17 15:35:00
Prod_Diagnostic_06.txt,26-07-540,TCM,0X64C0,Output Speed,118,2026-05-17 15:35:00
Prod_Diagnostic_06.txt,26-07-540,TCM,0X8217,Gear,907,2026-05-08 01:43:00
Prod_Diagnostic_06.txt,26-07-540,TCM,0X8217,Oil Temp,329,2026-05-08 01:43:00
Prod_Diagnostic_06.txt,26-07-540,TCM,0X8217,Turbine Speed,391,2026-05-08 01:43:00
Prod_Diagnostic_06.txt,26-07-540,TCM,0X8217,Clutch Pressure,938,2026-05-08 01:43:00
Prod_Diagnostic_06.txt,26-07-540,TCM,0X8217,Output Speed,816,2026-05-08 01:43:00
Prod_Diagnostic_06.txt,26-07-540,GW,0X72C8,CAN Load,823,2026-05-17 11:32:00
Prod_Diagnostic_06.txt,26-07-540,GW,0X72C8,Eth Status,521,2026-05-17 11:32:00
Prod_Diagnostic_06.txt,26-07-540,GW,0X72C8,Voltage,457,2026-05-17 11:32:00
Prod_Diagnostic_06.txt,26-07-540,GW,0X72C8,Bus Errors,499,2026-05-17 11:32:00
Prod_Diagnostic_06.txt,26-07-540,GW,0X72C8,Ignition,45,2026-05-17 11:32:00
Prod_Diagnostic_06.txt,26-07-540,GW,0XF5F5,CAN Load,995,2026-05-03 03:10:00
Prod_Diagnostic_06.txt,26-07-540,GW,0XF5F5,Eth Status,980,2026-05-03 03:10:00
Prod_Diagnostic_06.txt,26-07-540,GW,0XF5F5,Voltage,792,2026-05-03 03:10:00
Prod_Diagnostic_06.txt,26-07-540,GW,0XF5F5,Bus Errors,551,2026-05-03 03:10:00
Prod_Diagnostic_06.txt,26-07-540,GW,0XF5F5,Ignition,547,2026-05-03 03:10:00
Prod_Diagnostic_06.txt,26-07-540,GW,0XB07E,CAN Load,856,2026-05-28 21:27:00
Prod_Diagnostic_06.txt,26-07-540,GW,0XB07E,Eth Status,107,2026-05-28 21:27:00
Prod_Diagnostic_06.txt,26-07-540,GW,0XB07E,Voltage,211,2026-05-28 21:27:00
Prod_Diagnostic_06.txt,26-07-540,GW,0XB07E,Bus Errors,551,2026-05-28 21:27:00
Prod_Diagnostic_06.txt,26-07-540,GW,0XB07E,Ignition,849,2026-05-28 21:27:00
Prod_Diagnostic_06.txt,26-07-540,GW,0XB585,CAN Load,39,2026-05-15 22:21:00
Prod_Diagnostic_06.txt,26-07-540,GW,0XB585,Eth Status,90,2026-05-15 22:21:00
Prod_Diagnostic_06.txt,26-07-540,GW,0XB585,Voltage,76,2026-05-15 22:21:00
Prod_Diagnostic_06.txt,26-07-540,GW,0XB585,Bus Errors,56,2026-05-15 22:21:00
Prod_Diagnostic_06.txt,26-07-540,GW,0XB585,Ignition,183,2026-05-15 22:21:00
Prod_Diagnostic_06.txt,26-07-540,GW,0X9EDE,CAN Load,646,2026-05-14 12:28:00
Prod_Diagnostic_06.txt,26-07-540,GW,0X9EDE,Eth Status,415,2026-05-14 12:28:00
Prod_Diagnostic_06.txt,26-07-540,GW,0X9EDE,Voltage,444,2026-05-14 12:28:00
Prod_Diagnostic_06.txt,26-07-540,GW,0X9EDE,Bus Errors,324,2026-05-14 12:28:00
Prod_Diagnostic_06.txt,26-07-540,GW,0X9EDE,Ignition,18,2026-05-14 12:28:00
Prod_Diagnostic_07.txt,25-11-601,GW,0X6DA6,CAN Load,523,2026-05-05 14:32:00
Prod_Diagnostic_07.txt,25-11-601,GW,0X6DA6,Eth Status,93,2026-05-05 14:32:00
Prod_Diagnostic_07.txt,25-11-601,GW,0X6DA6,Voltage,407,2026-05-05 14:32:00
Prod_Diagnostic_07.txt,25-11-601,GW,0X6DA6,Bus Errors,373,2026-05-05 14:32:00
Prod_Diagnostic_07.txt,25-11-601,GW,0X6DA6,Ignition,515,2026-05-05 14:32:00
Prod_Diagnostic_07.txt,25-11-601,GW,0XB9A5,CAN Load,184,2026-05-05 14:10:00
Prod_Diagnostic_07.txt,25-11-601,GW,0XB9A5,Eth Status,580,2026-05-05 14:10:00
Prod_Diagnostic_07.txt,25-11-601,GW,0XB9A5,Voltage,972,2026-05-05 14:10:00
Prod_Diagnostic_07.txt,25-11-601,GW,0XB9A5,Bus Errors,580,2026-05-05 14:10:00
Prod_Diagnostic_07.txt,25-11-601,GW,0XB9A5,Ignition,676,2026-05-05 14:10:00
Prod_Diagnostic_07.txt,25-11-601,GW,0XCC65,CAN Load,65,2026-05-08 15:14:00
Prod_Diagnostic_07.txt,25-11-601,GW,0XCC65,Eth Status,271,2026-05-08 15:14:00
Prod_Diagnostic_07.txt,25-11-601,GW,0XCC65,Voltage,379,2026-05-08 15:14:00
Prod_Diagnostic_07.txt,25-11-601,GW,0XCC65,Bus Errors,240,2026-05-08 15:14:00
Prod_Diagnostic_07.txt,25-11-601,GW,0XCC65,Ignition,44,2026-05-08 15:14:00
Prod_Diagnostic_07.txt,25-11-601,GW,0X9494,CAN Load,332,2026-05-02 01:41:00
Prod_Diagnostic_07.txt,25-11-601,GW,0X9494,Eth Status,106,2026-05-02 01:41:00
Prod_Diagnostic_07.txt,25-11-601,GW,0X9494,Voltage,721,2026-05-02 01:41:00
Prod_Diagnostic_07.txt,25-11-601,GW,0X9494,Bus Errors,992,2026-05-02 01:41:00
Prod_Diagnostic_07.txt,25-11-601,GW,0X9494,Ignition,534,2026-05-02 01:41:00
Prod_Diagnostic_07.txt,25-11-601,GW,0XE5BA,CAN Load,670,2026-05-19 05:24:00
Prod_Diagnostic_07.txt,25-11-601,GW,0XE5BA,Eth Status,388,2026-05-19 05:24:00
Prod_Diagnostic_07.txt,25-11-601,GW,0XE5BA,Voltage,375,2026-05-19 05:24:00
Prod_Diagnostic_07.txt,25-11-601,GW,0XE5BA,Bus Errors,602,2026-05-19 05:24:00
Prod_Diagnostic_07.txt,25-11-601,GW,0XE5BA,Ignition,670,2026-05-19 05:24:00
Prod_Diagnostic_07.txt,25-11-601,TCM,0X9444,Gear,889,2026-05-13 11:52:00
Prod_Diagnostic_07.txt,25-11-601,TCM,0X9444,Oil Temp,354,2026-05-13 11:52:00
Prod_Diagnostic_07.txt,25-11-601,TCM,0X9444,Turbine Speed,499,2026-05-13 11:52:00
Prod_Diagnostic_07.txt,25-11-601,TCM,0X9444,Clutch Pressure,812,2026-05-13 11:52:00
Prod_Diagnostic_07.txt,25-11-601,TCM,0X9444,Output Speed,494,2026-05-13 11:52:00
Prod_Diagnostic_07.txt,25-11-601,TCM,0X11B0,Gear,659,2026-05-08 02:32:00
Prod_Diagnostic_07.txt,25-11-601,TCM,0X11B0,Oil Temp,288,2026-05-08 02:32:00
Prod_Diagnostic_07.txt,25-11-601,TCM,0X11B0,Turbine Speed,217,2026-05-08 02:32:00
Prod_Diagnostic_07.txt,25-11-601,TCM,0X11B0,Clutch Pressure,154,2026-05-08 02:32:00
Prod_Diagnostic_07.txt,25-11-601,TCM,0X11B0,Output Speed,192,2026-05-08 02:32:00
Prod_Diagnostic_07.txt,25-11-601,TCM,0X6CBA,Gear,117,2026-05-14 10:46:00
Prod_Diagnostic_07.txt,25-11-601,TCM,0X6CBA,Oil Temp,494,2026-05-14 10:46:00
Prod_Diagnostic_07.txt,25-11-601,TCM,0X6CBA,Turbine Speed,692,2026-05-14 10:46:00
Prod_Diagnostic_07.txt,25-11-601,TCM,0X6CBA,Clutch Pressure,491,2026-05-14 10:46:00
Prod_Diagnostic_07.txt,25-11-601,TCM,0X6CBA,Output Speed,491,2026-05-14 10:46:00
Prod_Diagnostic_07.txt,25-11-601,TCM,0XA73E,Gear,588,2026-05-08 01:08:00
Prod_Diagnostic_07.txt,25-11-601,TCM,0XA73E,Oil Temp,607,2026-05-08 01:08:00
Prod_Diagnostic_07.txt,25-11-601,TCM,0XA73E,Turbine Speed,165,2026-05-08 01:08:00
Prod_Diagnostic_07.txt,25-11-601,TCM,0XA73E,Clutch Pressure,138,2026-05-08 01:08:00
Prod_Diagnostic_07.txt,25-11-601,TCM,0XA73E,Output Speed,645,2026-05-08 01:08:00
Prod_Diagnostic_07.txt,25-11-601,TCM,0X1A08,Gear,982,2026-05-09 05:33:00
Prod_Diagnostic_07.txt,25-11-601,TCM,0X1A08,Oil Temp,416,2026-05-09 05:33:00
Prod_Diagnostic_07.txt,25-11-601,TCM,0X1A08,Turbine Speed,614,2026-05-09 05:33:00
Prod_Diagnostic_07.txt,25-11-601,TCM,0X1A08,Clutch Pressure,993,2026-05-09 05:33:00
Prod_Diagnostic_07.txt,25-11-601,TCM,0X1A08,Output Speed,578,2026-05-09 05:33:00
Prod_Diagnostic_07.txt,25-11-601,EPS,0XF0E5,Steering Angle,483,2026-05-07 14:38:00
Prod_Diagnostic_07.txt,25-11-601,EPS,0XF0E5,Driver Torque,889,2026-05-07 14:38:00
Prod_Diagnostic_07.txt,25-11-601,EPS,0XF0E5,Motor Current,494,2026-05-07 14:38:00
Prod_Diagnostic_07.txt,25-11-601,EPS,0XF0E5,Supply Voltage,175,2026-05-07 14:38:00
Prod_Diagnostic_07.txt,25-11-601,EPS,0XF0E5,Speed,225,2026-05-07 14:38:00
Prod_Diagnostic_07.txt,25-11-601,EPS,0XA9D0,Steering Angle,172,2026-05-22 16:16:00
Prod_Diagnostic_07.txt,25-11-601,EPS,0XA9D0,Driver Torque,742,2026-05-22 16:16:00
Prod_Diagnostic_07.txt,25-11-601,EPS,0XA9D0,Motor Current,703,2026-05-22 16:16:00
Prod_Diagnostic_07.txt,25-11-601,EPS,0XA9D0,Supply Voltage,351,2026-05-22 16:16:00
Prod_Diagnostic_07.txt,25-11-601,EPS,0XA9D0,Speed,945,2026-05-22 16:16:00
Prod_Diagnostic_07.txt,25-11-601,EPS,0XA8B6,Steering Angle,17,2026-05-13 04:06:00
Prod_Diagnostic_07.txt,25-11-601,EPS,0XA8B6,Driver Torque,208,2026-05-13 04:06:00
Prod_Diagnostic_07.txt,25-11-601,EPS,0XA8B6,Motor Current,536,2026-05-13 04:06:00
Prod_Diagnostic_07.txt,25-11-601,EPS,0XA8B6,Supply Voltage,881,2026-05-13 04:06:00
Prod_Diagnostic_07.txt,25-11-601,EPS,0XA8B6,Speed,932,2026-05-13 04:06:00
Prod_Diagnostic_07.txt,25-11-601,EPS,0XBF32,Steering Angle,630,2026-05-06 15:57:00
Prod_Diagnostic_07.txt,25-11-601,EPS,0XBF32,Driver Torque,615,2026-05-06 15:57:00
Prod_Diagnostic_07.txt,25-11-601,EPS,0XBF32,Motor Current,40,2026-05-06 15:57:00
Prod_Diagnostic_07.txt,25-11-601,EPS,0XBF32,Supply Voltage,899,2026-05-06 15:57:00
Prod_Diagnostic_07.txt,25-11-601,EPS,0XBF32,Speed,803,2026-05-06 15:57:00
Prod_Diagnostic_07.txt,25-11-601,EPS,0X90DA,Steering Angle,2,2026-05-20 17:52:00
Prod_Diagnostic_07.txt,25-11-601,EPS,0X90DA,Driver Torque,919,2026-05-20 17:52:00
Prod_Diagnostic_07.txt,25-11-601,EPS,0X90DA,Motor Current,961,2026-05-20 17:52:00
Prod_Diagnostic_07.txt,25-11-601,EPS,0X90DA,Supply Voltage,794,2026-05-20 17:52:00
Prod_Diagnostic_07.txt,25-11-601,EPS,0X90DA,Speed,695,2026-05-20 17:52:00
Prod_Diagnostic_07.txt,25-11-601,SRS,0X95A4,Vehicle Speed,494,2026-05-14 07:51:00
Prod_Diagnostic_07.txt,25-11-601,SRS,0X95A4,Seat Occupancy,809,2026-05-14 07:51:00
Prod_Diagnostic_07.txt,25-11-601,SRS,0X95A4,Crash Counter,788,2026-05-14 07:51:00
Prod_Diagnostic_07.txt,25-11-601,SRS,0X95A4,Supply Voltage,391,2026-05-14 07:51:00
Prod_Diagnostic_07.txt,25-11-601,SRS,0X95A4,Belt Status,359,2026-05-14 07:51:00
Prod_Diagnostic_07.txt,25-11-601,SRS,0XDDFB,Vehicle Speed,489,2026-05-14 04:16:00
Prod_Diagnostic_07.txt,25-11-601,SRS,0XDDFB,Seat Occupancy,785,2026-05-14 04:16:00
Prod_Diagnostic_07.txt,25-11-601,SRS,0XDDFB,Crash Counter,239,2026-05-14 04:16:00
Prod_Diagnostic_07.txt,25-11-601,SRS,0XDDFB,Supply Voltage,932,2026-05-14 04:16:00
Prod_Diagnostic_07.txt,25-11-601,SRS,0XDDFB,Belt Status,880,2026-05-14 04:16:00
Prod_Diagnostic_07.txt,25-11-601,SRS,0X5884,Vehicle Speed,762,2026-05-07 00:45:00
Prod_Diagnostic_07.txt,25-11-601,SRS,0X5884,Seat Occupancy,809,2026-05-07 00:45:00
Prod_Diagnostic_07.txt,25-11-601,SRS,0X5884,Crash Counter,8,2026-05-07 00:45:00
Prod_Diagnostic_07.txt,25-11-601,SRS,0X5884,Supply Voltage,592,2026-05-07 00:45:00
Prod_Diagnostic_07.txt,25-11-601,SRS,0X5884,Belt Status,536,2026-05-07 00:45:00
Prod_Diagnostic_07.txt,25-11-601,SRS,0X950F,Vehicle Speed,371,2026-05-23 10:26:00
Prod_Diagnostic_07.txt,25-11-601,SRS,0X950F,Seat Occupancy,110,2026-05-23 10:26:00
Prod_Diagnostic_07.txt,25-11-601,SRS,0X950F,Crash Counter,159,2026-05-23 10:26:00
Prod_Diagnostic_07.txt,25-11-601,SRS,0X950F,Supply Voltage,437,2026-05-23 10:26:00
Prod_Diagnostic_07.txt,25-11-601,SRS,0X950F,Belt Status,668,2026-05-23 10:26:00
Prod_Diagnostic_07.txt,25-11-601,SRS,0X50EE,Vehicle Speed,697,2026-05-12 19:17:00
Prod_Diagnostic_07.txt,25-11-601,SRS,0X50EE,Seat Occupancy,407,2026-05-12 19:17:00
Prod_Diagnostic_07.txt,25-11-601,SRS,0X50EE,Crash Counter,774,2026-05-12 19:17:00
Prod_Diagnostic_07.txt,25-11-601,SRS,0X50EE,Supply Voltage,209,2026-05-12 19:17:00
Prod_Diagnostic_07.txt,25-11-601,SRS,0X50EE,Belt Status,424,2026-05-12 19:17:00
Prod_Diagnostic_07.txt,25-11-601,HVAC,0XD8A6,Cabin Temp,260,2026-05-18 17:30:00
Prod_Diagnostic_07.txt,25-11-601,HVAC,0XD8A6,Blower Speed,315,2026-05-18 17:30:00
Prod_Diagnostic_07.txt,25-11-601,HVAC,0XD8A6,Evap Temp,592,2026-05-18 17:30:00
Prod_Diagnostic_07.txt,25-11-601,HVAC,0XD8A6,Ambient Temp,353,2026-05-18 17:30:00
Prod_Diagnostic_07.txt,25-11-601,HVAC,0XD8A6,AC Pressure,793,2026-05-18 17:30:00
Prod_Diagnostic_07.txt,25-11-601,HVAC,0XCC5C,Cabin Temp,103,2026-05-15 22:10:00
Prod_Diagnostic_07.txt,25-11-601,HVAC,0XCC5C,Blower Speed,220,2026-05-15 22:10:00
Prod_Diagnostic_07.txt,25-11-601,HVAC,0XCC5C,Evap Temp,521,2026-05-15 22:10:00
Prod_Diagnostic_07.txt,25-11-601,HVAC,0XCC5C,Ambient Temp,411,2026-05-15 22:10:00
Prod_Diagnostic_07.txt,25-11-601,HVAC,0XCC5C,AC Pressure,805,2026-05-15 22:10:00
Prod_Diagnostic_07.txt,25-11-601,HVAC,0XDD04,Cabin Temp,824,2026-05-13 20:00:00
Prod_Diagnostic_07.txt,25-11-601,HVAC,0XDD04,Blower Speed,94,2026-05-13 20:00:00
Prod_Diagnostic_07.txt,25-11-601,HVAC,0XDD04,Evap Temp,844,2026-05-13 20:00:00
Prod_Diagnostic_07.txt,25-11-601,HVAC,0XDD04,Ambient Temp,149,2026-05-13 20:00:00
Prod_Diagnostic_07.txt,25-11-601,HVAC,0XDD04,AC Pressure,483,2026-05-13 20:00:00
Prod_Diagnostic_07.txt,25-11-601,HVAC,0X7F74,Cabin Temp,39,2026-05-12 02:38:00
Prod_Diagnostic_07.txt,25-11-601,HVAC,0X7F74,Blower Speed,742,2026-05-12 02:38:00
Prod_Diagnostic_07.txt,25-11-601,HVAC,0X7F74,Evap Temp,394,2026-05-12 02:38:00
Prod_Diagnostic_07.txt,25-11-601,HVAC,0X7F74,Ambient Temp,954,2026-05-12 02:38:00
Prod_Diagnostic_07.txt,25-11-601,HVAC,0X7F74,AC Pressure,411,2026-05-12 02:38:00
Prod_Diagnostic_07.txt,25-11-601,HVAC,0XB7FB,Cabin Temp,507,2026-05-25 05:40:00
Prod_Diagnostic_07.txt,25-11-601,HVAC,0XB7FB,Blower Speed,450,2026-05-25 05:40:00
Prod_Diagnostic_07.txt,25-11-601,HVAC,0XB7FB,Evap Temp,11,2026-05-25 05:40:00
Prod_Diagnostic_07.txt,25-11-601,HVAC,0XB7FB,Ambient Temp,207,2026-05-25 05:40:00
Prod_Diagnostic_07.txt,25-11-601,HVAC,0XB7FB,AC Pressure,871,2026-05-25 05:40:00
Prod_Diagnostic_07.txt,25-11-601,OBC,0X5937,AC Voltage,630,2026-05-17 22:14:00
Prod_Diagnostic_07.txt,25-11-601,OBC,0X5937,Charge Current,174,2026-05-17 22:14:00
Prod_Diagnostic_07.txt,25-11-601,OBC,0X5937,Battery Temp,691,2026-05-17 22:14:00
Prod_Diagnostic_07.txt,25-11-601,OBC,0X5937,SOC,37,2026-05-17 22:14:00
Prod_Diagnostic_07.txt,25-11-601,OBC,0X5937,Input Freq,369,2026-05-17 22:14:00
Prod_Diagnostic_07.txt,25-11-601,OBC,0XB7AF,AC Voltage,686,2026-05-25 12:22:00
Prod_Diagnostic_07.txt,25-11-601,OBC,0XB7AF,Charge Current,405,2026-05-25 12:22:00
Prod_Diagnostic_07.txt,25-11-601,OBC,0XB7AF,Battery Temp,416,2026-05-25 12:22:00
Prod_Diagnostic_07.txt,25-11-601,OBC,0XB7AF,SOC,601,2026-05-25 12:22:00
Prod_Diagnostic_07.txt,25-11-601,OBC,0XB7AF,Input Freq,206,2026-05-25 12:22:00
Prod_Diagnostic_07.txt,25-11-601,OBC,0X13EF,AC Voltage,850,2026-05-18 09:46:00
Prod_Diagnostic_07.txt,25-11-601,OBC,0X13EF,Charge Current,573,2026-05-18 09:46:00
Prod_Diagnostic_07.txt,25-11-601,OBC,0X13EF,Battery Temp,937,2026-05-18 09:46:00
Prod_Diagnostic_07.txt,25-11-601,OBC,0X13EF,SOC,597,2026-05-18 09:46:00
Prod_Diagnostic_07.txt,25-11-601,OBC,0X13EF,Input Freq,357,2026-05-18 09:46:00
Prod_Diagnostic_07.txt,25-11-601,OBC,0XE0C5,AC Voltage,5,2026-05-15 12:36:00
Prod_Diagnostic_07.txt,25-11-601,OBC,0XE0C5,Charge Current,268,2026-05-15 12:36:00
Prod_Diagnostic_07.txt,25-11-601,OBC,0XE0C5,Battery Temp,180,2026-05-15 12:36:00
Prod_Diagnostic_07.txt,25-11-601,OBC,0XE0C5,SOC,417,2026-05-15 12:36:00
Prod_Diagnostic_07.txt,25-11-601,OBC,0XE0C5,Input Freq,519,2026-05-15 12:36:00
Prod_Diagnostic_07.txt,25-11-601,OBC,0X9F02,AC Voltage,898,2026-05-04 16:16:00
Prod_Diagnostic_07.txt,25-11-601,OBC,0X9F02,Charge Current,551,2026-05-04 16:16:00
Prod_Diagnostic_07.txt,25-11-601,OBC,0X9F02,Battery Temp,833,2026-05-04 16:16:00
Prod_Diagnostic_07.txt,25-11-601,OBC,0X9F02,SOC,813,2026-05-04 16:16:00
Prod_Diagnostic_07.txt,25-11-601,OBC,0X9F02,Input Freq,589,2026-05-04 16:16:00
Prod_Diagnostic_07.txt,25-11-601,ECM,0XC1B6,RPM,348,2026-05-25 07:48:00
Prod_Diagnostic_07.txt,25-11-601,ECM,0XC1B6,Coolant Temp,985,2026-05-25 07:48:00
Prod_Diagnostic_07.txt,25-11-601,ECM,0XC1B6,Fuel Pressure,795,2026-05-25 07:48:00
Prod_Diagnostic_07.txt,25-11-601,ECM,0XC1B6,Boost Pressure,470,2026-05-25 07:48:00
Prod_Diagnostic_07.txt,25-11-601,ECM,0XC1B6,Engine Load,698,2026-05-25 07:48:00
Prod_Diagnostic_07.txt,25-11-601,ECM,0XF582,RPM,649,2026-05-09 02:24:00
Prod_Diagnostic_07.txt,25-11-601,ECM,0XF582,Coolant Temp,808,2026-05-09 02:24:00
Prod_Diagnostic_07.txt,25-11-601,ECM,0XF582,Fuel Pressure,226,2026-05-09 02:24:00
Prod_Diagnostic_07.txt,25-11-601,ECM,0XF582,Boost Pressure,694,2026-05-09 02:24:00
Prod_Diagnostic_07.txt,25-11-601,ECM,0XF582,Engine Load,719,2026-05-09 02:24:00
Prod_Diagnostic_07.txt,25-11-601,ECM,0XDCD7,RPM,853,2026-05-18 00:44:00
Prod_Diagnostic_07.txt,25-11-601,ECM,0XDCD7,Coolant Temp,270,2026-05-18 00:44:00
Prod_Diagnostic_07.txt,25-11-601,ECM,0XDCD7,Fuel Pressure,255,2026-05-18 00:44:00
Prod_Diagnostic_07.txt,25-11-601,ECM,0XDCD7,Boost Pressure,295,2026-05-18 00:44:00
Prod_Diagnostic_07.txt,25-11-601,ECM,0XDCD7,Engine Load,96,2026-05-18 00:44:00
Prod_Diagnostic_07.txt,25-11-601,ECM,0XBC77,RPM,363,2026-05-06 15:20:00
Prod_Diagnostic_07.txt,25-11-601,ECM,0XBC77,Coolant Temp,224,2026-05-06 15:20:00
Prod_Diagnostic_07.txt,25-11-601,ECM,0XBC77,Fuel Pressure,916,2026-05-06 15:20:00
Prod_Diagnostic_07.txt,25-11-601,ECM,0XBC77,Boost Pressure,588,2026-05-06 15:20:00
Prod_Diagnostic_07.txt,25-11-601,ECM,0XBC77,Engine Load,276,2026-05-06 15:20:00
Prod_Diagnostic_07.txt,25-11-601,ECM,0XCF04,RPM,894,2026-05-08 23:15:00
Prod_Diagnostic_07.txt,25-11-601,ECM,0XCF04,Coolant Temp,272,2026-05-08 23:15:00
Prod_Diagnostic_07.txt,25-11-601,ECM,0XCF04,Fuel Pressure,212,2026-05-08 23:15:00
Prod_Diagnostic_07.txt,25-11-601,ECM,0XCF04,Boost Pressure,235,2026-05-08 23:15:00
Prod_Diagnostic_07.txt,25-11-601,ECM,0XCF04,Engine Load,208,2026-05-08 23:15:00
Prod_Diagnostic_07.txt,25-11-601,BCM,0XE61A,Battery Voltage,979,2026-05-04 02:43:00
Prod_Diagnostic_07.txt,25-11-601,BCM,0XE61A,Door Status,680,2026-05-04 02:43:00
Prod_Diagnostic_07.txt,25-11-601,BCM,0XE61A,Lock State,505,2026-05-04 02:43:00
Prod_Diagnostic_07.txt,25-11-601,BCM,0XE61A,Ignition,629,2026-05-04 02:43:00
Prod_Diagnostic_07.txt,25-11-601,BCM,0XE61A,Window Pos,7,2026-05-04 02:43:00
Prod_Diagnostic_07.txt,25-11-601,BCM,0X1AD1,Battery Voltage,282,2026-05-16 18:55:00
Prod_Diagnostic_07.txt,25-11-601,BCM,0X1AD1,Door Status,503,2026-05-16 18:55:00
Prod_Diagnostic_07.txt,25-11-601,BCM,0X1AD1,Lock State,188,2026-05-16 18:55:00
Prod_Diagnostic_07.txt,25-11-601,BCM,0X1AD1,Ignition,783,2026-05-16 18:55:00
Prod_Diagnostic_07.txt,25-11-601,BCM,0X1AD1,Window Pos,938,2026-05-16 18:55:00
Prod_Diagnostic_07.txt,25-11-601,BCM,0X57BF,Battery Voltage,434,2026-05-02 16:51:00
Prod_Diagnostic_07.txt,25-11-601,BCM,0X57BF,Door Status,490,2026-05-02 16:51:00
Prod_Diagnostic_07.txt,25-11-601,BCM,0X57BF,Lock State,963,2026-05-02 16:51:00
Prod_Diagnostic_07.txt,25-11-601,BCM,0X57BF,Ignition,554,2026-05-02 16:51:00
Prod_Diagnostic_07.txt,25-11-601,BCM,0X57BF,Window Pos,34,2026-05-02 16:51:00
Prod_Diagnostic_07.txt,25-11-601,BCM,0X68E7,Battery Voltage,472,2026-05-04 22:33:00
Prod_Diagnostic_07.txt,25-11-601,BCM,0X68E7,Door Status,324,2026-05-04 22:33:00
Prod_Diagnostic_07.txt,25-11-601,BCM,0X68E7,Lock State,706,2026-05-04 22:33:00
Prod_Diagnostic_07.txt,25-11-601,BCM,0X68E7,Ignition,9,2026-05-04 22:33:00
Prod_Diagnostic_07.txt,25-11-601,BCM,0X68E7,Window Pos,13,2026-05-04 22:33:00
Prod_Diagnostic_07.txt,25-11-601,BCM,0X7122,Battery Voltage,562,2026-05-20 08:11:00
Prod_Diagnostic_07.txt,25-11-601,BCM,0X7122,Door Status,270,2026-05-20 08:11:00
Prod_Diagnostic_07.txt,25-11-601,BCM,0X7122,Lock State,243,2026-05-20 08:11:00
Prod_Diagnostic_07.txt,25-11-601,BCM,0X7122,Ignition,276,2026-05-20 08:11:00
Prod_Diagnostic_07.txt,25-11-601,BCM,0X7122,Window Pos,483,2026-05-20 08:11:00
Prod_Diagnostic_07.txt,25-11-601,ADAS,0X67D5,CPU Load,771,2026-05-07 13:44:00
Prod_Diagnostic_07.txt,25-11-601,ADAS,0X67D5,Lane State,382,2026-05-07 13:44:00
Prod_Diagnostic_07.txt,25-11-601,ADAS,0X67D5,Object Count,374,2026-05-07 13:44:00
Prod_Diagnostic_07.txt,25-11-601,ADAS,0X67D5,Voltage,875,2026-05-07 13:44:00
Prod_Diagnostic_07.txt,25-11-601,ADAS,0X67D5,Speed,411,2026-05-07 13:44:00
Prod_Diagnostic_07.txt,25-11-601,ADAS,0X8362,CPU Load,103,2026-05-22 07:52:00
Prod_Diagnostic_07.txt,25-11-601,ADAS,0X8362,Lane State,739,2026-05-22 07:52:00
Prod_Diagnostic_07.txt,25-11-601,ADAS,0X8362,Object Count,277,2026-05-22 07:52:00
Prod_Diagnostic_07.txt,25-11-601,ADAS,0X8362,Voltage,824,2026-05-22 07:52:00
Prod_Diagnostic_07.txt,25-11-601,ADAS,0X8362,Speed,242,2026-05-22 07:52:00
Prod_Diagnostic_07.txt,25-11-601,ADAS,0X7EA5,CPU Load,432,2026-05-16 00:11:00
Prod_Diagnostic_07.txt,25-11-601,ADAS,0X7EA5,Lane State,512,2026-05-16 00:11:00
Prod_Diagnostic_07.txt,25-11-601,ADAS,0X7EA5,Object Count,138,2026-05-16 00:11:00
Prod_Diagnostic_07.txt,25-11-601,ADAS,0X7EA5,Voltage,915,2026-05-16 00:11:00
Prod_Diagnostic_07.txt,25-11-601,ADAS,0X7EA5,Speed,870,2026-05-16 00:11:00
Prod_Diagnostic_07.txt,25-11-601,ADAS,0X98B3,CPU Load,582,2026-05-09 17:54:00
Prod_Diagnostic_07.txt,25-11-601,ADAS,0X98B3,Lane State,49,2026-05-09 17:54:00
Prod_Diagnostic_07.txt,25-11-601,ADAS,0X98B3,Object Count,408,2026-05-09 17:54:00
Prod_Diagnostic_07.txt,25-11-601,ADAS,0X98B3,Voltage,102,2026-05-09 17:54:00
Prod_Diagnostic_07.txt,25-11-601,ADAS,0X98B3,Speed,708,2026-05-09 17:54:00
Prod_Diagnostic_07.txt,25-11-601,ADAS,0X1F5E,CPU Load,267,2026-05-15 23:21:00
Prod_Diagnostic_07.txt,25-11-601,ADAS,0X1F5E,Lane State,370,2026-05-15 23:21:00
Prod_Diagnostic_07.txt,25-11-601,ADAS,0X1F5E,Object Count,369,2026-05-15 23:21:00
Prod_Diagnostic_07.txt,25-11-601,ADAS,0X1F5E,Voltage,574,2026-05-15 23:21:00
Prod_Diagnostic_07.txt,25-11-601,ADAS,0X1F5E,Speed,571,2026-05-15 23:21:00
Prod_Diagnostic_07.txt,25-11-601,RADAR,0X6819,Target Distance,204,2026-05-28 21:38:00
Prod_Diagnostic_07.txt,25-11-601,RADAR,0X6819,Relative Speed,591,2026-05-28 21:38:00
Prod_Diagnostic_07.txt,25-11-601,RADAR,0X6819,Object Count,590,2026-05-28 21:38:00
Prod_Diagnostic_07.txt,25-11-601,RADAR,0X6819,Speed,666,2026-05-28 21:38:00
Prod_Diagnostic_07.txt,25-11-601,RADAR,0X6819,Temperature,665,2026-05-28 21:38:00
Prod_Diagnostic_07.txt,25-11-601,RADAR,0X3CAE,Target Distance,911,2026-05-16 23:28:00
Prod_Diagnostic_07.txt,25-11-601,RADAR,0X3CAE,Relative Speed,81,2026-05-16 23:28:00
Prod_Diagnostic_07.txt,25-11-601,RADAR,0X3CAE,Object Count,391,2026-05-16 23:28:00
Prod_Diagnostic_07.txt,25-11-601,RADAR,0X3CAE,Speed,629,2026-05-16 23:28:00
Prod_Diagnostic_07.txt,25-11-601,RADAR,0X3CAE,Temperature,294,2026-05-16 23:28:00
Prod_Diagnostic_07.txt,25-11-601,RADAR,0XB1B7,Target Distance,586,2026-05-14 20:39:00
Prod_Diagnostic_07.txt,25-11-601,RADAR,0XB1B7,Relative Speed,415,2026-05-14 20:39:00
Prod_Diagnostic_07.txt,25-11-601,RADAR,0XB1B7,Object Count,870,2026-05-14 20:39:00
Prod_Diagnostic_07.txt,25-11-601,RADAR,0XB1B7,Speed,929,2026-05-14 20:39:00
Prod_Diagnostic_07.txt,25-11-601,RADAR,0XB1B7,Temperature,74,2026-05-14 20:39:00
Prod_Diagnostic_07.txt,25-11-601,RADAR,0X3978,Target Distance,274,2026-05-21 09:45:00
Prod_Diagnostic_07.txt,25-11-601,RADAR,0X3978,Relative Speed,620,2026-05-21 09:45:00
Prod_Diagnostic_07.txt,25-11-601,RADAR,0X3978,Object Count,661,2026-05-21 09:45:00
Prod_Diagnostic_07.txt,25-11-601,RADAR,0X3978,Speed,405,2026-05-21 09:45:00
Prod_Diagnostic_07.txt,25-11-601,RADAR,0X3978,Temperature,278,2026-05-21 09:45:00
Prod_Diagnostic_07.txt,25-11-601,RADAR,0XD7ED,Target Distance,189,2026-05-15 13:10:00
Prod_Diagnostic_07.txt,25-11-601,RADAR,0XD7ED,Relative Speed,875,2026-05-15 13:10:00
Prod_Diagnostic_07.txt,25-11-601,RADAR,0XD7ED,Object Count,24,2026-05-15 13:10:00
Prod_Diagnostic_07.txt,25-11-601,RADAR,0XD7ED,Speed,129,2026-05-15 13:10:00
Prod_Diagnostic_07.txt,25-11-601,RADAR,0XD7ED,Temperature,746,2026-05-15 13:10:00
Prod_Diagnostic_07.txt,25-11-601,BMS,0XB97A,SOC,98,2026-05-06 12:06:00
Prod_Diagnostic_07.txt,25-11-601,BMS,0XB97A,SOH,66,2026-05-06 12:06:00
Prod_Diagnostic_07.txt,25-11-601,BMS,0XB97A,HV Voltage,960,2026-05-06 12:06:00
Prod_Diagnostic_07.txt,25-11-601,BMS,0XB97A,Cell Temp Max,900,2026-05-06 12:06:00
Prod_Diagnostic_07.txt,25-11-601,BMS,0XB97A,Cell Temp Min,485,2026-05-06 12:06:00
Prod_Diagnostic_07.txt,25-11-601,BMS,0X1DC7,SOC,269,2026-05-25 02:06:00
Prod_Diagnostic_07.txt,25-11-601,BMS,0X1DC7,SOH,633,2026-05-25 02:06:00
Prod_Diagnostic_07.txt,25-11-601,BMS,0X1DC7,HV Voltage,160,2026-05-25 02:06:00
Prod_Diagnostic_07.txt,25-11-601,BMS,0X1DC7,Cell Temp Max,87,2026-05-25 02:06:00
Prod_Diagnostic_07.txt,25-11-601,BMS,0X1DC7,Cell Temp Min,671,2026-05-25 02:06:00
Prod_Diagnostic_07.txt,25-11-601,BMS,0X5F32,SOC,540,2026-05-21 04:08:00
Prod_Diagnostic_07.txt,25-11-601,BMS,0X5F32,SOH,859,2026-05-21 04:08:00
Prod_Diagnostic_07.txt,25-11-601,BMS,0X5F32,HV Voltage,175,2026-05-21 04:08:00
Prod_Diagnostic_07.txt,25-11-601,BMS,0X5F32,Cell Temp Max,30,2026-05-21 04:08:00
Prod_Diagnostic_07.txt,25-11-601,BMS,0X5F32,Cell Temp Min,36,2026-05-21 04:08:00
Prod_Diagnostic_07.txt,25-11-601,BMS,0XEC41,SOC,139,2026-05-09 17:28:00
Prod_Diagnostic_07.txt,25-11-601,BMS,0XEC41,SOH,993,2026-05-09 17:28:00
Prod_Diagnostic_07.txt,25-11-601,BMS,0XEC41,HV Voltage,972,2026-05-09 17:28:00
Prod_Diagnostic_07.txt,25-11-601,BMS,0XEC41,Cell Temp Max,715,2026-05-09 17:28:00
Prod_Diagnostic_07.txt,25-11-601,BMS,0XEC41,Cell Temp Min,553,2026-05-09 17:28:00
Prod_Diagnostic_07.txt,25-11-601,BMS,0XA740,SOC,655,2026-05-14 16:40:00
Prod_Diagnostic_07.txt,25-11-601,BMS,0XA740,SOH,547,2026-05-14 16:40:00
Prod_Diagnostic_07.txt,25-11-601,BMS,0XA740,HV Voltage,318,2026-05-14 16:40:00
Prod_Diagnostic_07.txt,25-11-601,BMS,0XA740,Cell Temp Max,931,2026-05-14 16:40:00
Prod_Diagnostic_07.txt,25-11-601,BMS,0XA740,Cell Temp Min,356,2026-05-14 16:40:00
Prod_Diagnostic_07.txt,25-11-601,FCAM,0X9A27,Lane Confidence,160,2026-05-12 13:16:00
Prod_Diagnostic_07.txt,25-11-601,FCAM,0X9A27,Visibility,311,2026-05-12 13:16:00
Prod_Diagnostic_07.txt,25-11-601,FCAM,0X9A27,Image Quality,11,2026-05-12 13:16:00
Prod_Diagnostic_07.txt,25-11-601,FCAM,0X9A27,Speed,1,2026-05-12 13:16:00
Prod_Diagnostic_07.txt,25-11-601,FCAM,0X9A27,Light Level,536,2026-05-12 13:16:00
Prod_Diagnostic_07.txt,25-11-601,FCAM,0X6808,Lane Confidence,489,2026-05-23 15:48:00
Prod_Diagnostic_07.txt,25-11-601,FCAM,0X6808,Visibility,307,2026-05-23 15:48:00
Prod_Diagnostic_07.txt,25-11-601,FCAM,0X6808,Image Quality,10,2026-05-23 15:48:00
Prod_Diagnostic_07.txt,25-11-601,FCAM,0X6808,Speed,785,2026-05-23 15:48:00
Prod_Diagnostic_07.txt,25-11-601,FCAM,0X6808,Light Level,441,2026-05-23 15:48:00
Prod_Diagnostic_07.txt,25-11-601,FCAM,0XA8D5,Lane Confidence,575,2026-05-07 13:56:00
Prod_Diagnostic_07.txt,25-11-601,FCAM,0XA8D5,Visibility,448,2026-05-07 13:56:00
Prod_Diagnostic_07.txt,25-11-601,FCAM,0XA8D5,Image Quality,405,2026-05-07 13:56:00
Prod_Diagnostic_07.txt,25-11-601,FCAM,0XA8D5,Speed,256,2026-05-07 13:56:00
Prod_Diagnostic_07.txt,25-11-601,FCAM,0XA8D5,Light Level,168,2026-05-07 13:56:00
Prod_Diagnostic_07.txt,25-11-601,FCAM,0XE413,Lane Confidence,530,2026-05-14 20:15:00
Prod_Diagnostic_07.txt,25-11-601,FCAM,0XE413,Visibility,783,2026-05-14 20:15:00
Prod_Diagnostic_07.txt,25-11-601,FCAM,0XE413,Image Quality,820,2026-05-14 20:15:00
Prod_Diagnostic_07.txt,25-11-601,FCAM,0XE413,Speed,932,2026-05-14 20:15:00
Prod_Diagnostic_07.txt,25-11-601,FCAM,0XE413,Light Level,628,2026-05-14 20:15:00
Prod_Diagnostic_07.txt,25-11-601,FCAM,0X58E0,Lane Confidence,71,2026-05-14 06:54:00
Prod_Diagnostic_07.txt,25-11-601,FCAM,0X58E0,Visibility,187,2026-05-14 06:54:00
Prod_Diagnostic_07.txt,25-11-601,FCAM,0X58E0,Image Quality,140,2026-05-14 06:54:00
Prod_Diagnostic_07.txt,25-11-601,FCAM,0X58E0,Speed,297,2026-05-14 06:54:00
Prod_Diagnostic_07.txt,25-11-601,FCAM,0X58E0,Light Level,114,2026-05-14 06:54:00
Prod_Diagnostic_08.txt,25-11-601,EPS,0X5BB1,Steering Angle,389,2026-05-01 20:32:00
Prod_Diagnostic_08.txt,25-11-601,EPS,0X5BB1,Driver Torque,752,2026-05-01 20:32:00
Prod_Diagnostic_08.txt,25-11-601,EPS,0X5BB1,Motor Current,190,2026-05-01 20:32:00
Prod_Diagnostic_08.txt,25-11-601,EPS,0X5BB1,Supply Voltage,905,2026-05-01 20:32:00
Prod_Diagnostic_08.txt,25-11-601,EPS,0X5BB1,Speed,20,2026-05-01 20:32:00
Prod_Diagnostic_08.txt,25-11-601,EPS,0XEB59,Steering Angle,675,2026-05-11 23:04:00
Prod_Diagnostic_08.txt,25-11-601,EPS,0XEB59,Driver Torque,991,2026-05-11 23:04:00
Prod_Diagnostic_08.txt,25-11-601,EPS,0XEB59,Motor Current,552,2026-05-11 23:04:00
Prod_Diagnostic_08.txt,25-11-601,EPS,0XEB59,Supply Voltage,839,2026-05-11 23:04:00
Prod_Diagnostic_08.txt,25-11-601,EPS,0XEB59,Speed,397,2026-05-11 23:04:00
Prod_Diagnostic_08.txt,25-11-601,EPS,0X9629,Steering Angle,420,2026-05-20 09:20:00
Prod_Diagnostic_08.txt,25-11-601,EPS,0X9629,Driver Torque,657,2026-05-20 09:20:00
Prod_Diagnostic_08.txt,25-11-601,EPS,0X9629,Motor Current,330,2026-05-20 09:20:00
Prod_Diagnostic_08.txt,25-11-601,EPS,0X9629,Supply Voltage,114,2026-05-20 09:20:00
Prod_Diagnostic_08.txt,25-11-601,EPS,0X9629,Speed,99,2026-05-20 09:20:00
Prod_Diagnostic_08.txt,25-11-601,EPS,0XB8AD,Steering Angle,110,2026-05-28 01:12:00
Prod_Diagnostic_08.txt,25-11-601,EPS,0XB8AD,Driver Torque,498,2026-05-28 01:12:00
Prod_Diagnostic_08.txt,25-11-601,EPS,0XB8AD,Motor Current,197,2026-05-28 01:12:00
Prod_Diagnostic_08.txt,25-11-601,EPS,0XB8AD,Supply Voltage,102,2026-05-28 01:12:00
Prod_Diagnostic_08.txt,25-11-601,EPS,0XB8AD,Speed,33,2026-05-28 01:12:00
Prod_Diagnostic_08.txt,25-11-601,EPS,0XB449,Steering Angle,263,2026-05-20 22:37:00
Prod_Diagnostic_08.txt,25-11-601,EPS,0XB449,Driver Torque,51,2026-05-20 22:37:00
Prod_Diagnostic_08.txt,25-11-601,EPS,0XB449,Motor Current,376,2026-05-20 22:37:00
Prod_Diagnostic_08.txt,25-11-601,EPS,0XB449,Supply Voltage,227,2026-05-20 22:37:00
Prod_Diagnostic_08.txt,25-11-601,EPS,0XB449,Speed,621,2026-05-20 22:37:00
Prod_Diagnostic_08.txt,25-11-601,ABS,0X1359,Wheel FL,370,2026-05-15 20:03:00
Prod_Diagnostic_08.txt,25-11-601,ABS,0X1359,Wheel FR,572,2026-05-15 20:03:00
Prod_Diagnostic_08.txt,25-11-601,ABS,0X1359,Brake Pressure,762,2026-05-15 20:03:00
Prod_Diagnostic_08.txt,25-11-601,ABS,0X1359,Yaw Rate,961,2026-05-15 20:03:00
Prod_Diagnostic_08.txt,25-11-601,ABS,0X1359,Vehicle Speed,912,2026-05-15 20:03:00
Prod_Diagnostic_08.txt,25-11-601,ABS,0XE270,Wheel FL,752,2026-05-09 16:02:00
Prod_Diagnostic_08.txt,25-11-601,ABS,0XE270,Wheel FR,73,2026-05-09 16:02:00
Prod_Diagnostic_08.txt,25-11-601,ABS,0XE270,Brake Pressure,855,2026-05-09 16:02:00
Prod_Diagnostic_08.txt,25-11-601,ABS,0XE270,Yaw Rate,312,2026-05-09 16:02:00
Prod_Diagnostic_08.txt,25-11-601,ABS,0XE270,Vehicle Speed,80,2026-05-09 16:02:00
Prod_Diagnostic_08.txt,25-11-601,ABS,0X94FC,Wheel FL,539,2026-05-13 06:12:00
Prod_Diagnostic_08.txt,25-11-601,ABS,0X94FC,Wheel FR,673,2026-05-13 06:12:00
Prod_Diagnostic_08.txt,25-11-601,ABS,0X94FC,Brake Pressure,255,2026-05-13 06:12:00
Prod_Diagnostic_08.txt,25-11-601,ABS,0X94FC,Yaw Rate,584,2026-05-13 06:12:00
Prod_Diagnostic_08.txt,25-11-601,ABS,0X94FC,Vehicle Speed,641,2026-05-13 06:12:00
Prod_Diagnostic_08.txt,25-11-601,ABS,0X9EF4,Wheel FL,367,2026-05-25 20:36:00
Prod_Diagnostic_08.txt,25-11-601,ABS,0X9EF4,Wheel FR,691,2026-05-25 20:36:00
Prod_Diagnostic_08.txt,25-11-601,ABS,0X9EF4,Brake Pressure,470,2026-05-25 20:36:00
Prod_Diagnostic_08.txt,25-11-601,ABS,0X9EF4,Yaw Rate,720,2026-05-25 20:36:00
Prod_Diagnostic_08.txt,25-11-601,ABS,0X9EF4,Vehicle Speed,682,2026-05-25 20:36:00
Prod_Diagnostic_08.txt,25-11-601,ABS,0XF200,Wheel FL,674,2026-05-13 16:21:00
Prod_Diagnostic_08.txt,25-11-601,ABS,0XF200,Wheel FR,162,2026-05-13 16:21:00
Prod_Diagnostic_08.txt,25-11-601,ABS,0XF200,Brake Pressure,547,2026-05-13 16:21:00
Prod_Diagnostic_08.txt,25-11-601,ABS,0XF200,Yaw Rate,615,2026-05-13 16:21:00
Prod_Diagnostic_08.txt,25-11-601,ABS,0XF200,Vehicle Speed,454,2026-05-13 16:21:00
Prod_Diagnostic_08.txt,25-11-601,RADAR,0XF709,Target Distance,846,2026-05-14 20:27:00
Prod_Diagnostic_08.txt,25-11-601,RADAR,0XF709,Relative Speed,744,2026-05-14 20:27:00
Prod_Diagnostic_08.txt,25-11-601,RADAR,0XF709,Object Count,332,2026-05-14 20:27:00
Prod_Diagnostic_08.txt,25-11-601,RADAR,0XF709,Speed,624,2026-05-14 20:27:00
Prod_Diagnostic_08.txt,25-11-601,RADAR,0XF709,Temperature,247,2026-05-14 20:27:00
Prod_Diagnostic_08.txt,25-11-601,RADAR,0X9BAE,Target Distance,983,2026-05-12 14:28:00
Prod_Diagnostic_08.txt,25-11-601,RADAR,0X9BAE,Relative Speed,407,2026-05-12 14:28:00
Prod_Diagnostic_08.txt,25-11-601,RADAR,0X9BAE,Object Count,1,2026-05-12 14:28:00
Prod_Diagnostic_08.txt,25-11-601,RADAR,0X9BAE,Speed,744,2026-05-12 14:28:00
Prod_Diagnostic_08.txt,25-11-601,RADAR,0X9BAE,Temperature,36,2026-05-12 14:28:00
Prod_Diagnostic_08.txt,25-11-601,RADAR,0XA883,Target Distance,220,2026-05-01 09:14:00
Prod_Diagnostic_08.txt,25-11-601,RADAR,0XA883,Relative Speed,877,2026-05-01 09:14:00
Prod_Diagnostic_08.txt,25-11-601,RADAR,0XA883,Object Count,323,2026-05-01 09:14:00
Prod_Diagnostic_08.txt,25-11-601,RADAR,0XA883,Speed,23,2026-05-01 09:14:00
Prod_Diagnostic_08.txt,25-11-601,RADAR,0XA883,Temperature,791,2026-05-01 09:14:00
Prod_Diagnostic_08.txt,25-11-601,RADAR,0XFB4A,Target Distance,39,2026-05-19 04:06:00
Prod_Diagnostic_08.txt,25-11-601,RADAR,0XFB4A,Relative Speed,472,2026-05-19 04:06:00
Prod_Diagnostic_08.txt,25-11-601,RADAR,0XFB4A,Object Count,365,2026-05-19 04:06:00
Prod_Diagnostic_08.txt,25-11-601,RADAR,0XFB4A,Speed,160,2026-05-19 04:06:00
Prod_Diagnostic_08.txt,25-11-601,RADAR,0XFB4A,Temperature,142,2026-05-19 04:06:00
Prod_Diagnostic_08.txt,25-11-601,RADAR,0X6DF9,Target Distance,585,2026-05-26 09:05:00
Prod_Diagnostic_08.txt,25-11-601,RADAR,0X6DF9,Relative Speed,410,2026-05-26 09:05:00
Prod_Diagnostic_08.txt,25-11-601,RADAR,0X6DF9,Object Count,583,2026-05-26 09:05:00
Prod_Diagnostic_08.txt,25-11-601,RADAR,0X6DF9,Speed,940,2026-05-26 09:05:00
Prod_Diagnostic_08.txt,25-11-601,RADAR,0X6DF9,Temperature,223,2026-05-26 09:05:00
Prod_Diagnostic_08.txt,25-11-601,SRS,0XC93C,Vehicle Speed,591,2026-05-27 22:44:00
Prod_Diagnostic_08.txt,25-11-601,SRS,0XC93C,Seat Occupancy,840,2026-05-27 22:44:00
Prod_Diagnostic_08.txt,25-11-601,SRS,0XC93C,Crash Counter,930,2026-05-27 22:44:00
Prod_Diagnostic_08.txt,25-11-601,SRS,0XC93C,Supply Voltage,98,2026-05-27 22:44:00
Prod_Diagnostic_08.txt,25-11-601,SRS,0XC93C,Belt Status,610,2026-05-27 22:44:00
Prod_Diagnostic_08.txt,25-11-601,SRS,0X1991,Vehicle Speed,790,2026-05-25 01:58:00
Prod_Diagnostic_08.txt,25-11-601,SRS,0X1991,Seat Occupancy,343,2026-05-25 01:58:00
Prod_Diagnostic_08.txt,25-11-601,SRS,0X1991,Crash Counter,357,2026-05-25 01:58:00
Prod_Diagnostic_08.txt,25-11-601,SRS,0X1991,Supply Voltage,901,2026-05-25 01:58:00
Prod_Diagnostic_08.txt,25-11-601,SRS,0X1991,Belt Status,837,2026-05-25 01:58:00
Prod_Diagnostic_08.txt,25-11-601,SRS,0X7AA1,Vehicle Speed,648,2026-05-01 20:49:00
Prod_Diagnostic_08.txt,25-11-601,SRS,0X7AA1,Seat Occupancy,392,2026-05-01 20:49:00
Prod_Diagnostic_08.txt,25-11-601,SRS,0X7AA1,Crash Counter,56,2026-05-01 20:49:00
Prod_Diagnostic_08.txt,25-11-601,SRS,0X7AA1,Supply Voltage,313,2026-05-01 20:49:00
Prod_Diagnostic_08.txt,25-11-601,SRS,0X7AA1,Belt Status,537,2026-05-01 20:49:00
Prod_Diagnostic_08.txt,25-11-601,SRS,0X61BE,Vehicle Speed,157,2026-05-17 22:14:00
Prod_Diagnostic_08.txt,25-11-601,SRS,0X61BE,Seat Occupancy,52,2026-05-17 22:14:00
Prod_Diagnostic_08.txt,25-11-601,SRS,0X61BE,Crash Counter,690,2026-05-17 22:14:00
Prod_Diagnostic_08.txt,25-11-601,SRS,0X61BE,Supply Voltage,750,2026-05-17 22:14:00
Prod_Diagnostic_08.txt,25-11-601,SRS,0X61BE,Belt Status,403,2026-05-17 22:14:00
Prod_Diagnostic_08.txt,25-11-601,SRS,0XD0BA,Vehicle Speed,806,2026-05-08 13:18:00
Prod_Diagnostic_08.txt,25-11-601,SRS,0XD0BA,Seat Occupancy,404,2026-05-08 13:18:00
Prod_Diagnostic_08.txt,25-11-601,SRS,0XD0BA,Crash Counter,152,2026-05-08 13:18:00
Prod_Diagnostic_08.txt,25-11-601,SRS,0XD0BA,Supply Voltage,136,2026-05-08 13:18:00
Prod_Diagnostic_08.txt,25-11-601,SRS,0XD0BA,Belt Status,345,2026-05-08 13:18:00
Prod_Diagnostic_08.txt,25-11-601,ECM,0X89D1,RPM,409,2026-05-13 08:05:00
Prod_Diagnostic_08.txt,25-11-601,ECM,0X89D1,Coolant Temp,514,2026-05-13 08:05:00
Prod_Diagnostic_08.txt,25-11-601,ECM,0X89D1,Fuel Pressure,445,2026-05-13 08:05:00
Prod_Diagnostic_08.txt,25-11-601,ECM,0X89D1,Boost Pressure,793,2026-05-13 08:05:00
Prod_Diagnostic_08.txt,25-11-601,ECM,0X89D1,Engine Load,715,2026-05-13 08:05:00
Prod_Diagnostic_08.txt,25-11-601,ECM,0XD314,RPM,586,2026-05-16 12:41:00
Prod_Diagnostic_08.txt,25-11-601,ECM,0XD314,Coolant Temp,201,2026-05-16 12:41:00
Prod_Diagnostic_08.txt,25-11-601,ECM,0XD314,Fuel Pressure,575,2026-05-16 12:41:00
Prod_Diagnostic_08.txt,25-11-601,ECM,0XD314,Boost Pressure,631,2026-05-16 12:41:00
Prod_Diagnostic_08.txt,25-11-601,ECM,0XD314,Engine Load,754,2026-05-16 12:41:00
Prod_Diagnostic_08.txt,25-11-601,ECM,0X4F09,RPM,590,2026-05-11 21:59:00
Prod_Diagnostic_08.txt,25-11-601,ECM,0X4F09,Coolant Temp,92,2026-05-11 21:59:00
Prod_Diagnostic_08.txt,25-11-601,ECM,0X4F09,Fuel Pressure,116,2026-05-11 21:59:00
Prod_Diagnostic_08.txt,25-11-601,ECM,0X4F09,Boost Pressure,688,2026-05-11 21:59:00
Prod_Diagnostic_08.txt,25-11-601,ECM,0X4F09,Engine Load,424,2026-05-11 21:59:00
Prod_Diagnostic_08.txt,25-11-601,ECM,0X6D82,RPM,789,2026-05-20 20:01:00
Prod_Diagnostic_08.txt,25-11-601,ECM,0X6D82,Coolant Temp,313,2026-05-20 20:01:00
Prod_Diagnostic_08.txt,25-11-601,ECM,0X6D82,Fuel Pressure,174,2026-05-20 20:01:00
Prod_Diagnostic_08.txt,25-11-601,ECM,0X6D82,Boost Pressure,359,2026-05-20 20:01:00
Prod_Diagnostic_08.txt,25-11-601,ECM,0X6D82,Engine Load,632,2026-05-20 20:01:00
Prod_Diagnostic_08.txt,25-11-601,ECM,0XAF88,RPM,160,2026-05-07 21:23:00
Prod_Diagnostic_08.txt,25-11-601,ECM,0XAF88,Coolant Temp,776,2026-05-07 21:23:00
Prod_Diagnostic_08.txt,25-11-601,ECM,0XAF88,Fuel Pressure,746,2026-05-07 21:23:00
Prod_Diagnostic_08.txt,25-11-601,ECM,0XAF88,Boost Pressure,874,2026-05-07 21:23:00
Prod_Diagnostic_08.txt,25-11-601,ECM,0XAF88,Engine Load,88,2026-05-07 21:23:00
Prod_Diagnostic_08.txt,25-11-601,BCM,0XCD55,Battery Voltage,352,2026-05-28 09:00:00
Prod_Diagnostic_08.txt,25-11-601,BCM,0XCD55,Door Status,711,2026-05-28 09:00:00
Prod_Diagnostic_08.txt,25-11-601,BCM,0XCD55,Lock State,824,2026-05-28 09:00:00
Prod_Diagnostic_08.txt,25-11-601,BCM,0XCD55,Ignition,114,2026-05-28 09:00:00
Prod_Diagnostic_08.txt,25-11-601,BCM,0XCD55,Window Pos,313,2026-05-28 09:00:00
Prod_Diagnostic_08.txt,25-11-601,BCM,0X889F,Battery Voltage,536,2026-05-07 06:34:00
Prod_Diagnostic_08.txt,25-11-601,BCM,0X889F,Door Status,769,2026-05-07 06:34:00
Prod_Diagnostic_08.txt,25-11-601,BCM,0X889F,Lock State,265,2026-05-07 06:34:00
Prod_Diagnostic_08.txt,25-11-601,BCM,0X889F,Ignition,562,2026-05-07 06:34:00
Prod_Diagnostic_08.txt,25-11-601,BCM,0X889F,Window Pos,495,2026-05-07 06:34:00
Prod_Diagnostic_08.txt,25-11-601,BCM,0XCADC,Battery Voltage,45,2026-05-19 21:33:00
Prod_Diagnostic_08.txt,25-11-601,BCM,0XCADC,Door Status,262,2026-05-19 21:33:00
Prod_Diagnostic_08.txt,25-11-601,BCM,0XCADC,Lock State,175,2026-05-19 21:33:00
Prod_Diagnostic_08.txt,25-11-601,BCM,0XCADC,Ignition,62,2026-05-19 21:33:00
Prod_Diagnostic_08.txt,25-11-601,BCM,0XCADC,Window Pos,291,2026-05-19 21:33:00
Prod_Diagnostic_08.txt,25-11-601,BCM,0XDA08,Battery Voltage,69,2026-05-15 20:00:00
Prod_Diagnostic_08.txt,25-11-601,BCM,0XDA08,Door Status,398,2026-05-15 20:00:00
Prod_Diagnostic_08.txt,25-11-601,BCM,0XDA08,Lock State,677,2026-05-15 20:00:00
Prod_Diagnostic_08.txt,25-11-601,BCM,0XDA08,Ignition,278,2026-05-15 20:00:00
Prod_Diagnostic_08.txt,25-11-601,BCM,0XDA08,Window Pos,679,2026-05-15 20:00:00
Prod_Diagnostic_08.txt,25-11-601,BCM,0XED41,Battery Voltage,727,2026-05-08 12:32:00
Prod_Diagnostic_08.txt,25-11-601,BCM,0XED41,Door Status,102,2026-05-08 12:32:00
Prod_Diagnostic_08.txt,25-11-601,BCM,0XED41,Lock State,926,2026-05-08 12:32:00
Prod_Diagnostic_08.txt,25-11-601,BCM,0XED41,Ignition,324,2026-05-08 12:32:00
Prod_Diagnostic_08.txt,25-11-601,BCM,0XED41,Window Pos,497,2026-05-08 12:32:00
Prod_Diagnostic_08.txt,25-11-601,TCM,0X9814,Gear,730,2026-05-15 17:59:00
Prod_Diagnostic_08.txt,25-11-601,TCM,0X9814,Oil Temp,23,2026-05-15 17:59:00
Prod_Diagnostic_08.txt,25-11-601,TCM,0X9814,Turbine Speed,41,2026-05-15 17:59:00
Prod_Diagnostic_08.txt,25-11-601,TCM,0X9814,Clutch Pressure,254,2026-05-15 17:59:00
Prod_Diagnostic_08.txt,25-11-601,TCM,0X9814,Output Speed,945,2026-05-15 17:59:00
Prod_Diagnostic_08.txt,25-11-601,TCM,0X5E0F,Gear,361,2026-05-01 11:43:00
Prod_Diagnostic_08.txt,25-11-601,TCM,0X5E0F,Oil Temp,364,2026-05-01 11:43:00
Prod_Diagnostic_08.txt,25-11-601,TCM,0X5E0F,Turbine Speed,641,2026-05-01 11:43:00
Prod_Diagnostic_08.txt,25-11-601,TCM,0X5E0F,Clutch Pressure,310,2026-05-01 11:43:00
Prod_Diagnostic_08.txt,25-11-601,TCM,0X5E0F,Output Speed,242,2026-05-01 11:43:00
Prod_Diagnostic_08.txt,25-11-601,TCM,0X569F,Gear,972,2026-05-27 00:35:00
Prod_Diagnostic_08.txt,25-11-601,TCM,0X569F,Oil Temp,287,2026-05-27 00:35:00
Prod_Diagnostic_08.txt,25-11-601,TCM,0X569F,Turbine Speed,231,2026-05-27 00:35:00
Prod_Diagnostic_08.txt,25-11-601,TCM,0X569F,Clutch Pressure,156,2026-05-27 00:35:00
Prod_Diagnostic_08.txt,25-11-601,TCM,0X569F,Output Speed,350,2026-05-27 00:35:00
Prod_Diagnostic_08.txt,25-11-601,TCM,0XB82C,Gear,641,2026-05-22 19:55:00
Prod_Diagnostic_08.txt,25-11-601,TCM,0XB82C,Oil Temp,703,2026-05-22 19:55:00
Prod_Diagnostic_08.txt,25-11-601,TCM,0XB82C,Turbine Speed,233,2026-05-22 19:55:00
Prod_Diagnostic_08.txt,25-11-601,TCM,0XB82C,Clutch Pressure,428,2026-05-22 19:55:00
Prod_Diagnostic_08.txt,25-11-601,TCM,0XB82C,Output Speed,247,2026-05-22 19:55:00
Prod_Diagnostic_08.txt,25-11-601,TCM,0X371A,Gear,212,2026-05-15 17:08:00
Prod_Diagnostic_08.txt,25-11-601,TCM,0X371A,Oil Temp,669,2026-05-15 17:08:00
Prod_Diagnostic_08.txt,25-11-601,TCM,0X371A,Turbine Speed,142,2026-05-15 17:08:00
Prod_Diagnostic_08.txt,25-11-601,TCM,0X371A,Clutch Pressure,595,2026-05-15 17:08:00
Prod_Diagnostic_08.txt,25-11-601,TCM,0X371A,Output Speed,555,2026-05-15 17:08:00
Prod_Diagnostic_08.txt,25-11-601,FCAM,0XECD2,Lane Confidence,956,2026-05-14 04:41:00
Prod_Diagnostic_08.txt,25-11-601,FCAM,0XECD2,Visibility,579,2026-05-14 04:41:00
Prod_Diagnostic_08.txt,25-11-601,FCAM,0XECD2,Image Quality,940,2026-05-14 04:41:00
Prod_Diagnostic_08.txt,25-11-601,FCAM,0XECD2,Speed,162,2026-05-14 04:41:00
Prod_Diagnostic_08.txt,25-11-601,FCAM,0XECD2,Light Level,326,2026-05-14 04:41:00
Prod_Diagnostic_08.txt,25-11-601,FCAM,0X9EAD,Lane Confidence,31,2026-05-11 04:46:00
Prod_Diagnostic_08.txt,25-11-601,FCAM,0X9EAD,Visibility,784,2026-05-11 04:46:00
Prod_Diagnostic_08.txt,25-11-601,FCAM,0X9EAD,Image Quality,327,2026-05-11 04:46:00
Prod_Diagnostic_08.txt,25-11-601,FCAM,0X9EAD,Speed,902,2026-05-11 04:46:00
Prod_Diagnostic_08.txt,25-11-601,FCAM,0X9EAD,Light Level,997,2026-05-11 04:46:00
Prod_Diagnostic_08.txt,25-11-601,FCAM,0X7947,Lane Confidence,135,2026-05-05 06:06:00
Prod_Diagnostic_08.txt,25-11-601,FCAM,0X7947,Visibility,190,2026-05-05 06:06:00
Prod_Diagnostic_08.txt,25-11-601,FCAM,0X7947,Image Quality,27,2026-05-05 06:06:00
Prod_Diagnostic_08.txt,25-11-601,FCAM,0X7947,Speed,781,2026-05-05 06:06:00
Prod_Diagnostic_08.txt,25-11-601,FCAM,0X7947,Light Level,627,2026-05-05 06:06:00
Prod_Diagnostic_08.txt,25-11-601,FCAM,0X5451,Lane Confidence,704,2026-05-20 07:14:00
Prod_Diagnostic_08.txt,25-11-601,FCAM,0X5451,Visibility,27,2026-05-20 07:14:00
Prod_Diagnostic_08.txt,25-11-601,FCAM,0X5451,Image Quality,368,2026-05-20 07:14:00
Prod_Diagnostic_08.txt,25-11-601,FCAM,0X5451,Speed,82,2026-05-20 07:14:00
Prod_Diagnostic_08.txt,25-11-601,FCAM,0X5451,Light Level,705,2026-05-20 07:14:00
Prod_Diagnostic_08.txt,25-11-601,FCAM,0X3253,Lane Confidence,486,2026-05-06 12:31:00
Prod_Diagnostic_08.txt,25-11-601,FCAM,0X3253,Visibility,141,2026-05-06 12:31:00
Prod_Diagnostic_08.txt,25-11-601,FCAM,0X3253,Image Quality,168,2026-05-06 12:31:00
Prod_Diagnostic_08.txt,25-11-601,FCAM,0X3253,Speed,198,2026-05-06 12:31:00
Prod_Diagnostic_08.txt,25-11-601,FCAM,0X3253,Light Level,232,2026-05-06 12:31:00
Prod_Diagnostic_08.txt,25-11-601,GW,0X7899,CAN Load,776,2026-05-24 21:12:00
Prod_Diagnostic_08.txt,25-11-601,GW,0X7899,Eth Status,210,2026-05-24 21:12:00
Prod_Diagnostic_08.txt,25-11-601,GW,0X7899,Voltage,68,2026-05-24 21:12:00
Prod_Diagnostic_08.txt,25-11-601,GW,0X7899,Bus Errors,182,2026-05-24 21:12:00
Prod_Diagnostic_08.txt,25-11-601,GW,0X7899,Ignition,950,2026-05-24 21:12:00
Prod_Diagnostic_08.txt,25-11-601,GW,0XEDFC,CAN Load,795,2026-05-08 13:25:00
Prod_Diagnostic_08.txt,25-11-601,GW,0XEDFC,Eth Status,43,2026-05-08 13:25:00
Prod_Diagnostic_08.txt,25-11-601,GW,0XEDFC,Voltage,623,2026-05-08 13:25:00
Prod_Diagnostic_08.txt,25-11-601,GW,0XEDFC,Bus Errors,753,2026-05-08 13:25:00
Prod_Diagnostic_08.txt,25-11-601,GW,0XEDFC,Ignition,845,2026-05-08 13:25:00
Prod_Diagnostic_08.txt,25-11-601,GW,0XC85F,CAN Load,657,2026-05-20 17:33:00
Prod_Diagnostic_08.txt,25-11-601,GW,0XC85F,Eth Status,897,2026-05-20 17:33:00
Prod_Diagnostic_08.txt,25-11-601,GW,0XC85F,Voltage,722,2026-05-20 17:33:00
Prod_Diagnostic_08.txt,25-11-601,GW,0XC85F,Bus Errors,806,2026-05-20 17:33:00
Prod_Diagnostic_08.txt,25-11-601,GW,0XC85F,Ignition,40,2026-05-20 17:33:00
Prod_Diagnostic_08.txt,25-11-601,GW,0X2BFC,CAN Load,753,2026-05-17 17:25:00
Prod_Diagnostic_08.txt,25-11-601,GW,0X2BFC,Eth Status,41,2026-05-17 17:25:00
Prod_Diagnostic_08.txt,25-11-601,GW,0X2BFC,Voltage,572,2026-05-17 17:25:00
Prod_Diagnostic_08.txt,25-11-601,GW,0X2BFC,Bus Errors,397,2026-05-17 17:25:00
Prod_Diagnostic_08.txt,25-11-601,GW,0X2BFC,Ignition,529,2026-05-17 17:25:00
Prod_Diagnostic_08.txt,25-11-601,GW,0X409A,CAN Load,171,2026-05-25 09:29:00
Prod_Diagnostic_08.txt,25-11-601,GW,0X409A,Eth Status,433,2026-05-25 09:29:00
Prod_Diagnostic_08.txt,25-11-601,GW,0X409A,Voltage,302,2026-05-25 09:29:00
Prod_Diagnostic_08.txt,25-11-601,GW,0X409A,Bus Errors,628,2026-05-25 09:29:00
Prod_Diagnostic_08.txt,25-11-601,GW,0X409A,Ignition,942,2026-05-25 09:29:00
Prod_Diagnostic_08.txt,25-11-601,TCU,0XC0A0,RSSI,116,2026-05-03 23:32:00
Prod_Diagnostic_08.txt,25-11-601,TCU,0XC0A0,GPS Status,185,2026-05-03 23:32:00
Prod_Diagnostic_08.txt,25-11-601,TCU,0XC0A0,Network Type,798,2026-05-03 23:32:00
Prod_Diagnostic_08.txt,25-11-601,TCU,0XC0A0,Speed,600,2026-05-03 23:32:00
Prod_Diagnostic_08.txt,25-11-601,TCU,0XC0A0,Voltage,961,2026-05-03 23:32:00
Prod_Diagnostic_08.txt,25-11-601,TCU,0X32A3,RSSI,605,2026-05-01 05:29:00
Prod_Diagnostic_08.txt,25-11-601,TCU,0X32A3,GPS Status,919,2026-05-01 05:29:00
Prod_Diagnostic_08.txt,25-11-601,TCU,0X32A3,Network Type,730,2026-05-01 05:29:00
Prod_Diagnostic_08.txt,25-11-601,TCU,0X32A3,Speed,918,2026-05-01 05:29:00
Prod_Diagnostic_08.txt,25-11-601,TCU,0X32A3,Voltage,207,2026-05-01 05:29:00
Prod_Diagnostic_08.txt,25-11-601,TCU,0X2716,RSSI,94,2026-05-23 23:07:00
Prod_Diagnostic_08.txt,25-11-601,TCU,0X2716,GPS Status,117,2026-05-23 23:07:00
Prod_Diagnostic_08.txt,25-11-601,TCU,0X2716,Network Type,724,2026-05-23 23:07:00
Prod_Diagnostic_08.txt,25-11-601,TCU,0X2716,Speed,461,2026-05-23 23:07:00
Prod_Diagnostic_08.txt,25-11-601,TCU,0X2716,Voltage,650,2026-05-23 23:07:00
Prod_Diagnostic_08.txt,25-11-601,TCU,0X25D6,RSSI,564,2026-05-20 05:24:00
Prod_Diagnostic_08.txt,25-11-601,TCU,0X25D6,GPS Status,390,2026-05-20 05:24:00
Prod_Diagnostic_08.txt,25-11-601,TCU,0X25D6,Network Type,45,2026-05-20 05:24:00
Prod_Diagnostic_08.txt,25-11-601,TCU,0X25D6,Speed,787,2026-05-20 05:24:00
Prod_Diagnostic_08.txt,25-11-601,TCU,0X25D6,Voltage,175,2026-05-20 05:24:00
Prod_Diagnostic_08.txt,25-11-601,TCU,0XA0C4,RSSI,430,2026-05-06 22:03:00
Prod_Diagnostic_08.txt,25-11-601,TCU,0XA0C4,GPS Status,316,2026-05-06 22:03:00
Prod_Diagnostic_08.txt,25-11-601,TCU,0XA0C4,Network Type,317,2026-05-06 22:03:00
Prod_Diagnostic_08.txt,25-11-601,TCU,0XA0C4,Speed,748,2026-05-06 22:03:00
Prod_Diagnostic_08.txt,25-11-601,TCU,0XA0C4,Voltage,788,2026-05-06 22:03:00
Prod_Diagnostic_08.txt,25-11-601,HVAC,0X59ED,Cabin Temp,784,2026-05-07 00:39:00
Prod_Diagnostic_08.txt,25-11-601,HVAC,0X59ED,Blower Speed,260,2026-05-07 00:39:00
Prod_Diagnostic_08.txt,25-11-601,HVAC,0X59ED,Evap Temp,13,2026-05-07 00:39:00
Prod_Diagnostic_08.txt,25-11-601,HVAC,0X59ED,Ambient Temp,470,2026-05-07 00:39:00
Prod_Diagnostic_08.txt,25-11-601,HVAC,0X59ED,AC Pressure,510,2026-05-07 00:39:00
Prod_Diagnostic_08.txt,25-11-601,HVAC,0X9B22,Cabin Temp,488,2026-05-07 18:42:00
Prod_Diagnostic_08.txt,25-11-601,HVAC,0X9B22,Blower Speed,465,2026-05-07 18:42:00
Prod_Diagnostic_08.txt,25-11-601,HVAC,0X9B22,Evap Temp,420,2026-05-07 18:42:00
Prod_Diagnostic_08.txt,25-11-601,HVAC,0X9B22,Ambient Temp,453,2026-05-07 18:42:00
Prod_Diagnostic_08.txt,25-11-601,HVAC,0X9B22,AC Pressure,82,2026-05-07 18:42:00
Prod_Diagnostic_08.txt,25-11-601,HVAC,0XA9A0,Cabin Temp,840,2026-05-20 20:35:00
Prod_Diagnostic_08.txt,25-11-601,HVAC,0XA9A0,Blower Speed,846,2026-05-20 20:35:00
Prod_Diagnostic_08.txt,25-11-601,HVAC,0XA9A0,Evap Temp,213,2026-05-20 20:35:00
Prod_Diagnostic_08.txt,25-11-601,HVAC,0XA9A0,Ambient Temp,51,2026-05-20 20:35:00
Prod_Diagnostic_08.txt,25-11-601,HVAC,0XA9A0,AC Pressure,190,2026-05-20 20:35:00
Prod_Diagnostic_08.txt,25-11-601,HVAC,0X1E18,Cabin Temp,592,2026-05-28 01:42:00
Prod_Diagnostic_08.txt,25-11-601,HVAC,0X1E18,Blower Speed,859,2026-05-28 01:42:00
Prod_Diagnostic_08.txt,25-11-601,HVAC,0X1E18,Evap Temp,618,2026-05-28 01:42:00
Prod_Diagnostic_08.txt,25-11-601,HVAC,0X1E18,Ambient Temp,306,2026-05-28 01:42:00
Prod_Diagnostic_08.txt,25-11-601,HVAC,0X1E18,AC Pressure,340,2026-05-28 01:42:00
Prod_Diagnostic_08.txt,25-11-601,HVAC,0X1C8D,Cabin Temp,677,2026-05-22 09:39:00
Prod_Diagnostic_08.txt,25-11-601,HVAC,0X1C8D,Blower Speed,709,2026-05-22 09:39:00
Prod_Diagnostic_08.txt,25-11-601,HVAC,0X1C8D,Evap Temp,717,2026-05-22 09:39:00
Prod_Diagnostic_08.txt,25-11-601,HVAC,0X1C8D,Ambient Temp,610,2026-05-22 09:39:00
Prod_Diagnostic_08.txt,25-11-601,HVAC,0X1C8D,AC Pressure,587,2026-05-22 09:39:00
Prod_Diagnostic_08.txt,25-11-601,OBC,0X3D6B,AC Voltage,307,2026-05-02 02:49:00
Prod_Diagnostic_08.txt,25-11-601,OBC,0X3D6B,Charge Current,331,2026-05-02 02:49:00
Prod_Diagnostic_08.txt,25-11-601,OBC,0X3D6B,Battery Temp,378,2026-05-02 02:49:00
Prod_Diagnostic_08.txt,25-11-601,OBC,0X3D6B,SOC,920,2026-05-02 02:49:00
Prod_Diagnostic_08.txt,25-11-601,OBC,0X3D6B,Input Freq,389,2026-05-02 02:49:00
Prod_Diagnostic_08.txt,25-11-601,OBC,0XD229,AC Voltage,712,2026-05-16 04:07:00
Prod_Diagnostic_08.txt,25-11-601,OBC,0XD229,Charge Current,881,2026-05-16 04:07:00
Prod_Diagnostic_08.txt,25-11-601,OBC,0XD229,Battery Temp,282,2026-05-16 04:07:00
Prod_Diagnostic_08.txt,25-11-601,OBC,0XD229,SOC,338,2026-05-16 04:07:00
Prod_Diagnostic_08.txt,25-11-601,OBC,0XD229,Input Freq,540,2026-05-16 04:07:00
Prod_Diagnostic_08.txt,25-11-601,OBC,0X964F,AC Voltage,748,2026-05-02 03:36:00
Prod_Diagnostic_08.txt,25-11-601,OBC,0X964F,Charge Current,645,2026-05-02 03:36:00
Prod_Diagnostic_08.txt,25-11-601,OBC,0X964F,Battery Temp,542,2026-05-02 03:36:00
Prod_Diagnostic_08.txt,25-11-601,OBC,0X964F,SOC,90,2026-05-02 03:36:00
Prod_Diagnostic_08.txt,25-11-601,OBC,0X964F,Input Freq,496,2026-05-02 03:36:00
Prod_Diagnostic_08.txt,25-11-601,OBC,0XFF13,AC Voltage,539,2026-05-28 10:16:00
Prod_Diagnostic_08.txt,25-11-601,OBC,0XFF13,Charge Current,589,2026-05-28 10:16:00
Prod_Diagnostic_08.txt,25-11-601,OBC,0XFF13,Battery Temp,639,2026-05-28 10:16:00
Prod_Diagnostic_08.txt,25-11-601,OBC,0XFF13,SOC,363,2026-05-28 10:16:00
Prod_Diagnostic_08.txt,25-11-601,OBC,0XFF13,Input Freq,950,2026-05-28 10:16:00
Prod_Diagnostic_08.txt,25-11-601,OBC,0XAD42,AC Voltage,625,2026-05-16 05:56:00
Prod_Diagnostic_08.txt,25-11-601,OBC,0XAD42,Charge Current,239,2026-05-16 05:56:00
Prod_Diagnostic_08.txt,25-11-601,OBC,0XAD42,Battery Temp,726,2026-05-16 05:56:00
Prod_Diagnostic_08.txt,25-11-601,OBC,0XAD42,SOC,298,2026-05-16 05:56:00
Prod_Diagnostic_08.txt,25-11-601,OBC,0XAD42,Input Freq,199,2026-05-16 05:56:00
Prod_Diagnostic_09.txt,24-07-510,FCAM,0X9F43,Lane Confidence,278,2026-05-12 17:20:00
Prod_Diagnostic_09.txt,24-07-510,FCAM,0X9F43,Visibility,145,2026-05-12 17:20:00
Prod_Diagnostic_09.txt,24-07-510,FCAM,0X9F43,Image Quality,966,2026-05-12 17:20:00
Prod_Diagnostic_09.txt,24-07-510,FCAM,0X9F43,Speed,722,2026-05-12 17:20:00
Prod_Diagnostic_09.txt,24-07-510,FCAM,0X9F43,Light Level,824,2026-05-12 17:20:00
Prod_Diagnostic_09.txt,24-07-510,FCAM,0XA2F7,Lane Confidence,455,2026-05-20 10:34:00
Prod_Diagnostic_09.txt,24-07-510,FCAM,0XA2F7,Visibility,52,2026-05-20 10:34:00
Prod_Diagnostic_09.txt,24-07-510,FCAM,0XA2F7,Image Quality,134,2026-05-20 10:34:00
Prod_Diagnostic_09.txt,24-07-510,FCAM,0XA2F7,Speed,30,2026-05-20 10:34:00
Prod_Diagnostic_09.txt,24-07-510,FCAM,0XA2F7,Light Level,483,2026-05-20 10:34:00
Prod_Diagnostic_09.txt,24-07-510,FCAM,0X2B1E,Lane Confidence,611,2026-05-13 05:45:00
Prod_Diagnostic_09.txt,24-07-510,FCAM,0X2B1E,Visibility,913,2026-05-13 05:45:00
Prod_Diagnostic_09.txt,24-07-510,FCAM,0X2B1E,Image Quality,607,2026-05-13 05:45:00
Prod_Diagnostic_09.txt,24-07-510,FCAM,0X2B1E,Speed,645,2026-05-13 05:45:00
Prod_Diagnostic_09.txt,24-07-510,FCAM,0X2B1E,Light Level,857,2026-05-13 05:45:00
Prod_Diagnostic_09.txt,24-07-510,FCAM,0XADC6,Lane Confidence,547,2026-05-23 21:51:00
Prod_Diagnostic_09.txt,24-07-510,FCAM,0XADC6,Visibility,81,2026-05-23 21:51:00
Prod_Diagnostic_09.txt,24-07-510,FCAM,0XADC6,Image Quality,998,2026-05-23 21:51:00
Prod_Diagnostic_09.txt,24-07-510,FCAM,0XADC6,Speed,945,2026-05-23 21:51:00
Prod_Diagnostic_09.txt,24-07-510,FCAM,0XADC6,Light Level,774,2026-05-23 21:51:00
Prod_Diagnostic_09.txt,24-07-510,FCAM,0XA15A,Lane Confidence,660,2026-05-15 09:43:00
Prod_Diagnostic_09.txt,24-07-510,FCAM,0XA15A,Visibility,728,2026-05-15 09:43:00
Prod_Diagnostic_09.txt,24-07-510,FCAM,0XA15A,Image Quality,785,2026-05-15 09:43:00
Prod_Diagnostic_09.txt,24-07-510,FCAM,0XA15A,Speed,477,2026-05-15 09:43:00
Prod_Diagnostic_09.txt,24-07-510,FCAM,0XA15A,Light Level,482,2026-05-15 09:43:00
Prod_Diagnostic_09.txt,24-07-510,BCM,0X494A,Battery Voltage,940,2026-05-13 05:44:00
Prod_Diagnostic_09.txt,24-07-510,BCM,0X494A,Door Status,682,2026-05-13 05:44:00
Prod_Diagnostic_09.txt,24-07-510,BCM,0X494A,Lock State,339,2026-05-13 05:44:00
Prod_Diagnostic_09.txt,24-07-510,BCM,0X494A,Ignition,808,2026-05-13 05:44:00
Prod_Diagnostic_09.txt,24-07-510,BCM,0X494A,Window Pos,882,2026-05-13 05:44:00
Prod_Diagnostic_09.txt,24-07-510,BCM,0X840A,Battery Voltage,473,2026-05-04 11:30:00
Prod_Diagnostic_09.txt,24-07-510,BCM,0X840A,Door Status,867,2026-05-04 11:30:00
Prod_Diagnostic_09.txt,24-07-510,BCM,0X840A,Lock State,175,2026-05-04 11:30:00
Prod_Diagnostic_09.txt,24-07-510,BCM,0X840A,Ignition,290,2026-05-04 11:30:00
Prod_Diagnostic_09.txt,24-07-510,BCM,0X840A,Window Pos,787,2026-05-04 11:30:00
Prod_Diagnostic_09.txt,24-07-510,BCM,0XAABC,Battery Voltage,110,2026-05-13 22:50:00
Prod_Diagnostic_09.txt,24-07-510,BCM,0XAABC,Door Status,334,2026-05-13 22:50:00
Prod_Diagnostic_09.txt,24-07-510,BCM,0XAABC,Lock State,570,2026-05-13 22:50:00
Prod_Diagnostic_09.txt,24-07-510,BCM,0XAABC,Ignition,666,2026-05-13 22:50:00
Prod_Diagnostic_09.txt,24-07-510,BCM,0XAABC,Window Pos,73,2026-05-13 22:50:00
Prod_Diagnostic_09.txt,24-07-510,BCM,0X9862,Battery Voltage,562,2026-05-08 19:15:00
Prod_Diagnostic_09.txt,24-07-510,BCM,0X9862,Door Status,163,2026-05-08 19:15:00
Prod_Diagnostic_09.txt,24-07-510,BCM,0X9862,Lock State,998,2026-05-08 19:15:00
Prod_Diagnostic_09.txt,24-07-510,BCM,0X9862,Ignition,494,2026-05-08 19:15:00
Prod_Diagnostic_09.txt,24-07-510,BCM,0X9862,Window Pos,394,2026-05-08 19:15:00
Prod_Diagnostic_09.txt,24-07-510,BCM,0X6739,Battery Voltage,807,2026-05-26 13:36:00
Prod_Diagnostic_09.txt,24-07-510,BCM,0X6739,Door Status,351,2026-05-26 13:36:00
Prod_Diagnostic_09.txt,24-07-510,BCM,0X6739,Lock State,558,2026-05-26 13:36:00
Prod_Diagnostic_09.txt,24-07-510,BCM,0X6739,Ignition,711,2026-05-26 13:36:00
Prod_Diagnostic_09.txt,24-07-510,BCM,0X6739,Window Pos,242,2026-05-26 13:36:00
Prod_Diagnostic_09.txt,24-07-510,RADAR,0XB9A0,Target Distance,475,2026-05-04 18:38:00
Prod_Diagnostic_09.txt,24-07-510,RADAR,0XB9A0,Relative Speed,334,2026-05-04 18:38:00
Prod_Diagnostic_09.txt,24-07-510,RADAR,0XB9A0,Object Count,569,2026-05-04 18:38:00
Prod_Diagnostic_09.txt,24-07-510,RADAR,0XB9A0,Speed,100,2026-05-04 18:38:00
Prod_Diagnostic_09.txt,24-07-510,RADAR,0XB9A0,Temperature,842,2026-05-04 18:38:00
Prod_Diagnostic_09.txt,24-07-510,RADAR,0X3D19,Target Distance,611,2026-05-04 21:52:00
Prod_Diagnostic_09.txt,24-07-510,RADAR,0X3D19,Relative Speed,790,2026-05-04 21:52:00
Prod_Diagnostic_09.txt,24-07-510,RADAR,0X3D19,Object Count,840,2026-05-04 21:52:00
Prod_Diagnostic_09.txt,24-07-510,RADAR,0X3D19,Speed,389,2026-05-04 21:52:00
Prod_Diagnostic_09.txt,24-07-510,RADAR,0X3D19,Temperature,336,2026-05-04 21:52:00
Prod_Diagnostic_09.txt,24-07-510,RADAR,0XB51E,Target Distance,595,2026-05-27 04:56:00
Prod_Diagnostic_09.txt,24-07-510,RADAR,0XB51E,Relative Speed,925,2026-05-27 04:56:00
Prod_Diagnostic_09.txt,24-07-510,RADAR,0XB51E,Object Count,774,2026-05-27 04:56:00
Prod_Diagnostic_09.txt,24-07-510,RADAR,0XB51E,Speed,652,2026-05-27 04:56:00
Prod_Diagnostic_09.txt,24-07-510,RADAR,0XB51E,Temperature,830,2026-05-27 04:56:00
Prod_Diagnostic_09.txt,24-07-510,RADAR,0XD1CF,Target Distance,631,2026-05-18 09:24:00
Prod_Diagnostic_09.txt,24-07-510,RADAR,0XD1CF,Relative Speed,592,2026-05-18 09:24:00
Prod_Diagnostic_09.txt,24-07-510,RADAR,0XD1CF,Object Count,458,2026-05-18 09:24:00
Prod_Diagnostic_09.txt,24-07-510,RADAR,0XD1CF,Speed,201,2026-05-18 09:24:00
Prod_Diagnostic_09.txt,24-07-510,RADAR,0XD1CF,Temperature,211,2026-05-18 09:24:00
Prod_Diagnostic_09.txt,24-07-510,RADAR,0X5CBB,Target Distance,597,2026-05-23 11:05:00
Prod_Diagnostic_09.txt,24-07-510,RADAR,0X5CBB,Relative Speed,9,2026-05-23 11:05:00
Prod_Diagnostic_09.txt,24-07-510,RADAR,0X5CBB,Object Count,627,2026-05-23 11:05:00
Prod_Diagnostic_09.txt,24-07-510,RADAR,0X5CBB,Speed,523,2026-05-23 11:05:00
Prod_Diagnostic_09.txt,24-07-510,RADAR,0X5CBB,Temperature,414,2026-05-23 11:05:00
Prod_Diagnostic_09.txt,24-07-510,EPS,0XEA3D,Steering Angle,574,2026-05-02 00:45:00
Prod_Diagnostic_09.txt,24-07-510,EPS,0XEA3D,Driver Torque,841,2026-05-02 00:45:00
Prod_Diagnostic_09.txt,24-07-510,EPS,0XEA3D,Motor Current,368,2026-05-02 00:45:00
Prod_Diagnostic_09.txt,24-07-510,EPS,0XEA3D,Supply Voltage,113,2026-05-02 00:45:00
Prod_Diagnostic_09.txt,24-07-510,EPS,0XEA3D,Speed,882,2026-05-02 00:45:00
Prod_Diagnostic_09.txt,24-07-510,EPS,0XED9D,Steering Angle,729,2026-05-13 20:20:00
Prod_Diagnostic_09.txt,24-07-510,EPS,0XED9D,Driver Torque,392,2026-05-13 20:20:00
Prod_Diagnostic_09.txt,24-07-510,EPS,0XED9D,Motor Current,416,2026-05-13 20:20:00
Prod_Diagnostic_09.txt,24-07-510,EPS,0XED9D,Supply Voltage,391,2026-05-13 20:20:00
Prod_Diagnostic_09.txt,24-07-510,EPS,0XED9D,Speed,446,2026-05-13 20:20:00
Prod_Diagnostic_09.txt,24-07-510,EPS,0X4612,Steering Angle,864,2026-05-07 17:24:00
Prod_Diagnostic_09.txt,24-07-510,EPS,0X4612,Driver Torque,947,2026-05-07 17:24:00
Prod_Diagnostic_09.txt,24-07-510,EPS,0X4612,Motor Current,369,2026-05-07 17:24:00
Prod_Diagnostic_09.txt,24-07-510,EPS,0X4612,Supply Voltage,861,2026-05-07 17:24:00
Prod_Diagnostic_09.txt,24-07-510,EPS,0X4612,Speed,428,2026-05-07 17:24:00
Prod_Diagnostic_09.txt,24-07-510,EPS,0X59D9,Steering Angle,148,2026-05-03 20:01:00
Prod_Diagnostic_09.txt,24-07-510,EPS,0X59D9,Driver Torque,739,2026-05-03 20:01:00
Prod_Diagnostic_09.txt,24-07-510,EPS,0X59D9,Motor Current,907,2026-05-03 20:01:00
Prod_Diagnostic_09.txt,24-07-510,EPS,0X59D9,Supply Voltage,499,2026-05-03 20:01:00
Prod_Diagnostic_09.txt,24-07-510,EPS,0X59D9,Speed,674,2026-05-03 20:01:00
Prod_Diagnostic_09.txt,24-07-510,EPS,0X32C2,Steering Angle,808,2026-05-28 14:57:00
Prod_Diagnostic_09.txt,24-07-510,EPS,0X32C2,Driver Torque,713,2026-05-28 14:57:00
Prod_Diagnostic_09.txt,24-07-510,EPS,0X32C2,Motor Current,619,2026-05-28 14:57:00
Prod_Diagnostic_09.txt,24-07-510,EPS,0X32C2,Supply Voltage,953,2026-05-28 14:57:00
Prod_Diagnostic_09.txt,24-07-510,EPS,0X32C2,Speed,436,2026-05-28 14:57:00
Prod_Diagnostic_09.txt,24-07-510,OBC,0X3E07,AC Voltage,364,2026-05-27 14:24:00
Prod_Diagnostic_09.txt,24-07-510,OBC,0X3E07,Charge Current,232,2026-05-27 14:24:00
Prod_Diagnostic_09.txt,24-07-510,OBC,0X3E07,Battery Temp,191,2026-05-27 14:24:00
Prod_Diagnostic_09.txt,24-07-510,OBC,0X3E07,SOC,435,2026-05-27 14:24:00
Prod_Diagnostic_09.txt,24-07-510,OBC,0X3E07,Input Freq,620,2026-05-27 14:24:00
Prod_Diagnostic_09.txt,24-07-510,OBC,0XA3F3,AC Voltage,560,2026-05-09 13:59:00
Prod_Diagnostic_09.txt,24-07-510,OBC,0XA3F3,Charge Current,591,2026-05-09 13:59:00
Prod_Diagnostic_09.txt,24-07-510,OBC,0XA3F3,Battery Temp,376,2026-05-09 13:59:00
Prod_Diagnostic_09.txt,24-07-510,OBC,0XA3F3,SOC,35,2026-05-09 13:59:00
Prod_Diagnostic_09.txt,24-07-510,OBC,0XA3F3,Input Freq,39,2026-05-09 13:59:00
Prod_Diagnostic_09.txt,24-07-510,OBC,0X8BB7,AC Voltage,146,2026-05-16 22:05:00
Prod_Diagnostic_09.txt,24-07-510,OBC,0X8BB7,Charge Current,748,2026-05-16 22:05:00
Prod_Diagnostic_09.txt,24-07-510,OBC,0X8BB7,Battery Temp,749,2026-05-16 22:05:00
Prod_Diagnostic_09.txt,24-07-510,OBC,0X8BB7,SOC,540,2026-05-16 22:05:00
Prod_Diagnostic_09.txt,24-07-510,OBC,0X8BB7,Input Freq,880,2026-05-16 22:05:00
Prod_Diagnostic_09.txt,24-07-510,OBC,0X8706,AC Voltage,646,2026-05-03 07:30:00
Prod_Diagnostic_09.txt,24-07-510,OBC,0X8706,Charge Current,760,2026-05-03 07:30:00
Prod_Diagnostic_09.txt,24-07-510,OBC,0X8706,Battery Temp,680,2026-05-03 07:30:00
Prod_Diagnostic_09.txt,24-07-510,OBC,0X8706,SOC,984,2026-05-03 07:30:00
Prod_Diagnostic_09.txt,24-07-510,OBC,0X8706,Input Freq,685,2026-05-03 07:30:00
Prod_Diagnostic_09.txt,24-07-510,OBC,0XBF1F,AC Voltage,352,2026-05-20 01:57:00
Prod_Diagnostic_09.txt,24-07-510,OBC,0XBF1F,Charge Current,548,2026-05-20 01:57:00
Prod_Diagnostic_09.txt,24-07-510,OBC,0XBF1F,Battery Temp,798,2026-05-20 01:57:00
Prod_Diagnostic_09.txt,24-07-510,OBC,0XBF1F,SOC,12,2026-05-20 01:57:00
Prod_Diagnostic_09.txt,24-07-510,OBC,0XBF1F,Input Freq,481,2026-05-20 01:57:00
Prod_Diagnostic_09.txt,24-07-510,TCM,0X933D,Gear,172,2026-05-12 09:18:00
Prod_Diagnostic_09.txt,24-07-510,TCM,0X933D,Oil Temp,37,2026-05-12 09:18:00
Prod_Diagnostic_09.txt,24-07-510,TCM,0X933D,Turbine Speed,712,2026-05-12 09:18:00
Prod_Diagnostic_09.txt,24-07-510,TCM,0X933D,Clutch Pressure,946,2026-05-12 09:18:00
Prod_Diagnostic_09.txt,24-07-510,TCM,0X933D,Output Speed,612,2026-05-12 09:18:00
Prod_Diagnostic_09.txt,24-07-510,TCM,0XCA1A,Gear,53,2026-05-19 05:36:00
Prod_Diagnostic_09.txt,24-07-510,TCM,0XCA1A,Oil Temp,673,2026-05-19 05:36:00
Prod_Diagnostic_09.txt,24-07-510,TCM,0XCA1A,Turbine Speed,299,2026-05-19 05:36:00
Prod_Diagnostic_09.txt,24-07-510,TCM,0XCA1A,Clutch Pressure,829,2026-05-19 05:36:00
Prod_Diagnostic_09.txt,24-07-510,TCM,0XCA1A,Output Speed,756,2026-05-19 05:36:00
Prod_Diagnostic_09.txt,24-07-510,TCM,0X16FD,Gear,803,2026-05-17 02:54:00
Prod_Diagnostic_09.txt,24-07-510,TCM,0X16FD,Oil Temp,285,2026-05-17 02:54:00
Prod_Diagnostic_09.txt,24-07-510,TCM,0X16FD,Turbine Speed,259,2026-05-17 02:54:00
Prod_Diagnostic_09.txt,24-07-510,TCM,0X16FD,Clutch Pressure,136,2026-05-17 02:54:00
Prod_Diagnostic_09.txt,24-07-510,TCM,0X16FD,Output Speed,631,2026-05-17 02:54:00
Prod_Diagnostic_09.txt,24-07-510,TCM,0X5674,Gear,155,2026-05-06 18:47:00
Prod_Diagnostic_09.txt,24-07-510,TCM,0X5674,Oil Temp,675,2026-05-06 18:47:00
Prod_Diagnostic_09.txt,24-07-510,TCM,0X5674,Turbine Speed,458,2026-05-06 18:47:00
Prod_Diagnostic_09.txt,24-07-510,TCM,0X5674,Clutch Pressure,379,2026-05-06 18:47:00
Prod_Diagnostic_09.txt,24-07-510,TCM,0X5674,Output Speed,828,2026-05-06 18:47:00
Prod_Diagnostic_09.txt,24-07-510,TCM,0X52E1,Gear,34,2026-05-26 16:55:00
Prod_Diagnostic_09.txt,24-07-510,TCM,0X52E1,Oil Temp,352,2026-05-26 16:55:00
Prod_Diagnostic_09.txt,24-07-510,TCM,0X52E1,Turbine Speed,87,2026-05-26 16:55:00
Prod_Diagnostic_09.txt,24-07-510,TCM,0X52E1,Clutch Pressure,991,2026-05-26 16:55:00
Prod_Diagnostic_09.txt,24-07-510,TCM,0X52E1,Output Speed,149,2026-05-26 16:55:00
Prod_Diagnostic_09.txt,24-07-510,GW,0XFF16,CAN Load,744,2026-05-08 21:28:00
Prod_Diagnostic_09.txt,24-07-510,GW,0XFF16,Eth Status,653,2026-05-08 21:28:00
Prod_Diagnostic_09.txt,24-07-510,GW,0XFF16,Voltage,172,2026-05-08 21:28:00
Prod_Diagnostic_09.txt,24-07-510,GW,0XFF16,Bus Errors,216,2026-05-08 21:28:00
Prod_Diagnostic_09.txt,24-07-510,GW,0XFF16,Ignition,592,2026-05-08 21:28:00
Prod_Diagnostic_09.txt,24-07-510,GW,0X1DE8,CAN Load,488,2026-05-06 14:25:00
Prod_Diagnostic_09.txt,24-07-510,GW,0X1DE8,Eth Status,309,2026-05-06 14:25:00
Prod_Diagnostic_09.txt,24-07-510,GW,0X1DE8,Voltage,488,2026-05-06 14:25:00
Prod_Diagnostic_09.txt,24-07-510,GW,0X1DE8,Bus Errors,765,2026-05-06 14:25:00
Prod_Diagnostic_09.txt,24-07-510,GW,0X1DE8,Ignition,972,2026-05-06 14:25:00
Prod_Diagnostic_09.txt,24-07-510,GW,0X4BD1,CAN Load,892,2026-05-09 04:33:00
Prod_Diagnostic_09.txt,24-07-510,GW,0X4BD1,Eth Status,446,2026-05-09 04:33:00
Prod_Diagnostic_09.txt,24-07-510,GW,0X4BD1,Voltage,13,2026-05-09 04:33:00
Prod_Diagnostic_09.txt,24-07-510,GW,0X4BD1,Bus Errors,296,2026-05-09 04:33:00
Prod_Diagnostic_09.txt,24-07-510,GW,0X4BD1,Ignition,950,2026-05-09 04:33:00
Prod_Diagnostic_09.txt,24-07-510,GW,0X71CB,CAN Load,363,2026-05-04 17:40:00
Prod_Diagnostic_09.txt,24-07-510,GW,0X71CB,Eth Status,980,2026-05-04 17:40:00
Prod_Diagnostic_09.txt,24-07-510,GW,0X71CB,Voltage,865,2026-05-04 17:40:00
Prod_Diagnostic_09.txt,24-07-510,GW,0X71CB,Bus Errors,443,2026-05-04 17:40:00
Prod_Diagnostic_09.txt,24-07-510,GW,0X71CB,Ignition,626,2026-05-04 17:40:00
Prod_Diagnostic_09.txt,24-07-510,GW,0X65C0,CAN Load,473,2026-05-21 18:25:00
Prod_Diagnostic_09.txt,24-07-510,GW,0X65C0,Eth Status,792,2026-05-21 18:25:00
Prod_Diagnostic_09.txt,24-07-510,GW,0X65C0,Voltage,692,2026-05-21 18:25:00
Prod_Diagnostic_09.txt,24-07-510,GW,0X65C0,Bus Errors,768,2026-05-21 18:25:00
Prod_Diagnostic_09.txt,24-07-510,GW,0X65C0,Ignition,248,2026-05-21 18:25:00
Prod_Diagnostic_09.txt,24-07-510,ABS,0XD53F,Wheel FL,689,2026-05-11 17:00:00
Prod_Diagnostic_09.txt,24-07-510,ABS,0XD53F,Wheel FR,9,2026-05-11 17:00:00
Prod_Diagnostic_09.txt,24-07-510,ABS,0XD53F,Brake Pressure,852,2026-05-11 17:00:00
Prod_Diagnostic_09.txt,24-07-510,ABS,0XD53F,Yaw Rate,70,2026-05-11 17:00:00
Prod_Diagnostic_09.txt,24-07-510,ABS,0XD53F,Vehicle Speed,13,2026-05-11 17:00:00
Prod_Diagnostic_09.txt,24-07-510,ABS,0X2902,Wheel FL,258,2026-05-08 23:18:00
Prod_Diagnostic_09.txt,24-07-510,ABS,0X2902,Wheel FR,198,2026-05-08 23:18:00
Prod_Diagnostic_09.txt,24-07-510,ABS,0X2902,Brake Pressure,35,2026-05-08 23:18:00
Prod_Diagnostic_09.txt,24-07-510,ABS,0X2902,Yaw Rate,25,2026-05-08 23:18:00
Prod_Diagnostic_09.txt,24-07-510,ABS,0X2902,Vehicle Speed,635,2026-05-08 23:18:00
Prod_Diagnostic_09.txt,24-07-510,ABS,0X1E8F,Wheel FL,981,2026-05-21 03:45:00
Prod_Diagnostic_09.txt,24-07-510,ABS,0X1E8F,Wheel FR,123,2026-05-21 03:45:00
Prod_Diagnostic_09.txt,24-07-510,ABS,0X1E8F,Brake Pressure,89,2026-05-21 03:45:00
Prod_Diagnostic_09.txt,24-07-510,ABS,0X1E8F,Yaw Rate,877,2026-05-21 03:45:00
Prod_Diagnostic_09.txt,24-07-510,ABS,0X1E8F,Vehicle Speed,620,2026-05-21 03:45:00
Prod_Diagnostic_09.txt,24-07-510,ABS,0X703E,Wheel FL,114,2026-05-26 05:57:00
Prod_Diagnostic_09.txt,24-07-510,ABS,0X703E,Wheel FR,713,2026-05-26 05:57:00
Prod_Diagnostic_09.txt,24-07-510,ABS,0X703E,Brake Pressure,189,2026-05-26 05:57:00
Prod_Diagnostic_09.txt,24-07-510,ABS,0X703E,Yaw Rate,260,2026-05-26 05:57:00
Prod_Diagnostic_09.txt,24-07-510,ABS,0X703E,Vehicle Speed,302,2026-05-26 05:57:00
Prod_Diagnostic_09.txt,24-07-510,ABS,0XB915,Wheel FL,926,2026-05-25 13:44:00
Prod_Diagnostic_09.txt,24-07-510,ABS,0XB915,Wheel FR,684,2026-05-25 13:44:00
Prod_Diagnostic_09.txt,24-07-510,ABS,0XB915,Brake Pressure,789,2026-05-25 13:44:00
Prod_Diagnostic_09.txt,24-07-510,ABS,0XB915,Yaw Rate,789,2026-05-25 13:44:00
Prod_Diagnostic_09.txt,24-07-510,ABS,0XB915,Vehicle Speed,332,2026-05-25 13:44:00
Prod_Diagnostic_09.txt,24-07-510,SRS,0X3976,Vehicle Speed,265,2026-05-13 10:03:00
Prod_Diagnostic_09.txt,24-07-510,SRS,0X3976,Seat Occupancy,979,2026-05-13 10:03:00
Prod_Diagnostic_09.txt,24-07-510,SRS,0X3976,Crash Counter,833,2026-05-13 10:03:00
Prod_Diagnostic_09.txt,24-07-510,SRS,0X3976,Supply Voltage,272,2026-05-13 10:03:00
Prod_Diagnostic_09.txt,24-07-510,SRS,0X3976,Belt Status,183,2026-05-13 10:03:00
Prod_Diagnostic_09.txt,24-07-510,SRS,0X21C4,Vehicle Speed,112,2026-05-06 20:31:00
Prod_Diagnostic_09.txt,24-07-510,SRS,0X21C4,Seat Occupancy,148,2026-05-06 20:31:00
Prod_Diagnostic_09.txt,24-07-510,SRS,0X21C4,Crash Counter,554,2026-05-06 20:31:00
Prod_Diagnostic_09.txt,24-07-510,SRS,0X21C4,Supply Voltage,788,2026-05-06 20:31:00
Prod_Diagnostic_09.txt,24-07-510,SRS,0X21C4,Belt Status,442,2026-05-06 20:31:00
Prod_Diagnostic_09.txt,24-07-510,SRS,0XAD2C,Vehicle Speed,73,2026-05-04 01:04:00
Prod_Diagnostic_09.txt,24-07-510,SRS,0XAD2C,Seat Occupancy,586,2026-05-04 01:04:00
Prod_Diagnostic_09.txt,24-07-510,SRS,0XAD2C,Crash Counter,746,2026-05-04 01:04:00
Prod_Diagnostic_09.txt,24-07-510,SRS,0XAD2C,Supply Voltage,257,2026-05-04 01:04:00
Prod_Diagnostic_09.txt,24-07-510,SRS,0XAD2C,Belt Status,796,2026-05-04 01:04:00
Prod_Diagnostic_09.txt,24-07-510,SRS,0X14CD,Vehicle Speed,273,2026-05-02 21:24:00
Prod_Diagnostic_09.txt,24-07-510,SRS,0X14CD,Seat Occupancy,156,2026-05-02 21:24:00
Prod_Diagnostic_09.txt,24-07-510,SRS,0X14CD,Crash Counter,717,2026-05-02 21:24:00
Prod_Diagnostic_09.txt,24-07-510,SRS,0X14CD,Supply Voltage,338,2026-05-02 21:24:00
Prod_Diagnostic_09.txt,24-07-510,SRS,0X14CD,Belt Status,927,2026-05-02 21:24:00
Prod_Diagnostic_09.txt,24-07-510,SRS,0XA31B,Vehicle Speed,746,2026-05-14 12:54:00
Prod_Diagnostic_09.txt,24-07-510,SRS,0XA31B,Seat Occupancy,800,2026-05-14 12:54:00
Prod_Diagnostic_09.txt,24-07-510,SRS,0XA31B,Crash Counter,832,2026-05-14 12:54:00
Prod_Diagnostic_09.txt,24-07-510,SRS,0XA31B,Supply Voltage,805,2026-05-14 12:54:00
Prod_Diagnostic_09.txt,24-07-510,SRS,0XA31B,Belt Status,72,2026-05-14 12:54:00
Prod_Diagnostic_09.txt,24-07-510,BMS,0X49D1,SOC,368,2026-05-19 17:59:00
Prod_Diagnostic_09.txt,24-07-510,BMS,0X49D1,SOH,342,2026-05-19 17:59:00
Prod_Diagnostic_09.txt,24-07-510,BMS,0X49D1,HV Voltage,699,2026-05-19 17:59:00
Prod_Diagnostic_09.txt,24-07-510,BMS,0X49D1,Cell Temp Max,311,2026-05-19 17:59:00
Prod_Diagnostic_09.txt,24-07-510,BMS,0X49D1,Cell Temp Min,411,2026-05-19 17:59:00
Prod_Diagnostic_09.txt,24-07-510,BMS,0XB1DC,SOC,862,2026-05-28 10:05:00
Prod_Diagnostic_09.txt,24-07-510,BMS,0XB1DC,SOH,471,2026-05-28 10:05:00
Prod_Diagnostic_09.txt,24-07-510,BMS,0XB1DC,HV Voltage,779,2026-05-28 10:05:00
Prod_Diagnostic_09.txt,24-07-510,BMS,0XB1DC,Cell Temp Max,785,2026-05-28 10:05:00
Prod_Diagnostic_09.txt,24-07-510,BMS,0XB1DC,Cell Temp Min,297,2026-05-28 10:05:00
Prod_Diagnostic_09.txt,24-07-510,BMS,0X3D36,SOC,918,2026-05-10 22:24:00
Prod_Diagnostic_09.txt,24-07-510,BMS,0X3D36,SOH,110,2026-05-10 22:24:00
Prod_Diagnostic_09.txt,24-07-510,BMS,0X3D36,HV Voltage,646,2026-05-10 22:24:00
Prod_Diagnostic_09.txt,24-07-510,BMS,0X3D36,Cell Temp Max,706,2026-05-10 22:24:00
Prod_Diagnostic_09.txt,24-07-510,BMS,0X3D36,Cell Temp Min,368,2026-05-10 22:24:00
Prod_Diagnostic_09.txt,24-07-510,BMS,0X25B9,SOC,738,2026-05-02 06:01:00
Prod_Diagnostic_09.txt,24-07-510,BMS,0X25B9,SOH,608,2026-05-02 06:01:00
Prod_Diagnostic_09.txt,24-07-510,BMS,0X25B9,HV Voltage,245,2026-05-02 06:01:00
Prod_Diagnostic_09.txt,24-07-510,BMS,0X25B9,Cell Temp Max,501,2026-05-02 06:01:00
Prod_Diagnostic_09.txt,24-07-510,BMS,0X25B9,Cell Temp Min,399,2026-05-02 06:01:00
Prod_Diagnostic_09.txt,24-07-510,BMS,0XDAF0,SOC,38,2026-05-18 14:01:00
Prod_Diagnostic_09.txt,24-07-510,BMS,0XDAF0,SOH,348,2026-05-18 14:01:00
Prod_Diagnostic_09.txt,24-07-510,BMS,0XDAF0,HV Voltage,58,2026-05-18 14:01:00
Prod_Diagnostic_09.txt,24-07-510,BMS,0XDAF0,Cell Temp Max,346,2026-05-18 14:01:00
Prod_Diagnostic_09.txt,24-07-510,BMS,0XDAF0,Cell Temp Min,807,2026-05-18 14:01:00
Prod_Diagnostic_09.txt,24-07-510,HVAC,0X77CF,Cabin Temp,896,2026-05-15 21:55:00
Prod_Diagnostic_09.txt,24-07-510,HVAC,0X77CF,Blower Speed,550,2026-05-15 21:55:00
Prod_Diagnostic_09.txt,24-07-510,HVAC,0X77CF,Evap Temp,153,2026-05-15 21:55:00
Prod_Diagnostic_09.txt,24-07-510,HVAC,0X77CF,Ambient Temp,759,2026-05-15 21:55:00
Prod_Diagnostic_09.txt,24-07-510,HVAC,0X77CF,AC Pressure,594,2026-05-15 21:55:00
Prod_Diagnostic_09.txt,24-07-510,HVAC,0XFCC0,Cabin Temp,929,2026-05-21 00:30:00
Prod_Diagnostic_09.txt,24-07-510,HVAC,0XFCC0,Blower Speed,941,2026-05-21 00:30:00
Prod_Diagnostic_09.txt,24-07-510,HVAC,0XFCC0,Evap Temp,634,2026-05-21 00:30:00
Prod_Diagnostic_09.txt,24-07-510,HVAC,0XFCC0,Ambient Temp,47,2026-05-21 00:30:00
Prod_Diagnostic_09.txt,24-07-510,HVAC,0XFCC0,AC Pressure,249,2026-05-21 00:30:00
Prod_Diagnostic_09.txt,24-07-510,HVAC,0X13AD,Cabin Temp,626,2026-05-27 03:29:00
Prod_Diagnostic_09.txt,24-07-510,HVAC,0X13AD,Blower Speed,175,2026-05-27 03:29:00
Prod_Diagnostic_09.txt,24-07-510,HVAC,0X13AD,Evap Temp,856,2026-05-27 03:29:00
Prod_Diagnostic_09.txt,24-07-510,HVAC,0X13AD,Ambient Temp,606,2026-05-27 03:29:00
Prod_Diagnostic_09.txt,24-07-510,HVAC,0X13AD,AC Pressure,66,2026-05-27 03:29:00
Prod_Diagnostic_09.txt,24-07-510,HVAC,0X2D3A,Cabin Temp,346,2026-05-03 06:27:00
Prod_Diagnostic_09.txt,24-07-510,HVAC,0X2D3A,Blower Speed,831,2026-05-03 06:27:00
Prod_Diagnostic_09.txt,24-07-510,HVAC,0X2D3A,Evap Temp,856,2026-05-03 06:27:00
Prod_Diagnostic_09.txt,24-07-510,HVAC,0X2D3A,Ambient Temp,756,2026-05-03 06:27:00
Prod_Diagnostic_09.txt,24-07-510,HVAC,0X2D3A,AC Pressure,695,2026-05-03 06:27:00
Prod_Diagnostic_09.txt,24-07-510,HVAC,0X6301,Cabin Temp,988,2026-05-05 10:53:00
Prod_Diagnostic_09.txt,24-07-510,HVAC,0X6301,Blower Speed,813,2026-05-05 10:53:00
Prod_Diagnostic_09.txt,24-07-510,HVAC,0X6301,Evap Temp,219,2026-05-05 10:53:00
Prod_Diagnostic_09.txt,24-07-510,HVAC,0X6301,Ambient Temp,783,2026-05-05 10:53:00
Prod_Diagnostic_09.txt,24-07-510,HVAC,0X6301,AC Pressure,47,2026-05-05 10:53:00
Prod_Diagnostic_09.txt,24-07-510,ECM,0X3C67,RPM,714,2026-05-05 13:10:00
Prod_Diagnostic_09.txt,24-07-510,ECM,0X3C67,Coolant Temp,379,2026-05-05 13:10:00
Prod_Diagnostic_09.txt,24-07-510,ECM,0X3C67,Fuel Pressure,567,2026-05-05 13:10:00
Prod_Diagnostic_09.txt,24-07-510,ECM,0X3C67,Boost Pressure,169,2026-05-05 13:10:00
Prod_Diagnostic_09.txt,24-07-510,ECM,0X3C67,Engine Load,450,2026-05-05 13:10:00
Prod_Diagnostic_09.txt,24-07-510,ECM,0XFCF9,RPM,386,2026-05-26 20:39:00
Prod_Diagnostic_09.txt,24-07-510,ECM,0XFCF9,Coolant Temp,797,2026-05-26 20:39:00
Prod_Diagnostic_09.txt,24-07-510,ECM,0XFCF9,Fuel Pressure,162,2026-05-26 20:39:00
Prod_Diagnostic_09.txt,24-07-510,ECM,0XFCF9,Boost Pressure,17,2026-05-26 20:39:00
Prod_Diagnostic_09.txt,24-07-510,ECM,0XFCF9,Engine Load,901,2026-05-26 20:39:00
Prod_Diagnostic_09.txt,24-07-510,ECM,0X24AA,RPM,909,2026-05-23 20:37:00
Prod_Diagnostic_09.txt,24-07-510,ECM,0X24AA,Coolant Temp,291,2026-05-23 20:37:00
Prod_Diagnostic_09.txt,24-07-510,ECM,0X24AA,Fuel Pressure,427,2026-05-23 20:37:00
Prod_Diagnostic_09.txt,24-07-510,ECM,0X24AA,Boost Pressure,711,2026-05-23 20:37:00
Prod_Diagnostic_09.txt,24-07-510,ECM,0X24AA,Engine Load,827,2026-05-23 20:37:00
Prod_Diagnostic_09.txt,24-07-510,ECM,0XC13E,RPM,245,2026-05-17 14:26:00
Prod_Diagnostic_09.txt,24-07-510,ECM,0XC13E,Coolant Temp,961,2026-05-17 14:26:00
Prod_Diagnostic_09.txt,24-07-510,ECM,0XC13E,Fuel Pressure,179,2026-05-17 14:26:00
Prod_Diagnostic_09.txt,24-07-510,ECM,0XC13E,Boost Pressure,626,2026-05-17 14:26:00
Prod_Diagnostic_09.txt,24-07-510,ECM,0XC13E,Engine Load,709,2026-05-17 14:26:00
Prod_Diagnostic_09.txt,24-07-510,ECM,0XA8A5,RPM,802,2026-05-03 20:52:00
Prod_Diagnostic_09.txt,24-07-510,ECM,0XA8A5,Coolant Temp,309,2026-05-03 20:52:00
Prod_Diagnostic_09.txt,24-07-510,ECM,0XA8A5,Fuel Pressure,357,2026-05-03 20:52:00
Prod_Diagnostic_09.txt,24-07-510,ECM,0XA8A5,Boost Pressure,429,2026-05-03 20:52:00
Prod_Diagnostic_09.txt,24-07-510,ECM,0XA8A5,Engine Load,5,2026-05-03 20:52:00
Prod_Diagnostic_10.txt,25-03-420,TCM,0XB5CB,Gear,879,2026-05-06 22:29:00
Prod_Diagnostic_10.txt,25-03-420,TCM,0XB5CB,Oil Temp,585,2026-05-06 22:29:00
Prod_Diagnostic_10.txt,25-03-420,TCM,0XB5CB,Turbine Speed,766,2026-05-06 22:29:00
Prod_Diagnostic_10.txt,25-03-420,TCM,0XB5CB,Clutch Pressure,598,2026-05-06 22:29:00
Prod_Diagnostic_10.txt,25-03-420,TCM,0XB5CB,Output Speed,25,2026-05-06 22:29:00
Prod_Diagnostic_10.txt,25-03-420,TCM,0X86B9,Gear,476,2026-05-26 11:40:00
Prod_Diagnostic_10.txt,25-03-420,TCM,0X86B9,Oil Temp,721,2026-05-26 11:40:00
Prod_Diagnostic_10.txt,25-03-420,TCM,0X86B9,Turbine Speed,649,2026-05-26 11:40:00
Prod_Diagnostic_10.txt,25-03-420,TCM,0X86B9,Clutch Pressure,2,2026-05-26 11:40:00
Prod_Diagnostic_10.txt,25-03-420,TCM,0X86B9,Output Speed,882,2026-05-26 11:40:00
Prod_Diagnostic_10.txt,25-03-420,TCM,0X7287,Gear,277,2026-05-10 13:48:00
Prod_Diagnostic_10.txt,25-03-420,TCM,0X7287,Oil Temp,715,2026-05-10 13:48:00
Prod_Diagnostic_10.txt,25-03-420,TCM,0X7287,Turbine Speed,969,2026-05-10 13:48:00
Prod_Diagnostic_10.txt,25-03-420,TCM,0X7287,Clutch Pressure,628,2026-05-10 13:48:00
Prod_Diagnostic_10.txt,25-03-420,TCM,0X7287,Output Speed,556,2026-05-10 13:48:00
Prod_Diagnostic_10.txt,25-03-420,TCM,0XDB62,Gear,57,2026-05-11 23:59:00
Prod_Diagnostic_10.txt,25-03-420,TCM,0XDB62,Oil Temp,528,2026-05-11 23:59:00
Prod_Diagnostic_10.txt,25-03-420,TCM,0XDB62,Turbine Speed,969,2026-05-11 23:59:00
Prod_Diagnostic_10.txt,25-03-420,TCM,0XDB62,Clutch Pressure,932,2026-05-11 23:59:00
Prod_Diagnostic_10.txt,25-03-420,TCM,0XDB62,Output Speed,691,2026-05-11 23:59:00
Prod_Diagnostic_10.txt,25-03-420,TCM,0XF352,Gear,375,2026-05-15 19:02:00
Prod_Diagnostic_10.txt,25-03-420,TCM,0XF352,Oil Temp,376,2026-05-15 19:02:00
Prod_Diagnostic_10.txt,25-03-420,TCM,0XF352,Turbine Speed,180,2026-05-15 19:02:00
Prod_Diagnostic_10.txt,25-03-420,TCM,0XF352,Clutch Pressure,664,2026-05-15 19:02:00
Prod_Diagnostic_10.txt,25-03-420,TCM,0XF352,Output Speed,573,2026-05-15 19:02:00
Prod_Diagnostic_10.txt,25-03-420,ADAS,0X9F8D,CPU Load,117,2026-05-11 07:34:00
Prod_Diagnostic_10.txt,25-03-420,ADAS,0X9F8D,Lane State,665,2026-05-11 07:34:00
Prod_Diagnostic_10.txt,25-03-420,ADAS,0X9F8D,Object Count,490,2026-05-11 07:34:00
Prod_Diagnostic_10.txt,25-03-420,ADAS,0X9F8D,Voltage,756,2026-05-11 07:34:00
Prod_Diagnostic_10.txt,25-03-420,ADAS,0X9F8D,Speed,962,2026-05-11 07:34:00
Prod_Diagnostic_10.txt,25-03-420,ADAS,0XEF02,CPU Load,697,2026-05-12 08:32:00
Prod_Diagnostic_10.txt,25-03-420,ADAS,0XEF02,Lane State,434,2026-05-12 08:32:00
Prod_Diagnostic_10.txt,25-03-420,ADAS,0XEF02,Object Count,284,2026-05-12 08:32:00
Prod_Diagnostic_10.txt,25-03-420,ADAS,0XEF02,Voltage,56,2026-05-12 08:32:00
Prod_Diagnostic_10.txt,25-03-420,ADAS,0XEF02,Speed,65,2026-05-12 08:32:00
Prod_Diagnostic_10.txt,25-03-420,ADAS,0X6860,CPU Load,727,2026-05-27 03:30:00
Prod_Diagnostic_10.txt,25-03-420,ADAS,0X6860,Lane State,545,2026-05-27 03:30:00
Prod_Diagnostic_10.txt,25-03-420,ADAS,0X6860,Object Count,695,2026-05-27 03:30:00
Prod_Diagnostic_10.txt,25-03-420,ADAS,0X6860,Voltage,846,2026-05-27 03:30:00
Prod_Diagnostic_10.txt,25-03-420,ADAS,0X6860,Speed,546,2026-05-27 03:30:00
Prod_Diagnostic_10.txt,25-03-420,ADAS,0X83B4,CPU Load,401,2026-05-15 02:05:00
Prod_Diagnostic_10.txt,25-03-420,ADAS,0X83B4,Lane State,920,2026-05-15 02:05:00
Prod_Diagnostic_10.txt,25-03-420,ADAS,0X83B4,Object Count,184,2026-05-15 02:05:00
Prod_Diagnostic_10.txt,25-03-420,ADAS,0X83B4,Voltage,296,2026-05-15 02:05:00
Prod_Diagnostic_10.txt,25-03-420,ADAS,0X83B4,Speed,982,2026-05-15 02:05:00
Prod_Diagnostic_10.txt,25-03-420,ADAS,0X2BFF,CPU Load,210,2026-05-16 04:55:00
Prod_Diagnostic_10.txt,25-03-420,ADAS,0X2BFF,Lane State,534,2026-05-16 04:55:00
Prod_Diagnostic_10.txt,25-03-420,ADAS,0X2BFF,Object Count,975,2026-05-16 04:55:00
Prod_Diagnostic_10.txt,25-03-420,ADAS,0X2BFF,Voltage,643,2026-05-16 04:55:00
Prod_Diagnostic_10.txt,25-03-420,ADAS,0X2BFF,Speed,24,2026-05-16 04:55:00
Prod_Diagnostic_10.txt,25-03-420,ABS,0X7AA2,Wheel FL,756,2026-05-12 13:28:00
Prod_Diagnostic_10.txt,25-03-420,ABS,0X7AA2,Wheel FR,661,2026-05-12 13:28:00
Prod_Diagnostic_10.txt,25-03-420,ABS,0X7AA2,Brake Pressure,22,2026-05-12 13:28:00
Prod_Diagnostic_10.txt,25-03-420,ABS,0X7AA2,Yaw Rate,299,2026-05-12 13:28:00
Prod_Diagnostic_10.txt,25-03-420,ABS,0X7AA2,Vehicle Speed,194,2026-05-12 13:28:00
Prod_Diagnostic_10.txt,25-03-420,ABS,0X15A4,Wheel FL,672,2026-05-14 18:21:00
Prod_Diagnostic_10.txt,25-03-420,ABS,0X15A4,Wheel FR,662,2026-05-14 18:21:00
Prod_Diagnostic_10.txt,25-03-420,ABS,0X15A4,Brake Pressure,806,2026-05-14 18:21:00
Prod_Diagnostic_10.txt,25-03-420,ABS,0X15A4,Yaw Rate,335,2026-05-14 18:21:00
Prod_Diagnostic_10.txt,25-03-420,ABS,0X15A4,Vehicle Speed,498,2026-05-14 18:21:00
Prod_Diagnostic_10.txt,25-03-420,ABS,0XBA75,Wheel FL,136,2026-05-15 09:36:00
Prod_Diagnostic_10.txt,25-03-420,ABS,0XBA75,Wheel FR,920,2026-05-15 09:36:00
Prod_Diagnostic_10.txt,25-03-420,ABS,0XBA75,Brake Pressure,809,2026-05-15 09:36:00
Prod_Diagnostic_10.txt,25-03-420,ABS,0XBA75,Yaw Rate,314,2026-05-15 09:36:00
Prod_Diagnostic_10.txt,25-03-420,ABS,0XBA75,Vehicle Speed,176,2026-05-15 09:36:00
Prod_Diagnostic_10.txt,25-03-420,ABS,0X4A0E,Wheel FL,467,2026-05-05 11:18:00
Prod_Diagnostic_10.txt,25-03-420,ABS,0X4A0E,Wheel FR,980,2026-05-05 11:18:00
Prod_Diagnostic_10.txt,25-03-420,ABS,0X4A0E,Brake Pressure,171,2026-05-05 11:18:00
Prod_Diagnostic_10.txt,25-03-420,ABS,0X4A0E,Yaw Rate,634,2026-05-05 11:18:00
Prod_Diagnostic_10.txt,25-03-420,ABS,0X4A0E,Vehicle Speed,947,2026-05-05 11:18:00
Prod_Diagnostic_10.txt,25-03-420,ABS,0XC639,Wheel FL,927,2026-05-27 22:44:00
Prod_Diagnostic_10.txt,25-03-420,ABS,0XC639,Wheel FR,683,2026-05-27 22:44:00
Prod_Diagnostic_10.txt,25-03-420,ABS,0XC639,Brake Pressure,814,2026-05-27 22:44:00
Prod_Diagnostic_10.txt,25-03-420,ABS,0XC639,Yaw Rate,158,2026-05-27 22:44:00
Prod_Diagnostic_10.txt,25-03-420,ABS,0XC639,Vehicle Speed,166,2026-05-27 22:44:00
Prod_Diagnostic_10.txt,25-03-420,FCAM,0X2DEE,Lane Confidence,189,2026-05-15 08:23:00
Prod_Diagnostic_10.txt,25-03-420,FCAM,0X2DEE,Visibility,211,2026-05-15 08:23:00
Prod_Diagnostic_10.txt,25-03-420,FCAM,0X2DEE,Image Quality,576,2026-05-15 08:23:00
Prod_Diagnostic_10.txt,25-03-420,FCAM,0X2DEE,Speed,725,2026-05-15 08:23:00
Prod_Diagnostic_10.txt,25-03-420,FCAM,0X2DEE,Light Level,36,2026-05-15 08:23:00
Prod_Diagnostic_10.txt,25-03-420,FCAM,0X6806,Lane Confidence,125,2026-05-06 17:19:00
Prod_Diagnostic_10.txt,25-03-420,FCAM,0X6806,Visibility,943,2026-05-06 17:19:00
Prod_Diagnostic_10.txt,25-03-420,FCAM,0X6806,Image Quality,26,2026-05-06 17:19:00
Prod_Diagnostic_10.txt,25-03-420,FCAM,0X6806,Speed,415,2026-05-06 17:19:00
Prod_Diagnostic_10.txt,25-03-420,FCAM,0X6806,Light Level,954,2026-05-06 17:19:00
Prod_Diagnostic_10.txt,25-03-420,FCAM,0XD4BD,Lane Confidence,520,2026-05-01 23:34:00
Prod_Diagnostic_10.txt,25-03-420,FCAM,0XD4BD,Visibility,340,2026-05-01 23:34:00
Prod_Diagnostic_10.txt,25-03-420,FCAM,0XD4BD,Image Quality,663,2026-05-01 23:34:00
Prod_Diagnostic_10.txt,25-03-420,FCAM,0XD4BD,Speed,723,2026-05-01 23:34:00
Prod_Diagnostic_10.txt,25-03-420,FCAM,0XD4BD,Light Level,303,2026-05-01 23:34:00
Prod_Diagnostic_10.txt,25-03-420,FCAM,0XF55E,Lane Confidence,929,2026-05-26 18:46:00
Prod_Diagnostic_10.txt,25-03-420,FCAM,0XF55E,Visibility,945,2026-05-26 18:46:00
Prod_Diagnostic_10.txt,25-03-420,FCAM,0XF55E,Image Quality,453,2026-05-26 18:46:00
Prod_Diagnostic_10.txt,25-03-420,FCAM,0XF55E,Speed,347,2026-05-26 18:46:00
Prod_Diagnostic_10.txt,25-03-420,FCAM,0XF55E,Light Level,706,2026-05-26 18:46:00
Prod_Diagnostic_10.txt,25-03-420,FCAM,0XCB4C,Lane Confidence,412,2026-05-04 09:01:00
Prod_Diagnostic_10.txt,25-03-420,FCAM,0XCB4C,Visibility,633,2026-05-04 09:01:00
Prod_Diagnostic_10.txt,25-03-420,FCAM,0XCB4C,Image Quality,862,2026-05-04 09:01:00
Prod_Diagnostic_10.txt,25-03-420,FCAM,0XCB4C,Speed,226,2026-05-04 09:01:00
Prod_Diagnostic_10.txt,25-03-420,FCAM,0XCB4C,Light Level,457,2026-05-04 09:01:00
Prod_Diagnostic_10.txt,25-03-420,SRS,0X27AC,Vehicle Speed,801,2026-05-19 16:14:00
Prod_Diagnostic_10.txt,25-03-420,SRS,0X27AC,Seat Occupancy,959,2026-05-19 16:14:00
Prod_Diagnostic_10.txt,25-03-420,SRS,0X27AC,Crash Counter,786,2026-05-19 16:14:00
Prod_Diagnostic_10.txt,25-03-420,SRS,0X27AC,Supply Voltage,285,2026-05-19 16:14:00
Prod_Diagnostic_10.txt,25-03-420,SRS,0X27AC,Belt Status,201,2026-05-19 16:14:00
Prod_Diagnostic_10.txt,25-03-420,SRS,0X2566,Vehicle Speed,326,2026-05-13 06:31:00
Prod_Diagnostic_10.txt,25-03-420,SRS,0X2566,Seat Occupancy,618,2026-05-13 06:31:00
Prod_Diagnostic_10.txt,25-03-420,SRS,0X2566,Crash Counter,620,2026-05-13 06:31:00
Prod_Diagnostic_10.txt,25-03-420,SRS,0X2566,Supply Voltage,524,2026-05-13 06:31:00
Prod_Diagnostic_10.txt,25-03-420,SRS,0X2566,Belt Status,967,2026-05-13 06:31:00
Prod_Diagnostic_10.txt,25-03-420,SRS,0XF88F,Vehicle Speed,396,2026-05-23 13:23:00
Prod_Diagnostic_10.txt,25-03-420,SRS,0XF88F,Seat Occupancy,382,2026-05-23 13:23:00
Prod_Diagnostic_10.txt,25-03-420,SRS,0XF88F,Crash Counter,13,2026-05-23 13:23:00
Prod_Diagnostic_10.txt,25-03-420,SRS,0XF88F,Supply Voltage,292,2026-05-23 13:23:00
Prod_Diagnostic_10.txt,25-03-420,SRS,0XF88F,Belt Status,354,2026-05-23 13:23:00
Prod_Diagnostic_10.txt,25-03-420,SRS,0X5EDE,Vehicle Speed,426,2026-05-24 14:47:00
Prod_Diagnostic_10.txt,25-03-420,SRS,0X5EDE,Seat Occupancy,823,2026-05-24 14:47:00
Prod_Diagnostic_10.txt,25-03-420,SRS,0X5EDE,Crash Counter,454,2026-05-24 14:47:00
Prod_Diagnostic_10.txt,25-03-420,SRS,0X5EDE,Supply Voltage,296,2026-05-24 14:47:00
Prod_Diagnostic_10.txt,25-03-420,SRS,0X5EDE,Belt Status,168,2026-05-24 14:47:00
Prod_Diagnostic_10.txt,25-03-420,SRS,0XCA85,Vehicle Speed,311,2026-05-03 04:13:00
Prod_Diagnostic_10.txt,25-03-420,SRS,0XCA85,Seat Occupancy,487,2026-05-03 04:13:00
Prod_Diagnostic_10.txt,25-03-420,SRS,0XCA85,Crash Counter,889,2026-05-03 04:13:00
Prod_Diagnostic_10.txt,25-03-420,SRS,0XCA85,Supply Voltage,538,2026-05-03 04:13:00
Prod_Diagnostic_10.txt,25-03-420,SRS,0XCA85,Belt Status,344,2026-05-03 04:13:00
Prod_Diagnostic_10.txt,25-03-420,GW,0XFEE3,CAN Load,937,2026-05-01 13:40:00
Prod_Diagnostic_10.txt,25-03-420,GW,0XFEE3,Eth Status,280,2026-05-01 13:40:00
Prod_Diagnostic_10.txt,25-03-420,GW,0XFEE3,Voltage,425,2026-05-01 13:40:00
Prod_Diagnostic_10.txt,25-03-420,GW,0XFEE3,Bus Errors,180,2026-05-01 13:40:00
Prod_Diagnostic_10.txt,25-03-420,GW,0XFEE3,Ignition,570,2026-05-01 13:40:00
Prod_Diagnostic_10.txt,25-03-420,GW,0XC5D2,CAN Load,568,2026-05-06 12:18:00
Prod_Diagnostic_10.txt,25-03-420,GW,0XC5D2,Eth Status,503,2026-05-06 12:18:00
Prod_Diagnostic_10.txt,25-03-420,GW,0XC5D2,Voltage,44,2026-05-06 12:18:00
Prod_Diagnostic_10.txt,25-03-420,GW,0XC5D2,Bus Errors,843,2026-05-06 12:18:00
Prod_Diagnostic_10.txt,25-03-420,GW,0XC5D2,Ignition,847,2026-05-06 12:18:00
Prod_Diagnostic_10.txt,25-03-420,GW,0XE5A7,CAN Load,28,2026-05-24 14:14:00
Prod_Diagnostic_10.txt,25-03-420,GW,0XE5A7,Eth Status,811,2026-05-24 14:14:00
Prod_Diagnostic_10.txt,25-03-420,GW,0XE5A7,Voltage,3,2026-05-24 14:14:00
Prod_Diagnostic_10.txt,25-03-420,GW,0XE5A7,Bus Errors,158,2026-05-24 14:14:00
Prod_Diagnostic_10.txt,25-03-420,GW,0XE5A7,Ignition,269,2026-05-24 14:14:00
Prod_Diagnostic_10.txt,25-03-420,GW,0XB3FB,CAN Load,929,2026-05-14 05:31:00
Prod_Diagnostic_10.txt,25-03-420,GW,0XB3FB,Eth Status,705,2026-05-14 05:31:00
Prod_Diagnostic_10.txt,25-03-420,GW,0XB3FB,Voltage,661,2026-05-14 05:31:00
Prod_Diagnostic_10.txt,25-03-420,GW,0XB3FB,Bus Errors,251,2026-05-14 05:31:00
Prod_Diagnostic_10.txt,25-03-420,GW,0XB3FB,Ignition,30,2026-05-14 05:31:00
Prod_Diagnostic_10.txt,25-03-420,GW,0XD3C4,CAN Load,493,2026-05-24 11:37:00
Prod_Diagnostic_10.txt,25-03-420,GW,0XD3C4,Eth Status,580,2026-05-24 11:37:00
Prod_Diagnostic_10.txt,25-03-420,GW,0XD3C4,Voltage,447,2026-05-24 11:37:00
Prod_Diagnostic_10.txt,25-03-420,GW,0XD3C4,Bus Errors,890,2026-05-24 11:37:00
Prod_Diagnostic_10.txt,25-03-420,GW,0XD3C4,Ignition,265,2026-05-24 11:37:00
Prod_Diagnostic_10.txt,25-03-420,RADAR,0XC1BA,Target Distance,596,2026-05-01 08:10:00
Prod_Diagnostic_10.txt,25-03-420,RADAR,0XC1BA,Relative Speed,60,2026-05-01 08:10:00
Prod_Diagnostic_10.txt,25-03-420,RADAR,0XC1BA,Object Count,150,2026-05-01 08:10:00
Prod_Diagnostic_10.txt,25-03-420,RADAR,0XC1BA,Speed,328,2026-05-01 08:10:00
Prod_Diagnostic_10.txt,25-03-420,RADAR,0XC1BA,Temperature,473,2026-05-01 08:10:00
Prod_Diagnostic_10.txt,25-03-420,RADAR,0X6B7D,Target Distance,979,2026-05-14 20:58:00
Prod_Diagnostic_10.txt,25-03-420,RADAR,0X6B7D,Relative Speed,365,2026-05-14 20:58:00
Prod_Diagnostic_10.txt,25-03-420,RADAR,0X6B7D,Object Count,50,2026-05-14 20:58:00
Prod_Diagnostic_10.txt,25-03-420,RADAR,0X6B7D,Speed,297,2026-05-14 20:58:00
Prod_Diagnostic_10.txt,25-03-420,RADAR,0X6B7D,Temperature,299,2026-05-14 20:58:00
Prod_Diagnostic_10.txt,25-03-420,RADAR,0XB391,Target Distance,771,2026-05-25 03:38:00
Prod_Diagnostic_10.txt,25-03-420,RADAR,0XB391,Relative Speed,172,2026-05-25 03:38:00
Prod_Diagnostic_10.txt,25-03-420,RADAR,0XB391,Object Count,557,2026-05-25 03:38:00
Prod_Diagnostic_10.txt,25-03-420,RADAR,0XB391,Speed,331,2026-05-25 03:38:00
Prod_Diagnostic_10.txt,25-03-420,RADAR,0XB391,Temperature,894,2026-05-25 03:38:00
Prod_Diagnostic_10.txt,25-03-420,RADAR,0XE3AA,Target Distance,361,2026-05-04 17:37:00
Prod_Diagnostic_10.txt,25-03-420,RADAR,0XE3AA,Relative Speed,844,2026-05-04 17:37:00
Prod_Diagnostic_10.txt,25-03-420,RADAR,0XE3AA,Object Count,148,2026-05-04 17:37:00
Prod_Diagnostic_10.txt,25-03-420,RADAR,0XE3AA,Speed,14,2026-05-04 17:37:00
Prod_Diagnostic_10.txt,25-03-420,RADAR,0XE3AA,Temperature,141,2026-05-04 17:37:00
Prod_Diagnostic_10.txt,25-03-420,RADAR,0X580A,Target Distance,224,2026-05-11 05:06:00
Prod_Diagnostic_10.txt,25-03-420,RADAR,0X580A,Relative Speed,159,2026-05-11 05:06:00
Prod_Diagnostic_10.txt,25-03-420,RADAR,0X580A,Object Count,516,2026-05-11 05:06:00
Prod_Diagnostic_10.txt,25-03-420,RADAR,0X580A,Speed,227,2026-05-11 05:06:00
Prod_Diagnostic_10.txt,25-03-420,RADAR,0X580A,Temperature,852,2026-05-11 05:06:00
Prod_Diagnostic_10.txt,25-03-420,OBC,0XDB8C,AC Voltage,775,2026-05-23 17:44:00
Prod_Diagnostic_10.txt,25-03-420,OBC,0XDB8C,Charge Current,822,2026-05-23 17:44:00
Prod_Diagnostic_10.txt,25-03-420,OBC,0XDB8C,Battery Temp,117,2026-05-23 17:44:00
Prod_Diagnostic_10.txt,25-03-420,OBC,0XDB8C,SOC,428,2026-05-23 17:44:00
Prod_Diagnostic_10.txt,25-03-420,OBC,0XDB8C,Input Freq,472,2026-05-23 17:44:00
Prod_Diagnostic_10.txt,25-03-420,OBC,0X2DD7,AC Voltage,143,2026-05-10 22:23:00
Prod_Diagnostic_10.txt,25-03-420,OBC,0X2DD7,Charge Current,837,2026-05-10 22:23:00
Prod_Diagnostic_10.txt,25-03-420,OBC,0X2DD7,Battery Temp,453,2026-05-10 22:23:00
Prod_Diagnostic_10.txt,25-03-420,OBC,0X2DD7,SOC,912,2026-05-10 22:23:00
Prod_Diagnostic_10.txt,25-03-420,OBC,0X2DD7,Input Freq,612,2026-05-10 22:23:00
Prod_Diagnostic_10.txt,25-03-420,OBC,0XD37A,AC Voltage,132,2026-05-24 03:14:00
Prod_Diagnostic_10.txt,25-03-420,OBC,0XD37A,Charge Current,878,2026-05-24 03:14:00
Prod_Diagnostic_10.txt,25-03-420,OBC,0XD37A,Battery Temp,711,2026-05-24 03:14:00
Prod_Diagnostic_10.txt,25-03-420,OBC,0XD37A,SOC,146,2026-05-24 03:14:00
Prod_Diagnostic_10.txt,25-03-420,OBC,0XD37A,Input Freq,705,2026-05-24 03:14:00
Prod_Diagnostic_10.txt,25-03-420,OBC,0X5EB3,AC Voltage,803,2026-05-14 22:48:00
Prod_Diagnostic_10.txt,25-03-420,OBC,0X5EB3,Charge Current,115,2026-05-14 22:48:00
Prod_Diagnostic_10.txt,25-03-420,OBC,0X5EB3,Battery Temp,80,2026-05-14 22:48:00
Prod_Diagnostic_10.txt,25-03-420,OBC,0X5EB3,SOC,20,2026-05-14 22:48:00
Prod_Diagnostic_10.txt,25-03-420,OBC,0X5EB3,Input Freq,794,2026-05-14 22:48:00
Prod_Diagnostic_10.txt,25-03-420,OBC,0XD1E0,AC Voltage,608,2026-05-02 21:32:00
Prod_Diagnostic_10.txt,25-03-420,OBC,0XD1E0,Charge Current,61,2026-05-02 21:32:00
Prod_Diagnostic_10.txt,25-03-420,OBC,0XD1E0,Battery Temp,481,2026-05-02 21:32:00
Prod_Diagnostic_10.txt,25-03-420,OBC,0XD1E0,SOC,122,2026-05-02 21:32:00
Prod_Diagnostic_10.txt,25-03-420,OBC,0XD1E0,Input Freq,931,2026-05-02 21:32:00
Prod_Diagnostic_10.txt,25-03-420,BMS,0X1B14,SOC,617,2026-05-26 03:58:00
Prod_Diagnostic_10.txt,25-03-420,BMS,0X1B14,SOH,211,2026-05-26 03:58:00
Prod_Diagnostic_10.txt,25-03-420,BMS,0X1B14,HV Voltage,602,2026-05-26 03:58:00
Prod_Diagnostic_10.txt,25-03-420,BMS,0X1B14,Cell Temp Max,923,2026-05-26 03:58:00
Prod_Diagnostic_10.txt,25-03-420,BMS,0X1B14,Cell Temp Min,205,2026-05-26 03:58:00
Prod_Diagnostic_10.txt,25-03-420,BMS,0XBBAC,SOC,972,2026-05-28 23:17:00
Prod_Diagnostic_10.txt,25-03-420,BMS,0XBBAC,SOH,594,2026-05-28 23:17:00
Prod_Diagnostic_10.txt,25-03-420,BMS,0XBBAC,HV Voltage,357,2026-05-28 23:17:00
Prod_Diagnostic_10.txt,25-03-420,BMS,0XBBAC,Cell Temp Max,361,2026-05-28 23:17:00
Prod_Diagnostic_10.txt,25-03-420,BMS,0XBBAC,Cell Temp Min,165,2026-05-28 23:17:00
Prod_Diagnostic_10.txt,25-03-420,BMS,0XD7E2,SOC,840,2026-05-19 02:06:00
Prod_Diagnostic_10.txt,25-03-420,BMS,0XD7E2,SOH,593,2026-05-19 02:06:00
Prod_Diagnostic_10.txt,25-03-420,BMS,0XD7E2,HV Voltage,782,2026-05-19 02:06:00
Prod_Diagnostic_10.txt,25-03-420,BMS,0XD7E2,Cell Temp Max,15,2026-05-19 02:06:00
Prod_Diagnostic_10.txt,25-03-420,BMS,0XD7E2,Cell Temp Min,542,2026-05-19 02:06:00
Prod_Diagnostic_10.txt,25-03-420,BMS,0XC73F,SOC,947,2026-05-01 23:06:00
Prod_Diagnostic_10.txt,25-03-420,BMS,0XC73F,SOH,220,2026-05-01 23:06:00
Prod_Diagnostic_10.txt,25-03-420,BMS,0XC73F,HV Voltage,943,2026-05-01 23:06:00
Prod_Diagnostic_10.txt,25-03-420,BMS,0XC73F,Cell Temp Max,517,2026-05-01 23:06:00
Prod_Diagnostic_10.txt,25-03-420,BMS,0XC73F,Cell Temp Min,872,2026-05-01 23:06:00
Prod_Diagnostic_10.txt,25-03-420,BMS,0X6DD0,SOC,855,2026-05-22 03:11:00
Prod_Diagnostic_10.txt,25-03-420,BMS,0X6DD0,SOH,364,2026-05-22 03:11:00
Prod_Diagnostic_10.txt,25-03-420,BMS,0X6DD0,HV Voltage,389,2026-05-22 03:11:00
Prod_Diagnostic_10.txt,25-03-420,BMS,0X6DD0,Cell Temp Max,435,2026-05-22 03:11:00
Prod_Diagnostic_10.txt,25-03-420,BMS,0X6DD0,Cell Temp Min,220,2026-05-22 03:11:00
Prod_Diagnostic_10.txt,25-03-420,ECM,0X4A40,RPM,140,2026-05-15 03:33:00
Prod_Diagnostic_10.txt,25-03-420,ECM,0X4A40,Coolant Temp,508,2026-05-15 03:33:00
Prod_Diagnostic_10.txt,25-03-420,ECM,0X4A40,Fuel Pressure,781,2026-05-15 03:33:00
Prod_Diagnostic_10.txt,25-03-420,ECM,0X4A40,Boost Pressure,370,2026-05-15 03:33:00
Prod_Diagnostic_10.txt,25-03-420,ECM,0X4A40,Engine Load,722,2026-05-15 03:33:00
Prod_Diagnostic_10.txt,25-03-420,ECM,0X9EA0,RPM,291,2026-05-16 03:24:00
Prod_Diagnostic_10.txt,25-03-420,ECM,0X9EA0,Coolant Temp,468,2026-05-16 03:24:00
Prod_Diagnostic_10.txt,25-03-420,ECM,0X9EA0,Fuel Pressure,615,2026-05-16 03:24:00
Prod_Diagnostic_10.txt,25-03-420,ECM,0X9EA0,Boost Pressure,754,2026-05-16 03:24:00
Prod_Diagnostic_10.txt,25-03-420,ECM,0X9EA0,Engine Load,320,2026-05-16 03:24:00
Prod_Diagnostic_10.txt,25-03-420,ECM,0X49D2,RPM,862,2026-05-07 02:57:00
Prod_Diagnostic_10.txt,25-03-420,ECM,0X49D2,Coolant Temp,822,2026-05-07 02:57:00
Prod_Diagnostic_10.txt,25-03-420,ECM,0X49D2,Fuel Pressure,488,2026-05-07 02:57:00
Prod_Diagnostic_10.txt,25-03-420,ECM,0X49D2,Boost Pressure,962,2026-05-07 02:57:00
Prod_Diagnostic_10.txt,25-03-420,ECM,0X49D2,Engine Load,696,2026-05-07 02:57:00
Prod_Diagnostic_10.txt,25-03-420,ECM,0X3DE6,RPM,675,2026-05-13 14:33:00
Prod_Diagnostic_10.txt,25-03-420,ECM,0X3DE6,Coolant Temp,693,2026-05-13 14:33:00
Prod_Diagnostic_10.txt,25-03-420,ECM,0X3DE6,Fuel Pressure,88,2026-05-13 14:33:00
Prod_Diagnostic_10.txt,25-03-420,ECM,0X3DE6,Boost Pressure,123,2026-05-13 14:33:00
Prod_Diagnostic_10.txt,25-03-420,ECM,0X3DE6,Engine Load,147,2026-05-13 14:33:00
Prod_Diagnostic_10.txt,25-03-420,ECM,0X768F,RPM,347,2026-05-03 11:12:00
Prod_Diagnostic_10.txt,25-03-420,ECM,0X768F,Coolant Temp,206,2026-05-03 11:12:00
Prod_Diagnostic_10.txt,25-03-420,ECM,0X768F,Fuel Pressure,610,2026-05-03 11:12:00
Prod_Diagnostic_10.txt,25-03-420,ECM,0X768F,Boost Pressure,865,2026-05-03 11:12:00
Prod_Diagnostic_10.txt,25-03-420,ECM,0X768F,Engine Load,414,2026-05-03 11:12:00
Prod_Diagnostic_10.txt,25-03-420,EPS,0X4B9D,Steering Angle,596,2026-05-25 22:49:00
Prod_Diagnostic_10.txt,25-03-420,EPS,0X4B9D,Driver Torque,608,2026-05-25 22:49:00
Prod_Diagnostic_10.txt,25-03-420,EPS,0X4B9D,Motor Current,280,2026-05-25 22:49:00
Prod_Diagnostic_10.txt,25-03-420,EPS,0X4B9D,Supply Voltage,775,2026-05-25 22:49:00
Prod_Diagnostic_10.txt,25-03-420,EPS,0X4B9D,Speed,809,2026-05-25 22:49:00
Prod_Diagnostic_10.txt,25-03-420,EPS,0X6B29,Steering Angle,151,2026-05-16 16:17:00
Prod_Diagnostic_10.txt,25-03-420,EPS,0X6B29,Driver Torque,787,2026-05-16 16:17:00
Prod_Diagnostic_10.txt,25-03-420,EPS,0X6B29,Motor Current,466,2026-05-16 16:17:00
Prod_Diagnostic_10.txt,25-03-420,EPS,0X6B29,Supply Voltage,111,2026-05-16 16:17:00
Prod_Diagnostic_10.txt,25-03-420,EPS,0X6B29,Speed,126,2026-05-16 16:17:00
Prod_Diagnostic_10.txt,25-03-420,EPS,0X8D45,Steering Angle,55,2026-05-01 03:47:00
Prod_Diagnostic_10.txt,25-03-420,EPS,0X8D45,Driver Torque,851,2026-05-01 03:47:00
Prod_Diagnostic_10.txt,25-03-420,EPS,0X8D45,Motor Current,70,2026-05-01 03:47:00
Prod_Diagnostic_10.txt,25-03-420,EPS,0X8D45,Supply Voltage,511,2026-05-01 03:47:00
Prod_Diagnostic_10.txt,25-03-420,EPS,0X8D45,Speed,695,2026-05-01 03:47:00
Prod_Diagnostic_10.txt,25-03-420,EPS,0X3DD9,Steering Angle,99,2026-05-10 19:39:00
Prod_Diagnostic_10.txt,25-03-420,EPS,0X3DD9,Driver Torque,779,2026-05-10 19:39:00
Prod_Diagnostic_10.txt,25-03-420,EPS,0X3DD9,Motor Current,79,2026-05-10 19:39:00
Prod_Diagnostic_10.txt,25-03-420,EPS,0X3DD9,Supply Voltage,677,2026-05-10 19:39:00
Prod_Diagnostic_10.txt,25-03-420,EPS,0X3DD9,Speed,770,2026-05-10 19:39:00
Prod_Diagnostic_10.txt,25-03-420,EPS,0XD47F,Steering Angle,517,2026-05-22 15:31:00
Prod_Diagnostic_10.txt,25-03-420,EPS,0XD47F,Driver Torque,268,2026-05-22 15:31:00
Prod_Diagnostic_10.txt,25-03-420,EPS,0XD47F,Motor Current,556,2026-05-22 15:31:00
Prod_Diagnostic_10.txt,25-03-420,EPS,0XD47F,Supply Voltage,352,2026-05-22 15:31:00
Prod_Diagnostic_10.txt,25-03-420,EPS,0XD47F,Speed,829,2026-05-22 15:31:00
Prod_Diagnostic_10.txt,25-03-420,TCU,0X9BEF,RSSI,323,2026-05-04 12:28:00
Prod_Diagnostic_10.txt,25-03-420,TCU,0X9BEF,GPS Status,874,2026-05-04 12:28:00
Prod_Diagnostic_10.txt,25-03-420,TCU,0X9BEF,Network Type,386,2026-05-04 12:28:00
Prod_Diagnostic_10.txt,25-03-420,TCU,0X9BEF,Speed,454,2026-05-04 12:28:00
Prod_Diagnostic_10.txt,25-03-420,TCU,0X9BEF,Voltage,471,2026-05-04 12:28:00
Prod_Diagnostic_10.txt,25-03-420,TCU,0X1869,RSSI,320,2026-05-16 13:08:00
Prod_Diagnostic_10.txt,25-03-420,TCU,0X1869,GPS Status,733,2026-05-16 13:08:00
Prod_Diagnostic_10.txt,25-03-420,TCU,0X1869,Network Type,399,2026-05-16 13:08:00
Prod_Diagnostic_10.txt,25-03-420,TCU,0X1869,Speed,500,2026-05-16 13:08:00
Prod_Diagnostic_10.txt,25-03-420,TCU,0X1869,Voltage,783,2026-05-16 13:08:00
Prod_Diagnostic_10.txt,25-03-420,TCU,0XA1A0,RSSI,576,2026-05-19 15:30:00
Prod_Diagnostic_10.txt,25-03-420,TCU,0XA1A0,GPS Status,875,2026-05-19 15:30:00
Prod_Diagnostic_10.txt,25-03-420,TCU,0XA1A0,Network Type,161,2026-05-19 15:30:00
Prod_Diagnostic_10.txt,25-03-420,TCU,0XA1A0,Speed,519,2026-05-19 15:30:00
Prod_Diagnostic_10.txt,25-03-420,TCU,0XA1A0,Voltage,58,2026-05-19 15:30:00
Prod_Diagnostic_10.txt,25-03-420,TCU,0X536D,RSSI,292,2026-05-22 11:49:00
Prod_Diagnostic_10.txt,25-03-420,TCU,0X536D,GPS Status,329,2026-05-22 11:49:00
Prod_Diagnostic_10.txt,25-03-420,TCU,0X536D,Network Type,63,2026-05-22 11:49:00
Prod_Diagnostic_10.txt,25-03-420,TCU,0X536D,Speed,29,2026-05-22 11:49:00
Prod_Diagnostic_10.txt,25-03-420,TCU,0X536D,Voltage,605,2026-05-22 11:49:00
Prod_Diagnostic_10.txt,25-03-420,TCU,0X30D1,RSSI,390,2026-05-25 20:21:00
Prod_Diagnostic_10.txt,25-03-420,TCU,0X30D1,GPS Status,100,2026-05-25 20:21:00
Prod_Diagnostic_10.txt,25-03-420,TCU,0X30D1,Network Type,439,2026-05-25 20:21:00
Prod_Diagnostic_10.txt,25-03-420,TCU,0X30D1,Speed,354,2026-05-25 20:21:00
Prod_Diagnostic_10.txt,25-03-420,TCU,0X30D1,Voltage,366,2026-05-25 20:21:00
Prod_Diagnostic_11.txt,25-11-601,TCU,0XD840,RSSI,66,2026-05-20 09:55:00
Prod_Diagnostic_11.txt,25-11-601,TCU,0XD840,GPS Status,923,2026-05-20 09:55:00
Prod_Diagnostic_11.txt,25-11-601,TCU,0XD840,Network Type,979,2026-05-20 09:55:00
Prod_Diagnostic_11.txt,25-11-601,TCU,0XD840,Speed,417,2026-05-20 09:55:00
Prod_Diagnostic_11.txt,25-11-601,TCU,0XD840,Voltage,919,2026-05-20 09:55:00
Prod_Diagnostic_11.txt,25-11-601,TCU,0XBBF2,RSSI,753,2026-05-08 03:36:00
Prod_Diagnostic_11.txt,25-11-601,TCU,0XBBF2,GPS Status,513,2026-05-08 03:36:00
Prod_Diagnostic_11.txt,25-11-601,TCU,0XBBF2,Network Type,956,2026-05-08 03:36:00
Prod_Diagnostic_11.txt,25-11-601,TCU,0XBBF2,Speed,124,2026-05-08 03:36:00
Prod_Diagnostic_11.txt,25-11-601,TCU,0XBBF2,Voltage,535,2026-05-08 03:36:00
Prod_Diagnostic_11.txt,25-11-601,TCU,0XD66D,RSSI,792,2026-05-08 19:07:00
Prod_Diagnostic_11.txt,25-11-601,TCU,0XD66D,GPS Status,827,2026-05-08 19:07:00
Prod_Diagnostic_11.txt,25-11-601,TCU,0XD66D,Network Type,321,2026-05-08 19:07:00
Prod_Diagnostic_11.txt,25-11-601,TCU,0XD66D,Speed,338,2026-05-08 19:07:00
Prod_Diagnostic_11.txt,25-11-601,TCU,0XD66D,Voltage,853,2026-05-08 19:07:00
Prod_Diagnostic_11.txt,25-11-601,TCU,0XCCBB,RSSI,180,2026-05-07 04:06:00
Prod_Diagnostic_11.txt,25-11-601,TCU,0XCCBB,GPS Status,220,2026-05-07 04:06:00
Prod_Diagnostic_11.txt,25-11-601,TCU,0XCCBB,Network Type,994,2026-05-07 04:06:00
Prod_Diagnostic_11.txt,25-11-601,TCU,0XCCBB,Speed,282,2026-05-07 04:06:00
Prod_Diagnostic_11.txt,25-11-601,TCU,0XCCBB,Voltage,451,2026-05-07 04:06:00
Prod_Diagnostic_11.txt,25-11-601,TCU,0X511A,RSSI,325,2026-05-12 22:07:00
Prod_Diagnostic_11.txt,25-11-601,TCU,0X511A,GPS Status,559,2026-05-12 22:07:00
Prod_Diagnostic_11.txt,25-11-601,TCU,0X511A,Network Type,434,2026-05-12 22:07:00
Prod_Diagnostic_11.txt,25-11-601,TCU,0X511A,Speed,487,2026-05-12 22:07:00
Prod_Diagnostic_11.txt,25-11-601,TCU,0X511A,Voltage,700,2026-05-12 22:07:00
Prod_Diagnostic_11.txt,25-11-601,BMS,0X5719,SOC,661,2026-05-27 09:01:00
Prod_Diagnostic_11.txt,25-11-601,BMS,0X5719,SOH,991,2026-05-27 09:01:00
Prod_Diagnostic_11.txt,25-11-601,BMS,0X5719,HV Voltage,927,2026-05-27 09:01:00
Prod_Diagnostic_11.txt,25-11-601,BMS,0X5719,Cell Temp Max,621,2026-05-27 09:01:00
Prod_Diagnostic_11.txt,25-11-601,BMS,0X5719,Cell Temp Min,36,2026-05-27 09:01:00
Prod_Diagnostic_11.txt,25-11-601,BMS,0XC0D0,SOC,982,2026-05-13 09:40:00
Prod_Diagnostic_11.txt,25-11-601,BMS,0XC0D0,SOH,718,2026-05-13 09:40:00
Prod_Diagnostic_11.txt,25-11-601,BMS,0XC0D0,HV Voltage,372,2026-05-13 09:40:00
Prod_Diagnostic_11.txt,25-11-601,BMS,0XC0D0,Cell Temp Max,925,2026-05-13 09:40:00
Prod_Diagnostic_11.txt,25-11-601,BMS,0XC0D0,Cell Temp Min,832,2026-05-13 09:40:00
Prod_Diagnostic_11.txt,25-11-601,BMS,0X98EF,SOC,93,2026-05-13 08:19:00
Prod_Diagnostic_11.txt,25-11-601,BMS,0X98EF,SOH,959,2026-05-13 08:19:00
Prod_Diagnostic_11.txt,25-11-601,BMS,0X98EF,HV Voltage,843,2026-05-13 08:19:00
Prod_Diagnostic_11.txt,25-11-601,BMS,0X98EF,Cell Temp Max,775,2026-05-13 08:19:00
Prod_Diagnostic_11.txt,25-11-601,BMS,0X98EF,Cell Temp Min,242,2026-05-13 08:19:00
Prod_Diagnostic_11.txt,25-11-601,BMS,0X45DB,SOC,809,2026-05-26 20:26:00
Prod_Diagnostic_11.txt,25-11-601,BMS,0X45DB,SOH,35,2026-05-26 20:26:00
Prod_Diagnostic_11.txt,25-11-601,BMS,0X45DB,HV Voltage,281,2026-05-26 20:26:00
Prod_Diagnostic_11.txt,25-11-601,BMS,0X45DB,Cell Temp Max,888,2026-05-26 20:26:00
Prod_Diagnostic_11.txt,25-11-601,BMS,0X45DB,Cell Temp Min,83,2026-05-26 20:26:00
Prod_Diagnostic_11.txt,25-11-601,BMS,0X8899,SOC,165,2026-05-27 03:52:00
Prod_Diagnostic_11.txt,25-11-601,BMS,0X8899,SOH,716,2026-05-27 03:52:00
Prod_Diagnostic_11.txt,25-11-601,BMS,0X8899,HV Voltage,268,2026-05-27 03:52:00
Prod_Diagnostic_11.txt,25-11-601,BMS,0X8899,Cell Temp Max,519,2026-05-27 03:52:00
Prod_Diagnostic_11.txt,25-11-601,BMS,0X8899,Cell Temp Min,68,2026-05-27 03:52:00
Prod_Diagnostic_11.txt,25-11-601,ECM,0X7BBE,RPM,781,2026-05-15 22:01:00
Prod_Diagnostic_11.txt,25-11-601,ECM,0X7BBE,Coolant Temp,54,2026-05-15 22:01:00
Prod_Diagnostic_11.txt,25-11-601,ECM,0X7BBE,Fuel Pressure,657,2026-05-15 22:01:00
Prod_Diagnostic_11.txt,25-11-601,ECM,0X7BBE,Boost Pressure,657,2026-05-15 22:01:00
Prod_Diagnostic_11.txt,25-11-601,ECM,0X7BBE,Engine Load,189,2026-05-15 22:01:00
Prod_Diagnostic_11.txt,25-11-601,ECM,0XDA80,RPM,322,2026-05-07 20:19:00
Prod_Diagnostic_11.txt,25-11-601,ECM,0XDA80,Coolant Temp,590,2026-05-07 20:19:00
Prod_Diagnostic_11.txt,25-11-601,ECM,0XDA80,Fuel Pressure,85,2026-05-07 20:19:00
Prod_Diagnostic_11.txt,25-11-601,ECM,0XDA80,Boost Pressure,114,2026-05-07 20:19:00
Prod_Diagnostic_11.txt,25-11-601,ECM,0XDA80,Engine Load,162,2026-05-07 20:19:00
Prod_Diagnostic_11.txt,25-11-601,ECM,0X9430,RPM,421,2026-05-28 19:43:00
Prod_Diagnostic_11.txt,25-11-601,ECM,0X9430,Coolant Temp,812,2026-05-28 19:43:00
Prod_Diagnostic_11.txt,25-11-601,ECM,0X9430,Fuel Pressure,962,2026-05-28 19:43:00
Prod_Diagnostic_11.txt,25-11-601,ECM,0X9430,Boost Pressure,328,2026-05-28 19:43:00
Prod_Diagnostic_11.txt,25-11-601,ECM,0X9430,Engine Load,463,2026-05-28 19:43:00
Prod_Diagnostic_11.txt,25-11-601,ECM,0XEF9E,RPM,336,2026-05-22 18:52:00
Prod_Diagnostic_11.txt,25-11-601,ECM,0XEF9E,Coolant Temp,819,2026-05-22 18:52:00
Prod_Diagnostic_11.txt,25-11-601,ECM,0XEF9E,Fuel Pressure,289,2026-05-22 18:52:00
Prod_Diagnostic_11.txt,25-11-601,ECM,0XEF9E,Boost Pressure,204,2026-05-22 18:52:00
Prod_Diagnostic_11.txt,25-11-601,ECM,0XEF9E,Engine Load,87,2026-05-22 18:52:00
Prod_Diagnostic_11.txt,25-11-601,ECM,0X6E1B,RPM,946,2026-05-08 00:01:00
Prod_Diagnostic_11.txt,25-11-601,ECM,0X6E1B,Coolant Temp,572,2026-05-08 00:01:00
Prod_Diagnostic_11.txt,25-11-601,ECM,0X6E1B,Fuel Pressure,663,2026-05-08 00:01:00
Prod_Diagnostic_11.txt,25-11-601,ECM,0X6E1B,Boost Pressure,627,2026-05-08 00:01:00
Prod_Diagnostic_11.txt,25-11-601,ECM,0X6E1B,Engine Load,642,2026-05-08 00:01:00
Prod_Diagnostic_11.txt,25-11-601,SRS,0XF826,Vehicle Speed,411,2026-05-23 05:03:00
Prod_Diagnostic_11.txt,25-11-601,SRS,0XF826,Seat Occupancy,633,2026-05-23 05:03:00
Prod_Diagnostic_11.txt,25-11-601,SRS,0XF826,Crash Counter,440,2026-05-23 05:03:00
Prod_Diagnostic_11.txt,25-11-601,SRS,0XF826,Supply Voltage,615,2026-05-23 05:03:00
Prod_Diagnostic_11.txt,25-11-601,SRS,0XF826,Belt Status,267,2026-05-23 05:03:00
Prod_Diagnostic_11.txt,25-11-601,SRS,0X26CC,Vehicle Speed,446,2026-05-01 22:33:00
Prod_Diagnostic_11.txt,25-11-601,SRS,0X26CC,Seat Occupancy,792,2026-05-01 22:33:00
Prod_Diagnostic_11.txt,25-11-601,SRS,0X26CC,Crash Counter,943,2026-05-01 22:33:00
Prod_Diagnostic_11.txt,25-11-601,SRS,0X26CC,Supply Voltage,951,2026-05-01 22:33:00
Prod_Diagnostic_11.txt,25-11-601,SRS,0X26CC,Belt Status,465,2026-05-01 22:33:00
Prod_Diagnostic_11.txt,25-11-601,SRS,0X2E56,Vehicle Speed,765,2026-05-28 08:18:00
Prod_Diagnostic_11.txt,25-11-601,SRS,0X2E56,Seat Occupancy,507,2026-05-28 08:18:00
Prod_Diagnostic_11.txt,25-11-601,SRS,0X2E56,Crash Counter,392,2026-05-28 08:18:00
Prod_Diagnostic_11.txt,25-11-601,SRS,0X2E56,Supply Voltage,134,2026-05-28 08:18:00
Prod_Diagnostic_11.txt,25-11-601,SRS,0X2E56,Belt Status,442,2026-05-28 08:18:00
Prod_Diagnostic_11.txt,25-11-601,SRS,0XA99F,Vehicle Speed,150,2026-05-06 13:50:00
Prod_Diagnostic_11.txt,25-11-601,SRS,0XA99F,Seat Occupancy,30,2026-05-06 13:50:00
Prod_Diagnostic_11.txt,25-11-601,SRS,0XA99F,Crash Counter,298,2026-05-06 13:50:00
Prod_Diagnostic_11.txt,25-11-601,SRS,0XA99F,Supply Voltage,269,2026-05-06 13:50:00
Prod_Diagnostic_11.txt,25-11-601,SRS,0XA99F,Belt Status,242,2026-05-06 13:50:00
Prod_Diagnostic_11.txt,25-11-601,SRS,0X8373,Vehicle Speed,137,2026-05-03 00:30:00
Prod_Diagnostic_11.txt,25-11-601,SRS,0X8373,Seat Occupancy,893,2026-05-03 00:30:00
Prod_Diagnostic_11.txt,25-11-601,SRS,0X8373,Crash Counter,332,2026-05-03 00:30:00
Prod_Diagnostic_11.txt,25-11-601,SRS,0X8373,Supply Voltage,998,2026-05-03 00:30:00
Prod_Diagnostic_11.txt,25-11-601,SRS,0X8373,Belt Status,710,2026-05-03 00:30:00
Prod_Diagnostic_11.txt,25-11-601,HVAC,0XBFD5,Cabin Temp,75,2026-05-24 19:16:00
Prod_Diagnostic_11.txt,25-11-601,HVAC,0XBFD5,Blower Speed,98,2026-05-24 19:16:00
Prod_Diagnostic_11.txt,25-11-601,HVAC,0XBFD5,Evap Temp,571,2026-05-24 19:16:00
Prod_Diagnostic_11.txt,25-11-601,HVAC,0XBFD5,Ambient Temp,61,2026-05-24 19:16:00
Prod_Diagnostic_11.txt,25-11-601,HVAC,0XBFD5,AC Pressure,54,2026-05-24 19:16:00
Prod_Diagnostic_11.txt,25-11-601,HVAC,0XFE5A,Cabin Temp,767,2026-05-22 19:45:00
Prod_Diagnostic_11.txt,25-11-601,HVAC,0XFE5A,Blower Speed,830,2026-05-22 19:45:00
Prod_Diagnostic_11.txt,25-11-601,HVAC,0XFE5A,Evap Temp,47,2026-05-22 19:45:00
Prod_Diagnostic_11.txt,25-11-601,HVAC,0XFE5A,Ambient Temp,6,2026-05-22 19:45:00
Prod_Diagnostic_11.txt,25-11-601,HVAC,0XFE5A,AC Pressure,260,2026-05-22 19:45:00
Prod_Diagnostic_11.txt,25-11-601,HVAC,0XAEA1,Cabin Temp,595,2026-05-05 17:02:00
Prod_Diagnostic_11.txt,25-11-601,HVAC,0XAEA1,Blower Speed,184,2026-05-05 17:02:00
Prod_Diagnostic_11.txt,25-11-601,HVAC,0XAEA1,Evap Temp,267,2026-05-05 17:02:00
Prod_Diagnostic_11.txt,25-11-601,HVAC,0XAEA1,Ambient Temp,174,2026-05-05 17:02:00
Prod_Diagnostic_11.txt,25-11-601,HVAC,0XAEA1,AC Pressure,516,2026-05-05 17:02:00
Prod_Diagnostic_11.txt,25-11-601,HVAC,0XFE29,Cabin Temp,444,2026-05-11 22:33:00
Prod_Diagnostic_11.txt,25-11-601,HVAC,0XFE29,Blower Speed,146,2026-05-11 22:33:00
Prod_Diagnostic_11.txt,25-11-601,HVAC,0XFE29,Evap Temp,267,2026-05-11 22:33:00
Prod_Diagnostic_11.txt,25-11-601,HVAC,0XFE29,Ambient Temp,120,2026-05-11 22:33:00
Prod_Diagnostic_11.txt,25-11-601,HVAC,0XFE29,AC Pressure,321,2026-05-11 22:33:00
Prod_Diagnostic_11.txt,25-11-601,HVAC,0X30BC,Cabin Temp,850,2026-05-10 08:39:00
Prod_Diagnostic_11.txt,25-11-601,HVAC,0X30BC,Blower Speed,780,2026-05-10 08:39:00
Prod_Diagnostic_11.txt,25-11-601,HVAC,0X30BC,Evap Temp,949,2026-05-10 08:39:00
Prod_Diagnostic_11.txt,25-11-601,HVAC,0X30BC,Ambient Temp,271,2026-05-10 08:39:00
Prod_Diagnostic_11.txt,25-11-601,HVAC,0X30BC,AC Pressure,530,2026-05-10 08:39:00
Prod_Diagnostic_11.txt,25-11-601,OBC,0X7F8E,AC Voltage,818,2026-05-18 21:40:00
Prod_Diagnostic_11.txt,25-11-601,OBC,0X7F8E,Charge Current,451,2026-05-18 21:40:00
Prod_Diagnostic_11.txt,25-11-601,OBC,0X7F8E,Battery Temp,55,2026-05-18 21:40:00
Prod_Diagnostic_11.txt,25-11-601,OBC,0X7F8E,SOC,194,2026-05-18 21:40:00
Prod_Diagnostic_11.txt,25-11-601,OBC,0X7F8E,Input Freq,153,2026-05-18 21:40:00
Prod_Diagnostic_11.txt,25-11-601,OBC,0X4AD8,AC Voltage,447,2026-05-06 22:29:00
Prod_Diagnostic_11.txt,25-11-601,OBC,0X4AD8,Charge Current,119,2026-05-06 22:29:00
Prod_Diagnostic_11.txt,25-11-601,OBC,0X4AD8,Battery Temp,917,2026-05-06 22:29:00
Prod_Diagnostic_11.txt,25-11-601,OBC,0X4AD8,SOC,950,2026-05-06 22:29:00
Prod_Diagnostic_11.txt,25-11-601,OBC,0X4AD8,Input Freq,507,2026-05-06 22:29:00
Prod_Diagnostic_11.txt,25-11-601,OBC,0X8107,AC Voltage,867,2026-05-15 15:07:00
Prod_Diagnostic_11.txt,25-11-601,OBC,0X8107,Charge Current,738,2026-05-15 15:07:00
Prod_Diagnostic_11.txt,25-11-601,OBC,0X8107,Battery Temp,888,2026-05-15 15:07:00
Prod_Diagnostic_11.txt,25-11-601,OBC,0X8107,SOC,152,2026-05-15 15:07:00
Prod_Diagnostic_11.txt,25-11-601,OBC,0X8107,Input Freq,127,2026-05-15 15:07:00
Prod_Diagnostic_11.txt,25-11-601,OBC,0X27F4,AC Voltage,280,2026-05-24 16:52:00
Prod_Diagnostic_11.txt,25-11-601,OBC,0X27F4,Charge Current,577,2026-05-24 16:52:00
Prod_Diagnostic_11.txt,25-11-601,OBC,0X27F4,Battery Temp,913,2026-05-24 16:52:00
Prod_Diagnostic_11.txt,25-11-601,OBC,0X27F4,SOC,680,2026-05-24 16:52:00
Prod_Diagnostic_11.txt,25-11-601,OBC,0X27F4,Input Freq,600,2026-05-24 16:52:00
Prod_Diagnostic_11.txt,25-11-601,OBC,0XA563,AC Voltage,787,2026-05-14 02:15:00
Prod_Diagnostic_11.txt,25-11-601,OBC,0XA563,Charge Current,511,2026-05-14 02:15:00
Prod_Diagnostic_11.txt,25-11-601,OBC,0XA563,Battery Temp,694,2026-05-14 02:15:00
Prod_Diagnostic_11.txt,25-11-601,OBC,0XA563,SOC,97,2026-05-14 02:15:00
Prod_Diagnostic_11.txt,25-11-601,OBC,0XA563,Input Freq,909,2026-05-14 02:15:00
Prod_Diagnostic_11.txt,25-11-601,GW,0X16A5,CAN Load,975,2026-05-12 18:59:00
Prod_Diagnostic_11.txt,25-11-601,GW,0X16A5,Eth Status,109,2026-05-12 18:59:00
Prod_Diagnostic_11.txt,25-11-601,GW,0X16A5,Voltage,858,2026-05-12 18:59:00
Prod_Diagnostic_11.txt,25-11-601,GW,0X16A5,Bus Errors,332,2026-05-12 18:59:00
Prod_Diagnostic_11.txt,25-11-601,GW,0X16A5,Ignition,158,2026-05-12 18:59:00
Prod_Diagnostic_11.txt,25-11-601,GW,0X24C0,CAN Load,674,2026-05-21 08:38:00
Prod_Diagnostic_11.txt,25-11-601,GW,0X24C0,Eth Status,6,2026-05-21 08:38:00
Prod_Diagnostic_11.txt,25-11-601,GW,0X24C0,Voltage,338,2026-05-21 08:38:00
Prod_Diagnostic_11.txt,25-11-601,GW,0X24C0,Bus Errors,994,2026-05-21 08:38:00
Prod_Diagnostic_11.txt,25-11-601,GW,0X24C0,Ignition,45,2026-05-21 08:38:00
Prod_Diagnostic_11.txt,25-11-601,GW,0X83FE,CAN Load,660,2026-05-07 01:51:00
Prod_Diagnostic_11.txt,25-11-601,GW,0X83FE,Eth Status,290,2026-05-07 01:51:00
Prod_Diagnostic_11.txt,25-11-601,GW,0X83FE,Voltage,331,2026-05-07 01:51:00
Prod_Diagnostic_11.txt,25-11-601,GW,0X83FE,Bus Errors,818,2026-05-07 01:51:00
Prod_Diagnostic_11.txt,25-11-601,GW,0X83FE,Ignition,57,2026-05-07 01:51:00
Prod_Diagnostic_11.txt,25-11-601,GW,0X9C12,CAN Load,989,2026-05-09 05:15:00
Prod_Diagnostic_11.txt,25-11-601,GW,0X9C12,Eth Status,790,2026-05-09 05:15:00
Prod_Diagnostic_11.txt,25-11-601,GW,0X9C12,Voltage,887,2026-05-09 05:15:00
Prod_Diagnostic_11.txt,25-11-601,GW,0X9C12,Bus Errors,409,2026-05-09 05:15:00
Prod_Diagnostic_11.txt,25-11-601,GW,0X9C12,Ignition,92,2026-05-09 05:15:00
Prod_Diagnostic_11.txt,25-11-601,GW,0XEA33,CAN Load,978,2026-05-10 20:48:00
Prod_Diagnostic_11.txt,25-11-601,GW,0XEA33,Eth Status,670,2026-05-10 20:48:00
Prod_Diagnostic_11.txt,25-11-601,GW,0XEA33,Voltage,158,2026-05-10 20:48:00
Prod_Diagnostic_11.txt,25-11-601,GW,0XEA33,Bus Errors,124,2026-05-10 20:48:00
Prod_Diagnostic_11.txt,25-11-601,GW,0XEA33,Ignition,306,2026-05-10 20:48:00
Prod_Diagnostic_11.txt,25-11-601,ABS,0XDD14,Wheel FL,99,2026-05-05 11:42:00
Prod_Diagnostic_11.txt,25-11-601,ABS,0XDD14,Wheel FR,853,2026-05-05 11:42:00
Prod_Diagnostic_11.txt,25-11-601,ABS,0XDD14,Brake Pressure,377,2026-05-05 11:42:00
Prod_Diagnostic_11.txt,25-11-601,ABS,0XDD14,Yaw Rate,525,2026-05-05 11:42:00
Prod_Diagnostic_11.txt,25-11-601,ABS,0XDD14,Vehicle Speed,205,2026-05-05 11:42:00
Prod_Diagnostic_11.txt,25-11-601,ABS,0X8208,Wheel FL,775,2026-05-20 13:05:00
Prod_Diagnostic_11.txt,25-11-601,ABS,0X8208,Wheel FR,433,2026-05-20 13:05:00
Prod_Diagnostic_11.txt,25-11-601,ABS,0X8208,Brake Pressure,831,2026-05-20 13:05:00
Prod_Diagnostic_11.txt,25-11-601,ABS,0X8208,Yaw Rate,378,2026-05-20 13:05:00
Prod_Diagnostic_11.txt,25-11-601,ABS,0X8208,Vehicle Speed,629,2026-05-20 13:05:00
Prod_Diagnostic_11.txt,25-11-601,ABS,0X7F21,Wheel FL,693,2026-05-17 10:29:00
Prod_Diagnostic_11.txt,25-11-601,ABS,0X7F21,Wheel FR,230,2026-05-17 10:29:00
Prod_Diagnostic_11.txt,25-11-601,ABS,0X7F21,Brake Pressure,664,2026-05-17 10:29:00
Prod_Diagnostic_11.txt,25-11-601,ABS,0X7F21,Yaw Rate,703,2026-05-17 10:29:00
Prod_Diagnostic_11.txt,25-11-601,ABS,0X7F21,Vehicle Speed,731,2026-05-17 10:29:00
Prod_Diagnostic_11.txt,25-11-601,ABS,0XFE40,Wheel FL,448,2026-05-03 09:29:00
Prod_Diagnostic_11.txt,25-11-601,ABS,0XFE40,Wheel FR,82,2026-05-03 09:29:00
Prod_Diagnostic_11.txt,25-11-601,ABS,0XFE40,Brake Pressure,929,2026-05-03 09:29:00
Prod_Diagnostic_11.txt,25-11-601,ABS,0XFE40,Yaw Rate,821,2026-05-03 09:29:00
Prod_Diagnostic_11.txt,25-11-601,ABS,0XFE40,Vehicle Speed,490,2026-05-03 09:29:00
Prod_Diagnostic_11.txt,25-11-601,ABS,0X360B,Wheel FL,583,2026-05-17 13:18:00
Prod_Diagnostic_11.txt,25-11-601,ABS,0X360B,Wheel FR,49,2026-05-17 13:18:00
Prod_Diagnostic_11.txt,25-11-601,ABS,0X360B,Brake Pressure,565,2026-05-17 13:18:00
Prod_Diagnostic_11.txt,25-11-601,ABS,0X360B,Yaw Rate,79,2026-05-17 13:18:00
Prod_Diagnostic_11.txt,25-11-601,ABS,0X360B,Vehicle Speed,940,2026-05-17 13:18:00
Prod_Diagnostic_11.txt,25-11-601,RADAR,0X936F,Target Distance,738,2026-05-04 14:42:00
Prod_Diagnostic_11.txt,25-11-601,RADAR,0X936F,Relative Speed,583,2026-05-04 14:42:00
Prod_Diagnostic_11.txt,25-11-601,RADAR,0X936F,Object Count,833,2026-05-04 14:42:00
Prod_Diagnostic_11.txt,25-11-601,RADAR,0X936F,Speed,260,2026-05-04 14:42:00
Prod_Diagnostic_11.txt,25-11-601,RADAR,0X936F,Temperature,364,2026-05-04 14:42:00
Prod_Diagnostic_11.txt,25-11-601,RADAR,0XA5E7,Target Distance,474,2026-05-04 23:42:00
Prod_Diagnostic_11.txt,25-11-601,RADAR,0XA5E7,Relative Speed,184,2026-05-04 23:42:00
Prod_Diagnostic_11.txt,25-11-601,RADAR,0XA5E7,Object Count,806,2026-05-04 23:42:00
Prod_Diagnostic_11.txt,25-11-601,RADAR,0XA5E7,Speed,187,2026-05-04 23:42:00
Prod_Diagnostic_11.txt,25-11-601,RADAR,0XA5E7,Temperature,864,2026-05-04 23:42:00
Prod_Diagnostic_11.txt,25-11-601,RADAR,0X1B96,Target Distance,776,2026-05-19 23:29:00
Prod_Diagnostic_11.txt,25-11-601,RADAR,0X1B96,Relative Speed,687,2026-05-19 23:29:00
Prod_Diagnostic_11.txt,25-11-601,RADAR,0X1B96,Object Count,461,2026-05-19 23:29:00
Prod_Diagnostic_11.txt,25-11-601,RADAR,0X1B96,Speed,639,2026-05-19 23:29:00
Prod_Diagnostic_11.txt,25-11-601,RADAR,0X1B96,Temperature,828,2026-05-19 23:29:00
Prod_Diagnostic_11.txt,25-11-601,RADAR,0X6761,Target Distance,893,2026-05-24 19:16:00
Prod_Diagnostic_11.txt,25-11-601,RADAR,0X6761,Relative Speed,690,2026-05-24 19:16:00
Prod_Diagnostic_11.txt,25-11-601,RADAR,0X6761,Object Count,109,2026-05-24 19:16:00
Prod_Diagnostic_11.txt,25-11-601,RADAR,0X6761,Speed,445,2026-05-24 19:16:00
Prod_Diagnostic_11.txt,25-11-601,RADAR,0X6761,Temperature,548,2026-05-24 19:16:00
Prod_Diagnostic_11.txt,25-11-601,RADAR,0X117F,Target Distance,709,2026-05-21 15:29:00
Prod_Diagnostic_11.txt,25-11-601,RADAR,0X117F,Relative Speed,415,2026-05-21 15:29:00
Prod_Diagnostic_11.txt,25-11-601,RADAR,0X117F,Object Count,890,2026-05-21 15:29:00
Prod_Diagnostic_11.txt,25-11-601,RADAR,0X117F,Speed,674,2026-05-21 15:29:00
Prod_Diagnostic_11.txt,25-11-601,RADAR,0X117F,Temperature,989,2026-05-21 15:29:00
Prod_Diagnostic_11.txt,25-11-601,BCM,0XC9D5,Battery Voltage,987,2026-05-12 22:43:00
Prod_Diagnostic_11.txt,25-11-601,BCM,0XC9D5,Door Status,707,2026-05-12 22:43:00
Prod_Diagnostic_11.txt,25-11-601,BCM,0XC9D5,Lock State,692,2026-05-12 22:43:00
Prod_Diagnostic_11.txt,25-11-601,BCM,0XC9D5,Ignition,405,2026-05-12 22:43:00
Prod_Diagnostic_11.txt,25-11-601,BCM,0XC9D5,Window Pos,824,2026-05-12 22:43:00
Prod_Diagnostic_11.txt,25-11-601,BCM,0X266F,Battery Voltage,994,2026-05-04 00:44:00
Prod_Diagnostic_11.txt,25-11-601,BCM,0X266F,Door Status,193,2026-05-04 00:44:00
Prod_Diagnostic_11.txt,25-11-601,BCM,0X266F,Lock State,880,2026-05-04 00:44:00
Prod_Diagnostic_11.txt,25-11-601,BCM,0X266F,Ignition,28,2026-05-04 00:44:00
Prod_Diagnostic_11.txt,25-11-601,BCM,0X266F,Window Pos,215,2026-05-04 00:44:00
Prod_Diagnostic_11.txt,25-11-601,BCM,0XB60C,Battery Voltage,809,2026-05-27 20:54:00
Prod_Diagnostic_11.txt,25-11-601,BCM,0XB60C,Door Status,552,2026-05-27 20:54:00
Prod_Diagnostic_11.txt,25-11-601,BCM,0XB60C,Lock State,196,2026-05-27 20:54:00
Prod_Diagnostic_11.txt,25-11-601,BCM,0XB60C,Ignition,89,2026-05-27 20:54:00
Prod_Diagnostic_11.txt,25-11-601,BCM,0XB60C,Window Pos,309,2026-05-27 20:54:00
Prod_Diagnostic_11.txt,25-11-601,BCM,0X35EE,Battery Voltage,720,2026-05-06 04:47:00
Prod_Diagnostic_11.txt,25-11-601,BCM,0X35EE,Door Status,456,2026-05-06 04:47:00
Prod_Diagnostic_11.txt,25-11-601,BCM,0X35EE,Lock State,987,2026-05-06 04:47:00
Prod_Diagnostic_11.txt,25-11-601,BCM,0X35EE,Ignition,497,2026-05-06 04:47:00
Prod_Diagnostic_11.txt,25-11-601,BCM,0X35EE,Window Pos,483,2026-05-06 04:47:00
Prod_Diagnostic_11.txt,25-11-601,BCM,0XEC1B,Battery Voltage,854,2026-05-10 18:53:00
Prod_Diagnostic_11.txt,25-11-601,BCM,0XEC1B,Door Status,402,2026-05-10 18:53:00
Prod_Diagnostic_11.txt,25-11-601,BCM,0XEC1B,Lock State,53,2026-05-10 18:53:00
Prod_Diagnostic_11.txt,25-11-601,BCM,0XEC1B,Ignition,342,2026-05-10 18:53:00
Prod_Diagnostic_11.txt,25-11-601,BCM,0XEC1B,Window Pos,9,2026-05-10 18:53:00
Prod_Diagnostic_11.txt,25-11-601,ADAS,0XB162,CPU Load,749,2026-05-24 18:38:00
Prod_Diagnostic_11.txt,25-11-601,ADAS,0XB162,Lane State,568,2026-05-24 18:38:00
Prod_Diagnostic_11.txt,25-11-601,ADAS,0XB162,Object Count,298,2026-05-24 18:38:00
Prod_Diagnostic_11.txt,25-11-601,ADAS,0XB162,Voltage,38,2026-05-24 18:38:00
Prod_Diagnostic_11.txt,25-11-601,ADAS,0XB162,Speed,500,2026-05-24 18:38:00
Prod_Diagnostic_11.txt,25-11-601,ADAS,0X8C71,CPU Load,541,2026-05-08 22:03:00
Prod_Diagnostic_11.txt,25-11-601,ADAS,0X8C71,Lane State,20,2026-05-08 22:03:00
Prod_Diagnostic_11.txt,25-11-601,ADAS,0X8C71,Object Count,433,2026-05-08 22:03:00
Prod_Diagnostic_11.txt,25-11-601,ADAS,0X8C71,Voltage,591,2026-05-08 22:03:00
Prod_Diagnostic_11.txt,25-11-601,ADAS,0X8C71,Speed,324,2026-05-08 22:03:00
Prod_Diagnostic_11.txt,25-11-601,ADAS,0X2042,CPU Load,962,2026-05-04 15:39:00
Prod_Diagnostic_11.txt,25-11-601,ADAS,0X2042,Lane State,662,2026-05-04 15:39:00
Prod_Diagnostic_11.txt,25-11-601,ADAS,0X2042,Object Count,356,2026-05-04 15:39:00
Prod_Diagnostic_11.txt,25-11-601,ADAS,0X2042,Voltage,460,2026-05-04 15:39:00
Prod_Diagnostic_11.txt,25-11-601,ADAS,0X2042,Speed,715,2026-05-04 15:39:00
Prod_Diagnostic_11.txt,25-11-601,ADAS,0X1553,CPU Load,520,2026-05-12 14:14:00
Prod_Diagnostic_11.txt,25-11-601,ADAS,0X1553,Lane State,225,2026-05-12 14:14:00
Prod_Diagnostic_11.txt,25-11-601,ADAS,0X1553,Object Count,602,2026-05-12 14:14:00
Prod_Diagnostic_11.txt,25-11-601,ADAS,0X1553,Voltage,931,2026-05-12 14:14:00
Prod_Diagnostic_11.txt,25-11-601,ADAS,0X1553,Speed,702,2026-05-12 14:14:00
Prod_Diagnostic_11.txt,25-11-601,ADAS,0XFBF6,CPU Load,400,2026-05-10 23:45:00
Prod_Diagnostic_11.txt,25-11-601,ADAS,0XFBF6,Lane State,983,2026-05-10 23:45:00
Prod_Diagnostic_11.txt,25-11-601,ADAS,0XFBF6,Object Count,427,2026-05-10 23:45:00
Prod_Diagnostic_11.txt,25-11-601,ADAS,0XFBF6,Voltage,854,2026-05-10 23:45:00
Prod_Diagnostic_11.txt,25-11-601,ADAS,0XFBF6,Speed,964,2026-05-10 23:45:00
Prod_Diagnostic_11.txt,25-11-601,TCM,0XDBC4,Gear,89,2026-05-10 22:47:00
Prod_Diagnostic_11.txt,25-11-601,TCM,0XDBC4,Oil Temp,684,2026-05-10 22:47:00
Prod_Diagnostic_11.txt,25-11-601,TCM,0XDBC4,Turbine Speed,495,2026-05-10 22:47:00
Prod_Diagnostic_11.txt,25-11-601,TCM,0XDBC4,Clutch Pressure,133,2026-05-10 22:47:00
Prod_Diagnostic_11.txt,25-11-601,TCM,0XDBC4,Output Speed,178,2026-05-10 22:47:00
Prod_Diagnostic_11.txt,25-11-601,TCM,0X3804,Gear,215,2026-05-16 09:15:00
Prod_Diagnostic_11.txt,25-11-601,TCM,0X3804,Oil Temp,571,2026-05-16 09:15:00
Prod_Diagnostic_11.txt,25-11-601,TCM,0X3804,Turbine Speed,49,2026-05-16 09:15:00
Prod_Diagnostic_11.txt,25-11-601,TCM,0X3804,Clutch Pressure,19,2026-05-16 09:15:00
Prod_Diagnostic_11.txt,25-11-601,TCM,0X3804,Output Speed,368,2026-05-16 09:15:00
Prod_Diagnostic_11.txt,25-11-601,TCM,0X6B67,Gear,441,2026-05-02 02:21:00
Prod_Diagnostic_11.txt,25-11-601,TCM,0X6B67,Oil Temp,117,2026-05-02 02:21:00
Prod_Diagnostic_11.txt,25-11-601,TCM,0X6B67,Turbine Speed,633,2026-05-02 02:21:00
Prod_Diagnostic_11.txt,25-11-601,TCM,0X6B67,Clutch Pressure,233,2026-05-02 02:21:00
Prod_Diagnostic_11.txt,25-11-601,TCM,0X6B67,Output Speed,124,2026-05-02 02:21:00
Prod_Diagnostic_11.txt,25-11-601,TCM,0X495E,Gear,899,2026-05-25 01:49:00
Prod_Diagnostic_11.txt,25-11-601,TCM,0X495E,Oil Temp,571,2026-05-25 01:49:00
Prod_Diagnostic_11.txt,25-11-601,TCM,0X495E,Turbine Speed,274,2026-05-25 01:49:00
Prod_Diagnostic_11.txt,25-11-601,TCM,0X495E,Clutch Pressure,918,2026-05-25 01:49:00
Prod_Diagnostic_11.txt,25-11-601,TCM,0X495E,Output Speed,155,2026-05-25 01:49:00
Prod_Diagnostic_11.txt,25-11-601,TCM,0XAAB2,Gear,774,2026-05-26 14:53:00
Prod_Diagnostic_11.txt,25-11-601,TCM,0XAAB2,Oil Temp,114,2026-05-26 14:53:00
Prod_Diagnostic_11.txt,25-11-601,TCM,0XAAB2,Turbine Speed,999,2026-05-26 14:53:00
Prod_Diagnostic_11.txt,25-11-601,TCM,0XAAB2,Clutch Pressure,109,2026-05-26 14:53:00
Prod_Diagnostic_11.txt,25-11-601,TCM,0XAAB2,Output Speed,801,2026-05-26 14:53:00
Prod_Diagnostic_12.txt,24-07-510,ABS,0XCCCD,Wheel FL,798,2026-05-19 06:52:00
Prod_Diagnostic_12.txt,24-07-510,ABS,0XCCCD,Wheel FR,370,2026-05-19 06:52:00
Prod_Diagnostic_12.txt,24-07-510,ABS,0XCCCD,Brake Pressure,466,2026-05-19 06:52:00
Prod_Diagnostic_12.txt,24-07-510,ABS,0XCCCD,Yaw Rate,101,2026-05-19 06:52:00
Prod_Diagnostic_12.txt,24-07-510,ABS,0XCCCD,Vehicle Speed,151,2026-05-19 06:52:00
Prod_Diagnostic_12.txt,24-07-510,ABS,0XE414,Wheel FL,220,2026-05-14 04:30:00
Prod_Diagnostic_12.txt,24-07-510,ABS,0XE414,Wheel FR,457,2026-05-14 04:30:00
Prod_Diagnostic_12.txt,24-07-510,ABS,0XE414,Brake Pressure,80,2026-05-14 04:30:00
Prod_Diagnostic_12.txt,24-07-510,ABS,0XE414,Yaw Rate,379,2026-05-14 04:30:00
Prod_Diagnostic_12.txt,24-07-510,ABS,0XE414,Vehicle Speed,694,2026-05-14 04:30:00
Prod_Diagnostic_12.txt,24-07-510,ABS,0X771A,Wheel FL,511,2026-05-28 08:37:00
Prod_Diagnostic_12.txt,24-07-510,ABS,0X771A,Wheel FR,652,2026-05-28 08:37:00
Prod_Diagnostic_12.txt,24-07-510,ABS,0X771A,Brake Pressure,434,2026-05-28 08:37:00
Prod_Diagnostic_12.txt,24-07-510,ABS,0X771A,Yaw Rate,451,2026-05-28 08:37:00
Prod_Diagnostic_12.txt,24-07-510,ABS,0X771A,Vehicle Speed,706,2026-05-28 08:37:00
Prod_Diagnostic_12.txt,24-07-510,ABS,0XCB51,Wheel FL,469,2026-05-05 15:45:00
Prod_Diagnostic_12.txt,24-07-510,ABS,0XCB51,Wheel FR,133,2026-05-05 15:45:00
Prod_Diagnostic_12.txt,24-07-510,ABS,0XCB51,Brake Pressure,992,2026-05-05 15:45:00
Prod_Diagnostic_12.txt,24-07-510,ABS,0XCB51,Yaw Rate,722,2026-05-05 15:45:00
Prod_Diagnostic_12.txt,24-07-510,ABS,0XCB51,Vehicle Speed,526,2026-05-05 15:45:00
Prod_Diagnostic_12.txt,24-07-510,ABS,0X2E39,Wheel FL,967,2026-05-02 23:10:00
Prod_Diagnostic_12.txt,24-07-510,ABS,0X2E39,Wheel FR,573,2026-05-02 23:10:00
Prod_Diagnostic_12.txt,24-07-510,ABS,0X2E39,Brake Pressure,379,2026-05-02 23:10:00
Prod_Diagnostic_12.txt,24-07-510,ABS,0X2E39,Yaw Rate,944,2026-05-02 23:10:00
Prod_Diagnostic_12.txt,24-07-510,ABS,0X2E39,Vehicle Speed,975,2026-05-02 23:10:00
Prod_Diagnostic_12.txt,24-07-510,FCAM,0XAA02,Lane Confidence,536,2026-05-19 09:02:00
Prod_Diagnostic_12.txt,24-07-510,FCAM,0XAA02,Visibility,157,2026-05-19 09:02:00
Prod_Diagnostic_12.txt,24-07-510,FCAM,0XAA02,Image Quality,121,2026-05-19 09:02:00
Prod_Diagnostic_12.txt,24-07-510,FCAM,0XAA02,Speed,381,2026-05-19 09:02:00
Prod_Diagnostic_12.txt,24-07-510,FCAM,0XAA02,Light Level,313,2026-05-19 09:02:00
Prod_Diagnostic_12.txt,24-07-510,FCAM,0X5DA2,Lane Confidence,50,2026-05-05 18:26:00
Prod_Diagnostic_12.txt,24-07-510,FCAM,0X5DA2,Visibility,960,2026-05-05 18:26:00
Prod_Diagnostic_12.txt,24-07-510,FCAM,0X5DA2,Image Quality,916,2026-05-05 18:26:00
Prod_Diagnostic_12.txt,24-07-510,FCAM,0X5DA2,Speed,313,2026-05-05 18:26:00
Prod_Diagnostic_12.txt,24-07-510,FCAM,0X5DA2,Light Level,911,2026-05-05 18:26:00
Prod_Diagnostic_12.txt,24-07-510,FCAM,0X4730,Lane Confidence,70,2026-05-04 17:22:00
Prod_Diagnostic_12.txt,24-07-510,FCAM,0X4730,Visibility,892,2026-05-04 17:22:00
Prod_Diagnostic_12.txt,24-07-510,FCAM,0X4730,Image Quality,46,2026-05-04 17:22:00
Prod_Diagnostic_12.txt,24-07-510,FCAM,0X4730,Speed,428,2026-05-04 17:22:00
Prod_Diagnostic_12.txt,24-07-510,FCAM,0X4730,Light Level,493,2026-05-04 17:22:00
Prod_Diagnostic_12.txt,24-07-510,FCAM,0X5F48,Lane Confidence,621,2026-05-16 23:53:00
Prod_Diagnostic_12.txt,24-07-510,FCAM,0X5F48,Visibility,136,2026-05-16 23:53:00
Prod_Diagnostic_12.txt,24-07-510,FCAM,0X5F48,Image Quality,781,2026-05-16 23:53:00
Prod_Diagnostic_12.txt,24-07-510,FCAM,0X5F48,Speed,142,2026-05-16 23:53:00
Prod_Diagnostic_12.txt,24-07-510,FCAM,0X5F48,Light Level,517,2026-05-16 23:53:00
Prod_Diagnostic_12.txt,24-07-510,FCAM,0XD2FD,Lane Confidence,92,2026-05-28 23:20:00
Prod_Diagnostic_12.txt,24-07-510,FCAM,0XD2FD,Visibility,820,2026-05-28 23:20:00
Prod_Diagnostic_12.txt,24-07-510,FCAM,0XD2FD,Image Quality,640,2026-05-28 23:20:00
Prod_Diagnostic_12.txt,24-07-510,FCAM,0XD2FD,Speed,681,2026-05-28 23:20:00
Prod_Diagnostic_12.txt,24-07-510,FCAM,0XD2FD,Light Level,639,2026-05-28 23:20:00
Prod_Diagnostic_12.txt,24-07-510,BMS,0X7321,SOC,454,2026-05-02 21:56:00
Prod_Diagnostic_12.txt,24-07-510,BMS,0X7321,SOH,754,2026-05-02 21:56:00
Prod_Diagnostic_12.txt,24-07-510,BMS,0X7321,HV Voltage,285,2026-05-02 21:56:00
Prod_Diagnostic_12.txt,24-07-510,BMS,0X7321,Cell Temp Max,662,2026-05-02 21:56:00
Prod_Diagnostic_12.txt,24-07-510,BMS,0X7321,Cell Temp Min,91,2026-05-02 21:56:00
Prod_Diagnostic_12.txt,24-07-510,BMS,0XC50B,SOC,660,2026-05-18 20:07:00
Prod_Diagnostic_12.txt,24-07-510,BMS,0XC50B,SOH,573,2026-05-18 20:07:00
Prod_Diagnostic_12.txt,24-07-510,BMS,0XC50B,HV Voltage,88,2026-05-18 20:07:00
Prod_Diagnostic_12.txt,24-07-510,BMS,0XC50B,Cell Temp Max,198,2026-05-18 20:07:00
Prod_Diagnostic_12.txt,24-07-510,BMS,0XC50B,Cell Temp Min,979,2026-05-18 20:07:00
Prod_Diagnostic_12.txt,24-07-510,BMS,0X9AB5,SOC,488,2026-05-17 06:48:00
Prod_Diagnostic_12.txt,24-07-510,BMS,0X9AB5,SOH,515,2026-05-17 06:48:00
Prod_Diagnostic_12.txt,24-07-510,BMS,0X9AB5,HV Voltage,919,2026-05-17 06:48:00
Prod_Diagnostic_12.txt,24-07-510,BMS,0X9AB5,Cell Temp Max,20,2026-05-17 06:48:00
Prod_Diagnostic_12.txt,24-07-510,BMS,0X9AB5,Cell Temp Min,124,2026-05-17 06:48:00
Prod_Diagnostic_12.txt,24-07-510,BMS,0X3E03,SOC,909,2026-05-27 22:53:00
Prod_Diagnostic_12.txt,24-07-510,BMS,0X3E03,SOH,594,2026-05-27 22:53:00
Prod_Diagnostic_12.txt,24-07-510,BMS,0X3E03,HV Voltage,455,2026-05-27 22:53:00
Prod_Diagnostic_12.txt,24-07-510,BMS,0X3E03,Cell Temp Max,87,2026-05-27 22:53:00
Prod_Diagnostic_12.txt,24-07-510,BMS,0X3E03,Cell Temp Min,827,2026-05-27 22:53:00
Prod_Diagnostic_12.txt,24-07-510,BMS,0XAB5A,SOC,448,2026-05-16 00:21:00
Prod_Diagnostic_12.txt,24-07-510,BMS,0XAB5A,SOH,185,2026-05-16 00:21:00
Prod_Diagnostic_12.txt,24-07-510,BMS,0XAB5A,HV Voltage,425,2026-05-16 00:21:00
Prod_Diagnostic_12.txt,24-07-510,BMS,0XAB5A,Cell Temp Max,25,2026-05-16 00:21:00
Prod_Diagnostic_12.txt,24-07-510,BMS,0XAB5A,Cell Temp Min,881,2026-05-16 00:21:00
Prod_Diagnostic_12.txt,24-07-510,RADAR,0X613F,Target Distance,293,2026-05-04 17:10:00
Prod_Diagnostic_12.txt,24-07-510,RADAR,0X613F,Relative Speed,148,2026-05-04 17:10:00
Prod_Diagnostic_12.txt,24-07-510,RADAR,0X613F,Object Count,188,2026-05-04 17:10:00
Prod_Diagnostic_12.txt,24-07-510,RADAR,0X613F,Speed,262,2026-05-04 17:10:00
Prod_Diagnostic_12.txt,24-07-510,RADAR,0X613F,Temperature,787,2026-05-04 17:10:00
Prod_Diagnostic_12.txt,24-07-510,RADAR,0X377B,Target Distance,28,2026-05-20 10:11:00
Prod_Diagnostic_12.txt,24-07-510,RADAR,0X377B,Relative Speed,731,2026-05-20 10:11:00
Prod_Diagnostic_12.txt,24-07-510,RADAR,0X377B,Object Count,60,2026-05-20 10:11:00
Prod_Diagnostic_12.txt,24-07-510,RADAR,0X377B,Speed,306,2026-05-20 10:11:00
Prod_Diagnostic_12.txt,24-07-510,RADAR,0X377B,Temperature,400,2026-05-20 10:11:00
Prod_Diagnostic_12.txt,24-07-510,RADAR,0X61EE,Target Distance,208,2026-05-13 03:03:00
Prod_Diagnostic_12.txt,24-07-510,RADAR,0X61EE,Relative Speed,246,2026-05-13 03:03:00
Prod_Diagnostic_12.txt,24-07-510,RADAR,0X61EE,Object Count,771,2026-05-13 03:03:00
Prod_Diagnostic_12.txt,24-07-510,RADAR,0X61EE,Speed,612,2026-05-13 03:03:00
Prod_Diagnostic_12.txt,24-07-510,RADAR,0X61EE,Temperature,601,2026-05-13 03:03:00
Prod_Diagnostic_12.txt,24-07-510,RADAR,0X8E33,Target Distance,326,2026-05-04 08:03:00
Prod_Diagnostic_12.txt,24-07-510,RADAR,0X8E33,Relative Speed,476,2026-05-04 08:03:00
Prod_Diagnostic_12.txt,24-07-510,RADAR,0X8E33,Object Count,567,2026-05-04 08:03:00
Prod_Diagnostic_12.txt,24-07-510,RADAR,0X8E33,Speed,417,2026-05-04 08:03:00
Prod_Diagnostic_12.txt,24-07-510,RADAR,0X8E33,Temperature,68,2026-05-04 08:03:00
Prod_Diagnostic_12.txt,24-07-510,RADAR,0X1766,Target Distance,692,2026-05-09 17:37:00
Prod_Diagnostic_12.txt,24-07-510,RADAR,0X1766,Relative Speed,104,2026-05-09 17:37:00
Prod_Diagnostic_12.txt,24-07-510,RADAR,0X1766,Object Count,253,2026-05-09 17:37:00
Prod_Diagnostic_12.txt,24-07-510,RADAR,0X1766,Speed,782,2026-05-09 17:37:00
Prod_Diagnostic_12.txt,24-07-510,RADAR,0X1766,Temperature,569,2026-05-09 17:37:00
Prod_Diagnostic_12.txt,24-07-510,OBC,0X5DFB,AC Voltage,209,2026-05-28 20:32:00
Prod_Diagnostic_12.txt,24-07-510,OBC,0X5DFB,Charge Current,802,2026-05-28 20:32:00
Prod_Diagnostic_12.txt,24-07-510,OBC,0X5DFB,Battery Temp,992,2026-05-28 20:32:00
Prod_Diagnostic_12.txt,24-07-510,OBC,0X5DFB,SOC,146,2026-05-28 20:32:00
Prod_Diagnostic_12.txt,24-07-510,OBC,0X5DFB,Input Freq,383,2026-05-28 20:32:00
Prod_Diagnostic_12.txt,24-07-510,OBC,0X3B0E,AC Voltage,833,2026-05-15 01:00:00
Prod_Diagnostic_12.txt,24-07-510,OBC,0X3B0E,Charge Current,476,2026-05-15 01:00:00
Prod_Diagnostic_12.txt,24-07-510,OBC,0X3B0E,Battery Temp,985,2026-05-15 01:00:00
Prod_Diagnostic_12.txt,24-07-510,OBC,0X3B0E,SOC,850,2026-05-15 01:00:00
Prod_Diagnostic_12.txt,24-07-510,OBC,0X3B0E,Input Freq,636,2026-05-15 01:00:00
Prod_Diagnostic_12.txt,24-07-510,OBC,0XB72E,AC Voltage,860,2026-05-09 19:16:00
Prod_Diagnostic_12.txt,24-07-510,OBC,0XB72E,Charge Current,697,2026-05-09 19:16:00
Prod_Diagnostic_12.txt,24-07-510,OBC,0XB72E,Battery Temp,390,2026-05-09 19:16:00
Prod_Diagnostic_12.txt,24-07-510,OBC,0XB72E,SOC,360,2026-05-09 19:16:00
Prod_Diagnostic_12.txt,24-07-510,OBC,0XB72E,Input Freq,863,2026-05-09 19:16:00
Prod_Diagnostic_12.txt,24-07-510,OBC,0XA5CC,AC Voltage,72,2026-05-24 17:36:00
Prod_Diagnostic_12.txt,24-07-510,OBC,0XA5CC,Charge Current,308,2026-05-24 17:36:00
Prod_Diagnostic_12.txt,24-07-510,OBC,0XA5CC,Battery Temp,92,2026-05-24 17:36:00
Prod_Diagnostic_12.txt,24-07-510,OBC,0XA5CC,SOC,405,2026-05-24 17:36:00
Prod_Diagnostic_12.txt,24-07-510,OBC,0XA5CC,Input Freq,716,2026-05-24 17:36:00
Prod_Diagnostic_12.txt,24-07-510,OBC,0XE49B,AC Voltage,517,2026-05-14 06:39:00
Prod_Diagnostic_12.txt,24-07-510,OBC,0XE49B,Charge Current,981,2026-05-14 06:39:00
Prod_Diagnostic_12.txt,24-07-510,OBC,0XE49B,Battery Temp,822,2026-05-14 06:39:00
Prod_Diagnostic_12.txt,24-07-510,OBC,0XE49B,SOC,326,2026-05-14 06:39:00
Prod_Diagnostic_12.txt,24-07-510,OBC,0XE49B,Input Freq,906,2026-05-14 06:39:00
Prod_Diagnostic_12.txt,24-07-510,TCM,0XB29A,Gear,350,2026-05-08 21:20:00
Prod_Diagnostic_12.txt,24-07-510,TCM,0XB29A,Oil Temp,216,2026-05-08 21:20:00
Prod_Diagnostic_12.txt,24-07-510,TCM,0XB29A,Turbine Speed,471,2026-05-08 21:20:00
Prod_Diagnostic_12.txt,24-07-510,TCM,0XB29A,Clutch Pressure,983,2026-05-08 21:20:00
Prod_Diagnostic_12.txt,24-07-510,TCM,0XB29A,Output Speed,614,2026-05-08 21:20:00
Prod_Diagnostic_12.txt,24-07-510,TCM,0X1410,Gear,924,2026-05-20 15:00:00
Prod_Diagnostic_12.txt,24-07-510,TCM,0X1410,Oil Temp,10,2026-05-20 15:00:00
Prod_Diagnostic_12.txt,24-07-510,TCM,0X1410,Turbine Speed,689,2026-05-20 15:00:00
Prod_Diagnostic_12.txt,24-07-510,TCM,0X1410,Clutch Pressure,178,2026-05-20 15:00:00
Prod_Diagnostic_12.txt,24-07-510,TCM,0X1410,Output Speed,424,2026-05-20 15:00:00
Prod_Diagnostic_12.txt,24-07-510,TCM,0XF530,Gear,898,2026-05-18 02:50:00
Prod_Diagnostic_12.txt,24-07-510,TCM,0XF530,Oil Temp,665,2026-05-18 02:50:00
Prod_Diagnostic_12.txt,24-07-510,TCM,0XF530,Turbine Speed,667,2026-05-18 02:50:00
Prod_Diagnostic_12.txt,24-07-510,TCM,0XF530,Clutch Pressure,80,2026-05-18 02:50:00
Prod_Diagnostic_12.txt,24-07-510,TCM,0XF530,Output Speed,552,2026-05-18 02:50:00
Prod_Diagnostic_12.txt,24-07-510,TCM,0XF47F,Gear,616,2026-05-27 12:52:00
Prod_Diagnostic_12.txt,24-07-510,TCM,0XF47F,Oil Temp,367,2026-05-27 12:52:00
Prod_Diagnostic_12.txt,24-07-510,TCM,0XF47F,Turbine Speed,397,2026-05-27 12:52:00
Prod_Diagnostic_12.txt,24-07-510,TCM,0XF47F,Clutch Pressure,182,2026-05-27 12:52:00
Prod_Diagnostic_12.txt,24-07-510,TCM,0XF47F,Output Speed,860,2026-05-27 12:52:00
Prod_Diagnostic_12.txt,24-07-510,TCM,0X2FF0,Gear,21,2026-05-01 07:47:00
Prod_Diagnostic_12.txt,24-07-510,TCM,0X2FF0,Oil Temp,777,2026-05-01 07:47:00
Prod_Diagnostic_12.txt,24-07-510,TCM,0X2FF0,Turbine Speed,288,2026-05-01 07:47:00
Prod_Diagnostic_12.txt,24-07-510,TCM,0X2FF0,Clutch Pressure,697,2026-05-01 07:47:00
Prod_Diagnostic_12.txt,24-07-510,TCM,0X2FF0,Output Speed,944,2026-05-01 07:47:00
Prod_Diagnostic_12.txt,24-07-510,BCM,0X4106,Battery Voltage,240,2026-05-26 22:14:00
Prod_Diagnostic_12.txt,24-07-510,BCM,0X4106,Door Status,506,2026-05-26 22:14:00
Prod_Diagnostic_12.txt,24-07-510,BCM,0X4106,Lock State,991,2026-05-26 22:14:00
Prod_Diagnostic_12.txt,24-07-510,BCM,0X4106,Ignition,372,2026-05-26 22:14:00
Prod_Diagnostic_12.txt,24-07-510,BCM,0X4106,Window Pos,38,2026-05-26 22:14:00
Prod_Diagnostic_12.txt,24-07-510,BCM,0X8E2A,Battery Voltage,654,2026-05-01 06:52:00
Prod_Diagnostic_12.txt,24-07-510,BCM,0X8E2A,Door Status,406,2026-05-01 06:52:00
Prod_Diagnostic_12.txt,24-07-510,BCM,0X8E2A,Lock State,114,2026-05-01 06:52:00
Prod_Diagnostic_12.txt,24-07-510,BCM,0X8E2A,Ignition,891,2026-05-01 06:52:00
Prod_Diagnostic_12.txt,24-07-510,BCM,0X8E2A,Window Pos,285,2026-05-01 06:52:00
Prod_Diagnostic_12.txt,24-07-510,BCM,0X9015,Battery Voltage,689,2026-05-22 23:36:00
Prod_Diagnostic_12.txt,24-07-510,BCM,0X9015,Door Status,699,2026-05-22 23:36:00
Prod_Diagnostic_12.txt,24-07-510,BCM,0X9015,Lock State,618,2026-05-22 23:36:00
Prod_Diagnostic_12.txt,24-07-510,BCM,0X9015,Ignition,579,2026-05-22 23:36:00
Prod_Diagnostic_12.txt,24-07-510,BCM,0X9015,Window Pos,180,2026-05-22 23:36:00
Prod_Diagnostic_12.txt,24-07-510,BCM,0XA691,Battery Voltage,234,2026-05-09 18:54:00
Prod_Diagnostic_12.txt,24-07-510,BCM,0XA691,Door Status,903,2026-05-09 18:54:00
Prod_Diagnostic_12.txt,24-07-510,BCM,0XA691,Lock State,536,2026-05-09 18:54:00
Prod_Diagnostic_12.txt,24-07-510,BCM,0XA691,Ignition,747,2026-05-09 18:54:00
Prod_Diagnostic_12.txt,24-07-510,BCM,0XA691,Window Pos,802,2026-05-09 18:54:00
Prod_Diagnostic_12.txt,24-07-510,BCM,0X411D,Battery Voltage,905,2026-05-09 21:35:00
Prod_Diagnostic_12.txt,24-07-510,BCM,0X411D,Door Status,465,2026-05-09 21:35:00
Prod_Diagnostic_12.txt,24-07-510,BCM,0X411D,Lock State,3,2026-05-09 21:35:00
Prod_Diagnostic_12.txt,24-07-510,BCM,0X411D,Ignition,961,2026-05-09 21:35:00
Prod_Diagnostic_12.txt,24-07-510,BCM,0X411D,Window Pos,438,2026-05-09 21:35:00
Prod_Diagnostic_12.txt,24-07-510,SRS,0XEA96,Vehicle Speed,478,2026-05-04 21:33:00
Prod_Diagnostic_12.txt,24-07-510,SRS,0XEA96,Seat Occupancy,508,2026-05-04 21:33:00
Prod_Diagnostic_12.txt,24-07-510,SRS,0XEA96,Crash Counter,371,2026-05-04 21:33:00
Prod_Diagnostic_12.txt,24-07-510,SRS,0XEA96,Supply Voltage,530,2026-05-04 21:33:00
Prod_Diagnostic_12.txt,24-07-510,SRS,0XEA96,Belt Status,778,2026-05-04 21:33:00
Prod_Diagnostic_12.txt,24-07-510,SRS,0XF240,Vehicle Speed,324,2026-05-14 17:28:00
Prod_Diagnostic_12.txt,24-07-510,SRS,0XF240,Seat Occupancy,6,2026-05-14 17:28:00
Prod_Diagnostic_12.txt,24-07-510,SRS,0XF240,Crash Counter,402,2026-05-14 17:28:00
Prod_Diagnostic_12.txt,24-07-510,SRS,0XF240,Supply Voltage,200,2026-05-14 17:28:00
Prod_Diagnostic_12.txt,24-07-510,SRS,0XF240,Belt Status,343,2026-05-14 17:28:00
Prod_Diagnostic_12.txt,24-07-510,SRS,0XF14E,Vehicle Speed,169,2026-05-03 07:12:00
Prod_Diagnostic_12.txt,24-07-510,SRS,0XF14E,Seat Occupancy,338,2026-05-03 07:12:00
Prod_Diagnostic_12.txt,24-07-510,SRS,0XF14E,Crash Counter,319,2026-05-03 07:12:00
Prod_Diagnostic_12.txt,24-07-510,SRS,0XF14E,Supply Voltage,65,2026-05-03 07:12:00
Prod_Diagnostic_12.txt,24-07-510,SRS,0XF14E,Belt Status,642,2026-05-03 07:12:00
Prod_Diagnostic_12.txt,24-07-510,SRS,0X1722,Vehicle Speed,343,2026-05-26 20:59:00
Prod_Diagnostic_12.txt,24-07-510,SRS,0X1722,Seat Occupancy,861,2026-05-26 20:59:00
Prod_Diagnostic_12.txt,24-07-510,SRS,0X1722,Crash Counter,257,2026-05-26 20:59:00
Prod_Diagnostic_12.txt,24-07-510,SRS,0X1722,Supply Voltage,254,2026-05-26 20:59:00
Prod_Diagnostic_12.txt,24-07-510,SRS,0X1722,Belt Status,111,2026-05-26 20:59:00
Prod_Diagnostic_12.txt,24-07-510,SRS,0X4D05,Vehicle Speed,795,2026-05-26 07:04:00
Prod_Diagnostic_12.txt,24-07-510,SRS,0X4D05,Seat Occupancy,615,2026-05-26 07:04:00
Prod_Diagnostic_12.txt,24-07-510,SRS,0X4D05,Crash Counter,635,2026-05-26 07:04:00
Prod_Diagnostic_12.txt,24-07-510,SRS,0X4D05,Supply Voltage,450,2026-05-26 07:04:00
Prod_Diagnostic_12.txt,24-07-510,SRS,0X4D05,Belt Status,783,2026-05-26 07:04:00
Prod_Diagnostic_12.txt,24-07-510,HVAC,0XB016,Cabin Temp,321,2026-05-02 01:24:00
Prod_Diagnostic_12.txt,24-07-510,HVAC,0XB016,Blower Speed,912,2026-05-02 01:24:00
Prod_Diagnostic_12.txt,24-07-510,HVAC,0XB016,Evap Temp,869,2026-05-02 01:24:00
Prod_Diagnostic_12.txt,24-07-510,HVAC,0XB016,Ambient Temp,711,2026-05-02 01:24:00
Prod_Diagnostic_12.txt,24-07-510,HVAC,0XB016,AC Pressure,67,2026-05-02 01:24:00
Prod_Diagnostic_12.txt,24-07-510,HVAC,0X1FDF,Cabin Temp,105,2026-05-21 13:04:00
Prod_Diagnostic_12.txt,24-07-510,HVAC,0X1FDF,Blower Speed,694,2026-05-21 13:04:00
Prod_Diagnostic_12.txt,24-07-510,HVAC,0X1FDF,Evap Temp,58,2026-05-21 13:04:00
Prod_Diagnostic_12.txt,24-07-510,HVAC,0X1FDF,Ambient Temp,573,2026-05-21 13:04:00
Prod_Diagnostic_12.txt,24-07-510,HVAC,0X1FDF,AC Pressure,54,2026-05-21 13:04:00
Prod_Diagnostic_12.txt,24-07-510,HVAC,0XE994,Cabin Temp,886,2026-05-25 13:14:00
Prod_Diagnostic_12.txt,24-07-510,HVAC,0XE994,Blower Speed,614,2026-05-25 13:14:00
Prod_Diagnostic_12.txt,24-07-510,HVAC,0XE994,Evap Temp,807,2026-05-25 13:14:00
Prod_Diagnostic_12.txt,24-07-510,HVAC,0XE994,Ambient Temp,676,2026-05-25 13:14:00
Prod_Diagnostic_12.txt,24-07-510,HVAC,0XE994,AC Pressure,639,2026-05-25 13:14:00
Prod_Diagnostic_12.txt,24-07-510,HVAC,0X8412,Cabin Temp,667,2026-05-20 03:21:00
Prod_Diagnostic_12.txt,24-07-510,HVAC,0X8412,Blower Speed,961,2026-05-20 03:21:00
Prod_Diagnostic_12.txt,24-07-510,HVAC,0X8412,Evap Temp,692,2026-05-20 03:21:00
Prod_Diagnostic_12.txt,24-07-510,HVAC,0X8412,Ambient Temp,802,2026-05-20 03:21:00
Prod_Diagnostic_12.txt,24-07-510,HVAC,0X8412,AC Pressure,27,2026-05-20 03:21:00
Prod_Diagnostic_12.txt,24-07-510,HVAC,0X9468,Cabin Temp,731,2026-05-04 00:38:00
Prod_Diagnostic_12.txt,24-07-510,HVAC,0X9468,Blower Speed,70,2026-05-04 00:38:00
Prod_Diagnostic_12.txt,24-07-510,HVAC,0X9468,Evap Temp,608,2026-05-04 00:38:00
Prod_Diagnostic_12.txt,24-07-510,HVAC,0X9468,Ambient Temp,809,2026-05-04 00:38:00
Prod_Diagnostic_12.txt,24-07-510,HVAC,0X9468,AC Pressure,861,2026-05-04 00:38:00
Prod_Diagnostic_12.txt,24-07-510,ECM,0XF784,RPM,493,2026-05-09 11:26:00
Prod_Diagnostic_12.txt,24-07-510,ECM,0XF784,Coolant Temp,743,2026-05-09 11:26:00
Prod_Diagnostic_12.txt,24-07-510,ECM,0XF784,Fuel Pressure,636,2026-05-09 11:26:00
Prod_Diagnostic_12.txt,24-07-510,ECM,0XF784,Boost Pressure,456,2026-05-09 11:26:00
Prod_Diagnostic_12.txt,24-07-510,ECM,0XF784,Engine Load,191,2026-05-09 11:26:00
Prod_Diagnostic_12.txt,24-07-510,ECM,0X333E,RPM,983,2026-05-19 13:32:00
Prod_Diagnostic_12.txt,24-07-510,ECM,0X333E,Coolant Temp,668,2026-05-19 13:32:00
Prod_Diagnostic_12.txt,24-07-510,ECM,0X333E,Fuel Pressure,773,2026-05-19 13:32:00
Prod_Diagnostic_12.txt,24-07-510,ECM,0X333E,Boost Pressure,367,2026-05-19 13:32:00
Prod_Diagnostic_12.txt,24-07-510,ECM,0X333E,Engine Load,319,2026-05-19 13:32:00
Prod_Diagnostic_12.txt,24-07-510,ECM,0XF29D,RPM,352,2026-05-16 09:38:00
Prod_Diagnostic_12.txt,24-07-510,ECM,0XF29D,Coolant Temp,299,2026-05-16 09:38:00
Prod_Diagnostic_12.txt,24-07-510,ECM,0XF29D,Fuel Pressure,378,2026-05-16 09:38:00
Prod_Diagnostic_12.txt,24-07-510,ECM,0XF29D,Boost Pressure,994,2026-05-16 09:38:00
Prod_Diagnostic_12.txt,24-07-510,ECM,0XF29D,Engine Load,9,2026-05-16 09:38:00
Prod_Diagnostic_12.txt,24-07-510,ECM,0XA620,RPM,856,2026-05-08 16:52:00
Prod_Diagnostic_12.txt,24-07-510,ECM,0XA620,Coolant Temp,573,2026-05-08 16:52:00
Prod_Diagnostic_12.txt,24-07-510,ECM,0XA620,Fuel Pressure,880,2026-05-08 16:52:00
Prod_Diagnostic_12.txt,24-07-510,ECM,0XA620,Boost Pressure,56,2026-05-08 16:52:00
Prod_Diagnostic_12.txt,24-07-510,ECM,0XA620,Engine Load,433,2026-05-08 16:52:00
Prod_Diagnostic_12.txt,24-07-510,ECM,0X4206,RPM,488,2026-05-11 06:42:00
Prod_Diagnostic_12.txt,24-07-510,ECM,0X4206,Coolant Temp,712,2026-05-11 06:42:00
Prod_Diagnostic_12.txt,24-07-510,ECM,0X4206,Fuel Pressure,709,2026-05-11 06:42:00
Prod_Diagnostic_12.txt,24-07-510,ECM,0X4206,Boost Pressure,479,2026-05-11 06:42:00
Prod_Diagnostic_12.txt,24-07-510,ECM,0X4206,Engine Load,615,2026-05-11 06:42:00
Prod_Diagnostic_12.txt,24-07-510,TCU,0XEA1D,RSSI,167,2026-05-10 13:21:00
Prod_Diagnostic_12.txt,24-07-510,TCU,0XEA1D,GPS Status,108,2026-05-10 13:21:00
Prod_Diagnostic_12.txt,24-07-510,TCU,0XEA1D,Network Type,466,2026-05-10 13:21:00
Prod_Diagnostic_12.txt,24-07-510,TCU,0XEA1D,Speed,898,2026-05-10 13:21:00
Prod_Diagnostic_12.txt,24-07-510,TCU,0XEA1D,Voltage,809,2026-05-10 13:21:00
Prod_Diagnostic_12.txt,24-07-510,TCU,0X8EF5,RSSI,639,2026-05-23 07:29:00
Prod_Diagnostic_12.txt,24-07-510,TCU,0X8EF5,GPS Status,219,2026-05-23 07:29:00
Prod_Diagnostic_12.txt,24-07-510,TCU,0X8EF5,Network Type,245,2026-05-23 07:29:00
Prod_Diagnostic_12.txt,24-07-510,TCU,0X8EF5,Speed,493,2026-05-23 07:29:00
Prod_Diagnostic_12.txt,24-07-510,TCU,0X8EF5,Voltage,753,2026-05-23 07:29:00
Prod_Diagnostic_12.txt,24-07-510,TCU,0XDEA9,RSSI,11,2026-05-06 00:23:00
Prod_Diagnostic_12.txt,24-07-510,TCU,0XDEA9,GPS Status,76,2026-05-06 00:23:00
Prod_Diagnostic_12.txt,24-07-510,TCU,0XDEA9,Network Type,367,2026-05-06 00:23:00
Prod_Diagnostic_12.txt,24-07-510,TCU,0XDEA9,Speed,31,2026-05-06 00:23:00
Prod_Diagnostic_12.txt,24-07-510,TCU,0XDEA9,Voltage,569,2026-05-06 00:23:00
Prod_Diagnostic_12.txt,24-07-510,TCU,0X3474,RSSI,999,2026-05-25 11:02:00
Prod_Diagnostic_12.txt,24-07-510,TCU,0X3474,GPS Status,31,2026-05-25 11:02:00
Prod_Diagnostic_12.txt,24-07-510,TCU,0X3474,Network Type,204,2026-05-25 11:02:00
Prod_Diagnostic_12.txt,24-07-510,TCU,0X3474,Speed,203,2026-05-25 11:02:00
Prod_Diagnostic_12.txt,24-07-510,TCU,0X3474,Voltage,291,2026-05-25 11:02:00
Prod_Diagnostic_12.txt,24-07-510,TCU,0X480C,RSSI,183,2026-05-28 17:15:00
Prod_Diagnostic_12.txt,24-07-510,TCU,0X480C,GPS Status,201,2026-05-28 17:15:00
Prod_Diagnostic_12.txt,24-07-510,TCU,0X480C,Network Type,23,2026-05-28 17:15:00
Prod_Diagnostic_12.txt,24-07-510,TCU,0X480C,Speed,181,2026-05-28 17:15:00
Prod_Diagnostic_12.txt,24-07-510,TCU,0X480C,Voltage,864,2026-05-28 17:15:00
Prod_Diagnostic_12.txt,24-07-510,ADAS,0XF920,CPU Load,959,2026-05-21 03:21:00
Prod_Diagnostic_12.txt,24-07-510,ADAS,0XF920,Lane State,216,2026-05-21 03:21:00
Prod_Diagnostic_12.txt,24-07-510,ADAS,0XF920,Object Count,313,2026-05-21 03:21:00
Prod_Diagnostic_12.txt,24-07-510,ADAS,0XF920,Voltage,468,2026-05-21 03:21:00
Prod_Diagnostic_12.txt,24-07-510,ADAS,0XF920,Speed,246,2026-05-21 03:21:00
Prod_Diagnostic_12.txt,24-07-510,ADAS,0XDF3A,CPU Load,445,2026-05-26 19:56:00
Prod_Diagnostic_12.txt,24-07-510,ADAS,0XDF3A,Lane State,900,2026-05-26 19:56:00
Prod_Diagnostic_12.txt,24-07-510,ADAS,0XDF3A,Object Count,729,2026-05-26 19:56:00
Prod_Diagnostic_12.txt,24-07-510,ADAS,0XDF3A,Voltage,67,2026-05-26 19:56:00
Prod_Diagnostic_12.txt,24-07-510,ADAS,0XDF3A,Speed,122,2026-05-26 19:56:00
Prod_Diagnostic_12.txt,24-07-510,ADAS,0XF1FA,CPU Load,326,2026-05-13 22:23:00
Prod_Diagnostic_12.txt,24-07-510,ADAS,0XF1FA,Lane State,614,2026-05-13 22:23:00
Prod_Diagnostic_12.txt,24-07-510,ADAS,0XF1FA,Object Count,440,2026-05-13 22:23:00
Prod_Diagnostic_12.txt,24-07-510,ADAS,0XF1FA,Voltage,652,2026-05-13 22:23:00
Prod_Diagnostic_12.txt,24-07-510,ADAS,0XF1FA,Speed,251,2026-05-13 22:23:00
Prod_Diagnostic_12.txt,24-07-510,ADAS,0XD359,CPU Load,254,2026-05-10 04:20:00
Prod_Diagnostic_12.txt,24-07-510,ADAS,0XD359,Lane State,55,2026-05-10 04:20:00
Prod_Diagnostic_12.txt,24-07-510,ADAS,0XD359,Object Count,645,2026-05-10 04:20:00
Prod_Diagnostic_12.txt,24-07-510,ADAS,0XD359,Voltage,815,2026-05-10 04:20:00
Prod_Diagnostic_12.txt,24-07-510,ADAS,0XD359,Speed,287,2026-05-10 04:20:00
Prod_Diagnostic_12.txt,24-07-510,ADAS,0XE9FC,CPU Load,482,2026-05-24 02:50:00
Prod_Diagnostic_12.txt,24-07-510,ADAS,0XE9FC,Lane State,810,2026-05-24 02:50:00
Prod_Diagnostic_12.txt,24-07-510,ADAS,0XE9FC,Object Count,680,2026-05-24 02:50:00
Prod_Diagnostic_12.txt,24-07-510,ADAS,0XE9FC,Voltage,630,2026-05-24 02:50:00
Prod_Diagnostic_12.txt,24-07-510,ADAS,0XE9FC,Speed,67,2026-05-24 02:50:00
Prod_Diagnostic_13.txt,25-03-420,EPS,0X5CB5,Steering Angle,143,2026-05-26 01:59:00
Prod_Diagnostic_13.txt,25-03-420,EPS,0X5CB5,Driver Torque,158,2026-05-26 01:59:00
Prod_Diagnostic_13.txt,25-03-420,EPS,0X5CB5,Motor Current,976,2026-05-26 01:59:00
Prod_Diagnostic_13.txt,25-03-420,EPS,0X5CB5,Supply Voltage,339,2026-05-26 01:59:00
Prod_Diagnostic_13.txt,25-03-420,EPS,0X5CB5,Speed,582,2026-05-26 01:59:00
Prod_Diagnostic_13.txt,25-03-420,EPS,0XF9EB,Steering Angle,548,2026-05-07 12:04:00
Prod_Diagnostic_13.txt,25-03-420,EPS,0XF9EB,Driver Torque,396,2026-05-07 12:04:00
Prod_Diagnostic_13.txt,25-03-420,EPS,0XF9EB,Motor Current,193,2026-05-07 12:04:00
Prod_Diagnostic_13.txt,25-03-420,EPS,0XF9EB,Supply Voltage,487,2026-05-07 12:04:00
Prod_Diagnostic_13.txt,25-03-420,EPS,0XF9EB,Speed,112,2026-05-07 12:04:00
Prod_Diagnostic_13.txt,25-03-420,EPS,0XA1CB,Steering Angle,567,2026-05-06 03:43:00
Prod_Diagnostic_13.txt,25-03-420,EPS,0XA1CB,Driver Torque,182,2026-05-06 03:43:00
Prod_Diagnostic_13.txt,25-03-420,EPS,0XA1CB,Motor Current,33,2026-05-06 03:43:00
Prod_Diagnostic_13.txt,25-03-420,EPS,0XA1CB,Supply Voltage,847,2026-05-06 03:43:00
Prod_Diagnostic_13.txt,25-03-420,EPS,0XA1CB,Speed,706,2026-05-06 03:43:00
Prod_Diagnostic_13.txt,25-03-420,EPS,0X8D15,Steering Angle,239,2026-05-13 09:13:00
Prod_Diagnostic_13.txt,25-03-420,EPS,0X8D15,Driver Torque,299,2026-05-13 09:13:00
Prod_Diagnostic_13.txt,25-03-420,EPS,0X8D15,Motor Current,676,2026-05-13 09:13:00
Prod_Diagnostic_13.txt,25-03-420,EPS,0X8D15,Supply Voltage,537,2026-05-13 09:13:00
Prod_Diagnostic_13.txt,25-03-420,EPS,0X8D15,Speed,72,2026-05-13 09:13:00
Prod_Diagnostic_13.txt,25-03-420,EPS,0X1EB5,Steering Angle,161,2026-05-11 13:25:00
Prod_Diagnostic_13.txt,25-03-420,EPS,0X1EB5,Driver Torque,114,2026-05-11 13:25:00
Prod_Diagnostic_13.txt,25-03-420,EPS,0X1EB5,Motor Current,133,2026-05-11 13:25:00
Prod_Diagnostic_13.txt,25-03-420,EPS,0X1EB5,Supply Voltage,550,2026-05-11 13:25:00
Prod_Diagnostic_13.txt,25-03-420,EPS,0X1EB5,Speed,429,2026-05-11 13:25:00
Prod_Diagnostic_13.txt,25-03-420,GW,0XCE3E,CAN Load,443,2026-05-28 06:19:00
Prod_Diagnostic_13.txt,25-03-420,GW,0XCE3E,Eth Status,838,2026-05-28 06:19:00
Prod_Diagnostic_13.txt,25-03-420,GW,0XCE3E,Voltage,727,2026-05-28 06:19:00
Prod_Diagnostic_13.txt,25-03-420,GW,0XCE3E,Bus Errors,681,2026-05-28 06:19:00
Prod_Diagnostic_13.txt,25-03-420,GW,0XCE3E,Ignition,487,2026-05-28 06:19:00
Prod_Diagnostic_13.txt,25-03-420,GW,0XAA8C,CAN Load,470,2026-05-17 22:43:00
Prod_Diagnostic_13.txt,25-03-420,GW,0XAA8C,Eth Status,283,2026-05-17 22:43:00
Prod_Diagnostic_13.txt,25-03-420,GW,0XAA8C,Voltage,207,2026-05-17 22:43:00
Prod_Diagnostic_13.txt,25-03-420,GW,0XAA8C,Bus Errors,8,2026-05-17 22:43:00
Prod_Diagnostic_13.txt,25-03-420,GW,0XAA8C,Ignition,147,2026-05-17 22:43:00
Prod_Diagnostic_13.txt,25-03-420,GW,0X2060,CAN Load,503,2026-05-11 18:56:00
Prod_Diagnostic_13.txt,25-03-420,GW,0X2060,Eth Status,472,2026-05-11 18:56:00
Prod_Diagnostic_13.txt,25-03-420,GW,0X2060,Voltage,474,2026-05-11 18:56:00
Prod_Diagnostic_13.txt,25-03-420,GW,0X2060,Bus Errors,590,2026-05-11 18:56:00
Prod_Diagnostic_13.txt,25-03-420,GW,0X2060,Ignition,41,2026-05-11 18:56:00
Prod_Diagnostic_13.txt,25-03-420,GW,0X59B4,CAN Load,830,2026-05-13 19:52:00
Prod_Diagnostic_13.txt,25-03-420,GW,0X59B4,Eth Status,871,2026-05-13 19:52:00
Prod_Diagnostic_13.txt,25-03-420,GW,0X59B4,Voltage,180,2026-05-13 19:52:00
Prod_Diagnostic_13.txt,25-03-420,GW,0X59B4,Bus Errors,426,2026-05-13 19:52:00
Prod_Diagnostic_13.txt,25-03-420,GW,0X59B4,Ignition,256,2026-05-13 19:52:00
Prod_Diagnostic_13.txt,25-03-420,GW,0XF664,CAN Load,716,2026-05-13 21:11:00
Prod_Diagnostic_13.txt,25-03-420,GW,0XF664,Eth Status,583,2026-05-13 21:11:00
Prod_Diagnostic_13.txt,25-03-420,GW,0XF664,Voltage,98,2026-05-13 21:11:00
Prod_Diagnostic_13.txt,25-03-420,GW,0XF664,Bus Errors,403,2026-05-13 21:11:00
Prod_Diagnostic_13.txt,25-03-420,GW,0XF664,Ignition,716,2026-05-13 21:11:00
Prod_Diagnostic_13.txt,25-03-420,HVAC,0X4D5C,Cabin Temp,69,2026-05-10 21:58:00
Prod_Diagnostic_13.txt,25-03-420,HVAC,0X4D5C,Blower Speed,715,2026-05-10 21:58:00
Prod_Diagnostic_13.txt,25-03-420,HVAC,0X4D5C,Evap Temp,744,2026-05-10 21:58:00
Prod_Diagnostic_13.txt,25-03-420,HVAC,0X4D5C,Ambient Temp,740,2026-05-10 21:58:00
Prod_Diagnostic_13.txt,25-03-420,HVAC,0X4D5C,AC Pressure,924,2026-05-10 21:58:00
Prod_Diagnostic_13.txt,25-03-420,HVAC,0XF8A2,Cabin Temp,108,2026-05-12 02:48:00
Prod_Diagnostic_13.txt,25-03-420,HVAC,0XF8A2,Blower Speed,517,2026-05-12 02:48:00
Prod_Diagnostic_13.txt,25-03-420,HVAC,0XF8A2,Evap Temp,785,2026-05-12 02:48:00
Prod_Diagnostic_13.txt,25-03-420,HVAC,0XF8A2,Ambient Temp,799,2026-05-12 02:48:00
Prod_Diagnostic_13.txt,25-03-420,HVAC,0XF8A2,AC Pressure,334,2026-05-12 02:48:00
Prod_Diagnostic_13.txt,25-03-420,HVAC,0X8370,Cabin Temp,75,2026-05-02 14:01:00
Prod_Diagnostic_13.txt,25-03-420,HVAC,0X8370,Blower Speed,655,2026-05-02 14:01:00
Prod_Diagnostic_13.txt,25-03-420,HVAC,0X8370,Evap Temp,712,2026-05-02 14:01:00
Prod_Diagnostic_13.txt,25-03-420,HVAC,0X8370,Ambient Temp,692,2026-05-02 14:01:00
Prod_Diagnostic_13.txt,25-03-420,HVAC,0X8370,AC Pressure,768,2026-05-02 14:01:00
Prod_Diagnostic_13.txt,25-03-420,HVAC,0X7193,Cabin Temp,257,2026-05-13 01:00:00
Prod_Diagnostic_13.txt,25-03-420,HVAC,0X7193,Blower Speed,118,2026-05-13 01:00:00
Prod_Diagnostic_13.txt,25-03-420,HVAC,0X7193,Evap Temp,727,2026-05-13 01:00:00
Prod_Diagnostic_13.txt,25-03-420,HVAC,0X7193,Ambient Temp,940,2026-05-13 01:00:00
Prod_Diagnostic_13.txt,25-03-420,HVAC,0X7193,AC Pressure,140,2026-05-13 01:00:00
Prod_Diagnostic_13.txt,25-03-420,HVAC,0XBB98,Cabin Temp,673,2026-05-03 02:35:00
Prod_Diagnostic_13.txt,25-03-420,HVAC,0XBB98,Blower Speed,249,2026-05-03 02:35:00
Prod_Diagnostic_13.txt,25-03-420,HVAC,0XBB98,Evap Temp,731,2026-05-03 02:35:00
Prod_Diagnostic_13.txt,25-03-420,HVAC,0XBB98,Ambient Temp,973,2026-05-03 02:35:00
Prod_Diagnostic_13.txt,25-03-420,HVAC,0XBB98,AC Pressure,449,2026-05-03 02:35:00
Prod_Diagnostic_13.txt,25-03-420,FCAM,0X8885,Lane Confidence,302,2026-05-20 03:11:00
Prod_Diagnostic_13.txt,25-03-420,FCAM,0X8885,Visibility,128,2026-05-20 03:11:00
Prod_Diagnostic_13.txt,25-03-420,FCAM,0X8885,Image Quality,548,2026-05-20 03:11:00
Prod_Diagnostic_13.txt,25-03-420,FCAM,0X8885,Speed,760,2026-05-20 03:11:00
Prod_Diagnostic_13.txt,25-03-420,FCAM,0X8885,Light Level,401,2026-05-20 03:11:00
Prod_Diagnostic_13.txt,25-03-420,FCAM,0X23DC,Lane Confidence,183,2026-05-05 14:22:00
Prod_Diagnostic_13.txt,25-03-420,FCAM,0X23DC,Visibility,222,2026-05-05 14:22:00
Prod_Diagnostic_13.txt,25-03-420,FCAM,0X23DC,Image Quality,732,2026-05-05 14:22:00
Prod_Diagnostic_13.txt,25-03-420,FCAM,0X23DC,Speed,36,2026-05-05 14:22:00
Prod_Diagnostic_13.txt,25-03-420,FCAM,0X23DC,Light Level,915,2026-05-05 14:22:00
Prod_Diagnostic_13.txt,25-03-420,FCAM,0X4756,Lane Confidence,676,2026-05-21 21:45:00
Prod_Diagnostic_13.txt,25-03-420,FCAM,0X4756,Visibility,919,2026-05-21 21:45:00
Prod_Diagnostic_13.txt,25-03-420,FCAM,0X4756,Image Quality,106,2026-05-21 21:45:00
Prod_Diagnostic_13.txt,25-03-420,FCAM,0X4756,Speed,400,2026-05-21 21:45:00
Prod_Diagnostic_13.txt,25-03-420,FCAM,0X4756,Light Level,707,2026-05-21 21:45:00
Prod_Diagnostic_13.txt,25-03-420,FCAM,0X81A9,Lane Confidence,207,2026-05-25 12:49:00
Prod_Diagnostic_13.txt,25-03-420,FCAM,0X81A9,Visibility,952,2026-05-25 12:49:00
Prod_Diagnostic_13.txt,25-03-420,FCAM,0X81A9,Image Quality,256,2026-05-25 12:49:00
Prod_Diagnostic_13.txt,25-03-420,FCAM,0X81A9,Speed,384,2026-05-25 12:49:00
Prod_Diagnostic_13.txt,25-03-420,FCAM,0X81A9,Light Level,931,2026-05-25 12:49:00
Prod_Diagnostic_13.txt,25-03-420,FCAM,0X4332,Lane Confidence,197,2026-05-01 10:52:00
Prod_Diagnostic_13.txt,25-03-420,FCAM,0X4332,Visibility,697,2026-05-01 10:52:00
Prod_Diagnostic_13.txt,25-03-420,FCAM,0X4332,Image Quality,686,2026-05-01 10:52:00
Prod_Diagnostic_13.txt,25-03-420,FCAM,0X4332,Speed,65,2026-05-01 10:52:00
Prod_Diagnostic_13.txt,25-03-420,FCAM,0X4332,Light Level,226,2026-05-01 10:52:00
Prod_Diagnostic_13.txt,25-03-420,ADAS,0XDC03,CPU Load,836,2026-05-14 16:06:00
Prod_Diagnostic_13.txt,25-03-420,ADAS,0XDC03,Lane State,335,2026-05-14 16:06:00
Prod_Diagnostic_13.txt,25-03-420,ADAS,0XDC03,Object Count,331,2026-05-14 16:06:00
Prod_Diagnostic_13.txt,25-03-420,ADAS,0XDC03,Voltage,576,2026-05-14 16:06:00
Prod_Diagnostic_13.txt,25-03-420,ADAS,0XDC03,Speed,642,2026-05-14 16:06:00
Prod_Diagnostic_13.txt,25-03-420,ADAS,0XAFEA,CPU Load,109,2026-05-04 07:13:00
Prod_Diagnostic_13.txt,25-03-420,ADAS,0XAFEA,Lane State,366,2026-05-04 07:13:00
Prod_Diagnostic_13.txt,25-03-420,ADAS,0XAFEA,Object Count,332,2026-05-04 07:13:00
Prod_Diagnostic_13.txt,25-03-420,ADAS,0XAFEA,Voltage,178,2026-05-04 07:13:00
Prod_Diagnostic_13.txt,25-03-420,ADAS,0XAFEA,Speed,16,2026-05-04 07:13:00
Prod_Diagnostic_13.txt,25-03-420,ADAS,0XB76C,CPU Load,674,2026-05-15 07:04:00
Prod_Diagnostic_13.txt,25-03-420,ADAS,0XB76C,Lane State,835,2026-05-15 07:04:00
Prod_Diagnostic_13.txt,25-03-420,ADAS,0XB76C,Object Count,286,2026-05-15 07:04:00
Prod_Diagnostic_13.txt,25-03-420,ADAS,0XB76C,Voltage,666,2026-05-15 07:04:00
Prod_Diagnostic_13.txt,25-03-420,ADAS,0XB76C,Speed,639,2026-05-15 07:04:00
Prod_Diagnostic_13.txt,25-03-420,ADAS,0X1B3F,CPU Load,105,2026-05-25 19:31:00
Prod_Diagnostic_13.txt,25-03-420,ADAS,0X1B3F,Lane State,730,2026-05-25 19:31:00
Prod_Diagnostic_13.txt,25-03-420,ADAS,0X1B3F,Object Count,550,2026-05-25 19:31:00
Prod_Diagnostic_13.txt,25-03-420,ADAS,0X1B3F,Voltage,811,2026-05-25 19:31:00
Prod_Diagnostic_13.txt,25-03-420,ADAS,0X1B3F,Speed,945,2026-05-25 19:31:00
Prod_Diagnostic_13.txt,25-03-420,ADAS,0X3BE4,CPU Load,695,2026-05-21 22:24:00
Prod_Diagnostic_13.txt,25-03-420,ADAS,0X3BE4,Lane State,947,2026-05-21 22:24:00
Prod_Diagnostic_13.txt,25-03-420,ADAS,0X3BE4,Object Count,996,2026-05-21 22:24:00
Prod_Diagnostic_13.txt,25-03-420,ADAS,0X3BE4,Voltage,790,2026-05-21 22:24:00
Prod_Diagnostic_13.txt,25-03-420,ADAS,0X3BE4,Speed,711,2026-05-21 22:24:00
Prod_Diagnostic_13.txt,25-03-420,ECM,0X6501,RPM,624,2026-05-03 10:01:00
Prod_Diagnostic_13.txt,25-03-420,ECM,0X6501,Coolant Temp,934,2026-05-03 10:01:00
Prod_Diagnostic_13.txt,25-03-420,ECM,0X6501,Fuel Pressure,600,2026-05-03 10:01:00
Prod_Diagnostic_13.txt,25-03-420,ECM,0X6501,Boost Pressure,460,2026-05-03 10:01:00
Prod_Diagnostic_13.txt,25-03-420,ECM,0X6501,Engine Load,392,2026-05-03 10:01:00
Prod_Diagnostic_13.txt,25-03-420,ECM,0XB3FD,RPM,22,2026-05-23 00:14:00
Prod_Diagnostic_13.txt,25-03-420,ECM,0XB3FD,Coolant Temp,632,2026-05-23 00:14:00
Prod_Diagnostic_13.txt,25-03-420,ECM,0XB3FD,Fuel Pressure,778,2026-05-23 00:14:00
Prod_Diagnostic_13.txt,25-03-420,ECM,0XB3FD,Boost Pressure,919,2026-05-23 00:14:00
Prod_Diagnostic_13.txt,25-03-420,ECM,0XB3FD,Engine Load,128,2026-05-23 00:14:00
Prod_Diagnostic_13.txt,25-03-420,ECM,0X4C84,RPM,384,2026-05-03 01:08:00
Prod_Diagnostic_13.txt,25-03-420,ECM,0X4C84,Coolant Temp,511,2026-05-03 01:08:00
Prod_Diagnostic_13.txt,25-03-420,ECM,0X4C84,Fuel Pressure,304,2026-05-03 01:08:00
Prod_Diagnostic_13.txt,25-03-420,ECM,0X4C84,Boost Pressure,207,2026-05-03 01:08:00
Prod_Diagnostic_13.txt,25-03-420,ECM,0X4C84,Engine Load,156,2026-05-03 01:08:00
Prod_Diagnostic_13.txt,25-03-420,ECM,0X4452,RPM,337,2026-05-15 23:56:00
Prod_Diagnostic_13.txt,25-03-420,ECM,0X4452,Coolant Temp,138,2026-05-15 23:56:00
Prod_Diagnostic_13.txt,25-03-420,ECM,0X4452,Fuel Pressure,285,2026-05-15 23:56:00
Prod_Diagnostic_13.txt,25-03-420,ECM,0X4452,Boost Pressure,326,2026-05-15 23:56:00
Prod_Diagnostic_13.txt,25-03-420,ECM,0X4452,Engine Load,660,2026-05-15 23:56:00
Prod_Diagnostic_13.txt,25-03-420,ECM,0X9557,RPM,351,2026-05-08 23:21:00
Prod_Diagnostic_13.txt,25-03-420,ECM,0X9557,Coolant Temp,249,2026-05-08 23:21:00
Prod_Diagnostic_13.txt,25-03-420,ECM,0X9557,Fuel Pressure,211,2026-05-08 23:21:00
Prod_Diagnostic_13.txt,25-03-420,ECM,0X9557,Boost Pressure,553,2026-05-08 23:21:00
Prod_Diagnostic_13.txt,25-03-420,ECM,0X9557,Engine Load,56,2026-05-08 23:21:00
Prod_Diagnostic_13.txt,25-03-420,BCM,0XDD2B,Battery Voltage,330,2026-05-28 12:33:00
Prod_Diagnostic_13.txt,25-03-420,BCM,0XDD2B,Door Status,188,2026-05-28 12:33:00
Prod_Diagnostic_13.txt,25-03-420,BCM,0XDD2B,Lock State,453,2026-05-28 12:33:00
Prod_Diagnostic_13.txt,25-03-420,BCM,0XDD2B,Ignition,645,2026-05-28 12:33:00
Prod_Diagnostic_13.txt,25-03-420,BCM,0XDD2B,Window Pos,7,2026-05-28 12:33:00
Prod_Diagnostic_13.txt,25-03-420,BCM,0XEEAF,Battery Voltage,129,2026-05-21 04:13:00
Prod_Diagnostic_13.txt,25-03-420,BCM,0XEEAF,Door Status,94,2026-05-21 04:13:00
Prod_Diagnostic_13.txt,25-03-420,BCM,0XEEAF,Lock State,178,2026-05-21 04:13:00
Prod_Diagnostic_13.txt,25-03-420,BCM,0XEEAF,Ignition,607,2026-05-21 04:13:00
Prod_Diagnostic_13.txt,25-03-420,BCM,0XEEAF,Window Pos,563,2026-05-21 04:13:00
Prod_Diagnostic_13.txt,25-03-420,BCM,0X4C7E,Battery Voltage,203,2026-05-10 05:46:00
Prod_Diagnostic_13.txt,25-03-420,BCM,0X4C7E,Door Status,251,2026-05-10 05:46:00
Prod_Diagnostic_13.txt,25-03-420,BCM,0X4C7E,Lock State,435,2026-05-10 05:46:00
Prod_Diagnostic_13.txt,25-03-420,BCM,0X4C7E,Ignition,181,2026-05-10 05:46:00
Prod_Diagnostic_13.txt,25-03-420,BCM,0X4C7E,Window Pos,621,2026-05-10 05:46:00
Prod_Diagnostic_13.txt,25-03-420,BCM,0X5D98,Battery Voltage,974,2026-05-09 15:05:00
Prod_Diagnostic_13.txt,25-03-420,BCM,0X5D98,Door Status,996,2026-05-09 15:05:00
Prod_Diagnostic_13.txt,25-03-420,BCM,0X5D98,Lock State,369,2026-05-09 15:05:00
Prod_Diagnostic_13.txt,25-03-420,BCM,0X5D98,Ignition,408,2026-05-09 15:05:00
Prod_Diagnostic_13.txt,25-03-420,BCM,0X5D98,Window Pos,387,2026-05-09 15:05:00
Prod_Diagnostic_13.txt,25-03-420,BCM,0X8880,Battery Voltage,160,2026-05-24 13:48:00
Prod_Diagnostic_13.txt,25-03-420,BCM,0X8880,Door Status,840,2026-05-24 13:48:00
Prod_Diagnostic_13.txt,25-03-420,BCM,0X8880,Lock State,977,2026-05-24 13:48:00
Prod_Diagnostic_13.txt,25-03-420,BCM,0X8880,Ignition,813,2026-05-24 13:48:00
Prod_Diagnostic_13.txt,25-03-420,BCM,0X8880,Window Pos,494,2026-05-24 13:48:00
Prod_Diagnostic_13.txt,25-03-420,TCM,0XD30D,Gear,567,2026-05-20 17:09:00
Prod_Diagnostic_13.txt,25-03-420,TCM,0XD30D,Oil Temp,745,2026-05-20 17:09:00
Prod_Diagnostic_13.txt,25-03-420,TCM,0XD30D,Turbine Speed,180,2026-05-20 17:09:00
Prod_Diagnostic_13.txt,25-03-420,TCM,0XD30D,Clutch Pressure,264,2026-05-20 17:09:00
Prod_Diagnostic_13.txt,25-03-420,TCM,0XD30D,Output Speed,390,2026-05-20 17:09:00
Prod_Diagnostic_13.txt,25-03-420,TCM,0X5E4C,Gear,342,2026-05-20 15:04:00
Prod_Diagnostic_13.txt,25-03-420,TCM,0X5E4C,Oil Temp,140,2026-05-20 15:04:00
Prod_Diagnostic_13.txt,25-03-420,TCM,0X5E4C,Turbine Speed,733,2026-05-20 15:04:00
Prod_Diagnostic_13.txt,25-03-420,TCM,0X5E4C,Clutch Pressure,481,2026-05-20 15:04:00
Prod_Diagnostic_13.txt,25-03-420,TCM,0X5E4C,Output Speed,201,2026-05-20 15:04:00
Prod_Diagnostic_13.txt,25-03-420,TCM,0XFA87,Gear,504,2026-05-24 23:23:00
Prod_Diagnostic_13.txt,25-03-420,TCM,0XFA87,Oil Temp,415,2026-05-24 23:23:00
Prod_Diagnostic_13.txt,25-03-420,TCM,0XFA87,Turbine Speed,948,2026-05-24 23:23:00
Prod_Diagnostic_13.txt,25-03-420,TCM,0XFA87,Clutch Pressure,426,2026-05-24 23:23:00
Prod_Diagnostic_13.txt,25-03-420,TCM,0XFA87,Output Speed,963,2026-05-24 23:23:00
Prod_Diagnostic_13.txt,25-03-420,TCM,0XCE00,Gear,419,2026-05-21 18:04:00
Prod_Diagnostic_13.txt,25-03-420,TCM,0XCE00,Oil Temp,907,2026-05-21 18:04:00
Prod_Diagnostic_13.txt,25-03-420,TCM,0XCE00,Turbine Speed,40,2026-05-21 18:04:00
Prod_Diagnostic_13.txt,25-03-420,TCM,0XCE00,Clutch Pressure,944,2026-05-21 18:04:00
Prod_Diagnostic_13.txt,25-03-420,TCM,0XCE00,Output Speed,128,2026-05-21 18:04:00
Prod_Diagnostic_13.txt,25-03-420,TCM,0XFEA0,Gear,522,2026-05-09 23:22:00
Prod_Diagnostic_13.txt,25-03-420,TCM,0XFEA0,Oil Temp,727,2026-05-09 23:22:00
Prod_Diagnostic_13.txt,25-03-420,TCM,0XFEA0,Turbine Speed,501,2026-05-09 23:22:00
Prod_Diagnostic_13.txt,25-03-420,TCM,0XFEA0,Clutch Pressure,651,2026-05-09 23:22:00
Prod_Diagnostic_13.txt,25-03-420,TCM,0XFEA0,Output Speed,706,2026-05-09 23:22:00
Prod_Diagnostic_13.txt,25-03-420,RADAR,0XC24A,Target Distance,490,2026-05-24 07:15:00
Prod_Diagnostic_13.txt,25-03-420,RADAR,0XC24A,Relative Speed,36,2026-05-24 07:15:00
Prod_Diagnostic_13.txt,25-03-420,RADAR,0XC24A,Object Count,944,2026-05-24 07:15:00
Prod_Diagnostic_13.txt,25-03-420,RADAR,0XC24A,Speed,833,2026-05-24 07:15:00
Prod_Diagnostic_13.txt,25-03-420,RADAR,0XC24A,Temperature,371,2026-05-24 07:15:00
Prod_Diagnostic_13.txt,25-03-420,RADAR,0XC28D,Target Distance,151,2026-05-20 14:43:00
Prod_Diagnostic_13.txt,25-03-420,RADAR,0XC28D,Relative Speed,261,2026-05-20 14:43:00
Prod_Diagnostic_13.txt,25-03-420,RADAR,0XC28D,Object Count,254,2026-05-20 14:43:00
Prod_Diagnostic_13.txt,25-03-420,RADAR,0XC28D,Speed,617,2026-05-20 14:43:00
Prod_Diagnostic_13.txt,25-03-420,RADAR,0XC28D,Temperature,593,2026-05-20 14:43:00
Prod_Diagnostic_13.txt,25-03-420,RADAR,0X1328,Target Distance,998,2026-05-13 22:37:00
Prod_Diagnostic_13.txt,25-03-420,RADAR,0X1328,Relative Speed,923,2026-05-13 22:37:00
Prod_Diagnostic_13.txt,25-03-420,RADAR,0X1328,Object Count,83,2026-05-13 22:37:00
Prod_Diagnostic_13.txt,25-03-420,RADAR,0X1328,Speed,531,2026-05-13 22:37:00
Prod_Diagnostic_13.txt,25-03-420,RADAR,0X1328,Temperature,932,2026-05-13 22:37:00
Prod_Diagnostic_13.txt,25-03-420,RADAR,0XF041,Target Distance,991,2026-05-23 09:32:00
Prod_Diagnostic_13.txt,25-03-420,RADAR,0XF041,Relative Speed,546,2026-05-23 09:32:00
Prod_Diagnostic_13.txt,25-03-420,RADAR,0XF041,Object Count,675,2026-05-23 09:32:00
Prod_Diagnostic_13.txt,25-03-420,RADAR,0XF041,Speed,908,2026-05-23 09:32:00
Prod_Diagnostic_13.txt,25-03-420,RADAR,0XF041,Temperature,392,2026-05-23 09:32:00
Prod_Diagnostic_13.txt,25-03-420,RADAR,0X5ED7,Target Distance,817,2026-05-21 18:49:00
Prod_Diagnostic_13.txt,25-03-420,RADAR,0X5ED7,Relative Speed,353,2026-05-21 18:49:00
Prod_Diagnostic_13.txt,25-03-420,RADAR,0X5ED7,Object Count,834,2026-05-21 18:49:00
Prod_Diagnostic_13.txt,25-03-420,RADAR,0X5ED7,Speed,147,2026-05-21 18:49:00
Prod_Diagnostic_13.txt,25-03-420,RADAR,0X5ED7,Temperature,276,2026-05-21 18:49:00
Prod_Diagnostic_13.txt,25-03-420,SRS,0XFE15,Vehicle Speed,100,2026-05-06 15:00:00
Prod_Diagnostic_13.txt,25-03-420,SRS,0XFE15,Seat Occupancy,72,2026-05-06 15:00:00
Prod_Diagnostic_13.txt,25-03-420,SRS,0XFE15,Crash Counter,793,2026-05-06 15:00:00
Prod_Diagnostic_13.txt,25-03-420,SRS,0XFE15,Supply Voltage,714,2026-05-06 15:00:00
Prod_Diagnostic_13.txt,25-03-420,SRS,0XFE15,Belt Status,428,2026-05-06 15:00:00
Prod_Diagnostic_13.txt,25-03-420,SRS,0X7AB6,Vehicle Speed,721,2026-05-06 11:11:00
Prod_Diagnostic_13.txt,25-03-420,SRS,0X7AB6,Seat Occupancy,138,2026-05-06 11:11:00
Prod_Diagnostic_13.txt,25-03-420,SRS,0X7AB6,Crash Counter,203,2026-05-06 11:11:00
Prod_Diagnostic_13.txt,25-03-420,SRS,0X7AB6,Supply Voltage,499,2026-05-06 11:11:00
Prod_Diagnostic_13.txt,25-03-420,SRS,0X7AB6,Belt Status,187,2026-05-06 11:11:00
Prod_Diagnostic_13.txt,25-03-420,SRS,0X2C38,Vehicle Speed,188,2026-05-07 01:47:00
Prod_Diagnostic_13.txt,25-03-420,SRS,0X2C38,Seat Occupancy,829,2026-05-07 01:47:00
Prod_Diagnostic_13.txt,25-03-420,SRS,0X2C38,Crash Counter,778,2026-05-07 01:47:00
Prod_Diagnostic_13.txt,25-03-420,SRS,0X2C38,Supply Voltage,197,2026-05-07 01:47:00
Prod_Diagnostic_13.txt,25-03-420,SRS,0X2C38,Belt Status,266,2026-05-07 01:47:00
Prod_Diagnostic_13.txt,25-03-420,SRS,0X80D3,Vehicle Speed,387,2026-05-03 09:05:00
Prod_Diagnostic_13.txt,25-03-420,SRS,0X80D3,Seat Occupancy,128,2026-05-03 09:05:00
Prod_Diagnostic_13.txt,25-03-420,SRS,0X80D3,Crash Counter,284,2026-05-03 09:05:00
Prod_Diagnostic_13.txt,25-03-420,SRS,0X80D3,Supply Voltage,66,2026-05-03 09:05:00
Prod_Diagnostic_13.txt,25-03-420,SRS,0X80D3,Belt Status,351,2026-05-03 09:05:00
Prod_Diagnostic_13.txt,25-03-420,SRS,0XA5EC,Vehicle Speed,770,2026-05-01 01:17:00
Prod_Diagnostic_13.txt,25-03-420,SRS,0XA5EC,Seat Occupancy,979,2026-05-01 01:17:00
Prod_Diagnostic_13.txt,25-03-420,SRS,0XA5EC,Crash Counter,8,2026-05-01 01:17:00
Prod_Diagnostic_13.txt,25-03-420,SRS,0XA5EC,Supply Voltage,682,2026-05-01 01:17:00
Prod_Diagnostic_13.txt,25-03-420,SRS,0XA5EC,Belt Status,597,2026-05-01 01:17:00
Prod_Diagnostic_13.txt,25-03-420,BMS,0X28CA,SOC,273,2026-05-20 16:48:00
Prod_Diagnostic_13.txt,25-03-420,BMS,0X28CA,SOH,955,2026-05-20 16:48:00
Prod_Diagnostic_13.txt,25-03-420,BMS,0X28CA,HV Voltage,498,2026-05-20 16:48:00
Prod_Diagnostic_13.txt,25-03-420,BMS,0X28CA,Cell Temp Max,485,2026-05-20 16:48:00
Prod_Diagnostic_13.txt,25-03-420,BMS,0X28CA,Cell Temp Min,776,2026-05-20 16:48:00
Prod_Diagnostic_13.txt,25-03-420,BMS,0XAAB8,SOC,682,2026-05-11 07:23:00
Prod_Diagnostic_13.txt,25-03-420,BMS,0XAAB8,SOH,409,2026-05-11 07:23:00
Prod_Diagnostic_13.txt,25-03-420,BMS,0XAAB8,HV Voltage,388,2026-05-11 07:23:00
Prod_Diagnostic_13.txt,25-03-420,BMS,0XAAB8,Cell Temp Max,626,2026-05-11 07:23:00
Prod_Diagnostic_13.txt,25-03-420,BMS,0XAAB8,Cell Temp Min,59,2026-05-11 07:23:00
Prod_Diagnostic_13.txt,25-03-420,BMS,0XEF82,SOC,743,2026-05-28 22:25:00
Prod_Diagnostic_13.txt,25-03-420,BMS,0XEF82,SOH,856,2026-05-28 22:25:00
Prod_Diagnostic_13.txt,25-03-420,BMS,0XEF82,HV Voltage,910,2026-05-28 22:25:00
Prod_Diagnostic_13.txt,25-03-420,BMS,0XEF82,Cell Temp Max,948,2026-05-28 22:25:00
Prod_Diagnostic_13.txt,25-03-420,BMS,0XEF82,Cell Temp Min,143,2026-05-28 22:25:00
Prod_Diagnostic_13.txt,25-03-420,BMS,0XAA16,SOC,703,2026-05-12 14:39:00
Prod_Diagnostic_13.txt,25-03-420,BMS,0XAA16,SOH,675,2026-05-12 14:39:00
Prod_Diagnostic_13.txt,25-03-420,BMS,0XAA16,HV Voltage,891,2026-05-12 14:39:00
Prod_Diagnostic_13.txt,25-03-420,BMS,0XAA16,Cell Temp Max,487,2026-05-12 14:39:00
Prod_Diagnostic_13.txt,25-03-420,BMS,0XAA16,Cell Temp Min,528,2026-05-12 14:39:00
Prod_Diagnostic_13.txt,25-03-420,BMS,0XB904,SOC,895,2026-05-01 20:23:00
Prod_Diagnostic_13.txt,25-03-420,BMS,0XB904,SOH,47,2026-05-01 20:23:00
Prod_Diagnostic_13.txt,25-03-420,BMS,0XB904,HV Voltage,993,2026-05-01 20:23:00
Prod_Diagnostic_13.txt,25-03-420,BMS,0XB904,Cell Temp Max,827,2026-05-01 20:23:00
Prod_Diagnostic_13.txt,25-03-420,BMS,0XB904,Cell Temp Min,754,2026-05-01 20:23:00
Prod_Diagnostic_13.txt,25-03-420,OBC,0XBD8C,AC Voltage,814,2026-05-13 23:39:00
Prod_Diagnostic_13.txt,25-03-420,OBC,0XBD8C,Charge Current,84,2026-05-13 23:39:00
Prod_Diagnostic_13.txt,25-03-420,OBC,0XBD8C,Battery Temp,357,2026-05-13 23:39:00
Prod_Diagnostic_13.txt,25-03-420,OBC,0XBD8C,SOC,439,2026-05-13 23:39:00
Prod_Diagnostic_13.txt,25-03-420,OBC,0XBD8C,Input Freq,962,2026-05-13 23:39:00
Prod_Diagnostic_13.txt,25-03-420,OBC,0XB888,AC Voltage,147,2026-05-20 06:45:00
Prod_Diagnostic_13.txt,25-03-420,OBC,0XB888,Charge Current,891,2026-05-20 06:45:00
Prod_Diagnostic_13.txt,25-03-420,OBC,0XB888,Battery Temp,533,2026-05-20 06:45:00
Prod_Diagnostic_13.txt,25-03-420,OBC,0XB888,SOC,898,2026-05-20 06:45:00
Prod_Diagnostic_13.txt,25-03-420,OBC,0XB888,Input Freq,586,2026-05-20 06:45:00
Prod_Diagnostic_13.txt,25-03-420,OBC,0X1820,AC Voltage,896,2026-05-27 21:35:00
Prod_Diagnostic_13.txt,25-03-420,OBC,0X1820,Charge Current,479,2026-05-27 21:35:00
Prod_Diagnostic_13.txt,25-03-420,OBC,0X1820,Battery Temp,173,2026-05-27 21:35:00
Prod_Diagnostic_13.txt,25-03-420,OBC,0X1820,SOC,918,2026-05-27 21:35:00
Prod_Diagnostic_13.txt,25-03-420,OBC,0X1820,Input Freq,457,2026-05-27 21:35:00
Prod_Diagnostic_13.txt,25-03-420,OBC,0X8B6F,AC Voltage,967,2026-05-07 05:48:00
Prod_Diagnostic_13.txt,25-03-420,OBC,0X8B6F,Charge Current,676,2026-05-07 05:48:00
Prod_Diagnostic_13.txt,25-03-420,OBC,0X8B6F,Battery Temp,717,2026-05-07 05:48:00
Prod_Diagnostic_13.txt,25-03-420,OBC,0X8B6F,SOC,92,2026-05-07 05:48:00
Prod_Diagnostic_13.txt,25-03-420,OBC,0X8B6F,Input Freq,109,2026-05-07 05:48:00
Prod_Diagnostic_13.txt,25-03-420,OBC,0XC73C,AC Voltage,737,2026-05-25 08:14:00
Prod_Diagnostic_13.txt,25-03-420,OBC,0XC73C,Charge Current,264,2026-05-25 08:14:00
Prod_Diagnostic_13.txt,25-03-420,OBC,0XC73C,Battery Temp,682,2026-05-25 08:14:00
Prod_Diagnostic_13.txt,25-03-420,OBC,0XC73C,SOC,488,2026-05-25 08:14:00
Prod_Diagnostic_13.txt,25-03-420,OBC,0XC73C,Input Freq,975,2026-05-25 08:14:00
Prod_Diagnostic_14.txt,24-07-510,FCAM,0X7D57,Lane Confidence,968,2026-05-12 15:11:00
Prod_Diagnostic_14.txt,24-07-510,FCAM,0X7D57,Visibility,54,2026-05-12 15:11:00
Prod_Diagnostic_14.txt,24-07-510,FCAM,0X7D57,Image Quality,121,2026-05-12 15:11:00
Prod_Diagnostic_14.txt,24-07-510,FCAM,0X7D57,Speed,528,2026-05-12 15:11:00
Prod_Diagnostic_14.txt,24-07-510,FCAM,0X7D57,Light Level,666,2026-05-12 15:11:00
Prod_Diagnostic_14.txt,24-07-510,FCAM,0XA7E8,Lane Confidence,247,2026-05-08 01:07:00
Prod_Diagnostic_14.txt,24-07-510,FCAM,0XA7E8,Visibility,407,2026-05-08 01:07:00
Prod_Diagnostic_14.txt,24-07-510,FCAM,0XA7E8,Image Quality,501,2026-05-08 01:07:00
Prod_Diagnostic_14.txt,24-07-510,FCAM,0XA7E8,Speed,310,2026-05-08 01:07:00
Prod_Diagnostic_14.txt,24-07-510,FCAM,0XA7E8,Light Level,705,2026-05-08 01:07:00
Prod_Diagnostic_14.txt,24-07-510,FCAM,0X3C28,Lane Confidence,838,2026-05-25 14:55:00
Prod_Diagnostic_14.txt,24-07-510,FCAM,0X3C28,Visibility,666,2026-05-25 14:55:00
Prod_Diagnostic_14.txt,24-07-510,FCAM,0X3C28,Image Quality,392,2026-05-25 14:55:00
Prod_Diagnostic_14.txt,24-07-510,FCAM,0X3C28,Speed,282,2026-05-25 14:55:00
Prod_Diagnostic_14.txt,24-07-510,FCAM,0X3C28,Light Level,648,2026-05-25 14:55:00
Prod_Diagnostic_14.txt,24-07-510,FCAM,0X6E08,Lane Confidence,685,2026-05-04 15:41:00
Prod_Diagnostic_14.txt,24-07-510,FCAM,0X6E08,Visibility,931,2026-05-04 15:41:00
Prod_Diagnostic_14.txt,24-07-510,FCAM,0X6E08,Image Quality,522,2026-05-04 15:41:00
Prod_Diagnostic_14.txt,24-07-510,FCAM,0X6E08,Speed,231,2026-05-04 15:41:00
Prod_Diagnostic_14.txt,24-07-510,FCAM,0X6E08,Light Level,24,2026-05-04 15:41:00
Prod_Diagnostic_14.txt,24-07-510,FCAM,0XA2AE,Lane Confidence,394,2026-05-26 18:11:00
Prod_Diagnostic_14.txt,24-07-510,FCAM,0XA2AE,Visibility,496,2026-05-26 18:11:00
Prod_Diagnostic_14.txt,24-07-510,FCAM,0XA2AE,Image Quality,661,2026-05-26 18:11:00
Prod_Diagnostic_14.txt,24-07-510,FCAM,0XA2AE,Speed,720,2026-05-26 18:11:00
Prod_Diagnostic_14.txt,24-07-510,FCAM,0XA2AE,Light Level,445,2026-05-26 18:11:00
Prod_Diagnostic_14.txt,24-07-510,OBC,0XA248,AC Voltage,416,2026-05-23 17:11:00
Prod_Diagnostic_14.txt,24-07-510,OBC,0XA248,Charge Current,833,2026-05-23 17:11:00
Prod_Diagnostic_14.txt,24-07-510,OBC,0XA248,Battery Temp,718,2026-05-23 17:11:00
Prod_Diagnostic_14.txt,24-07-510,OBC,0XA248,SOC,21,2026-05-23 17:11:00
Prod_Diagnostic_14.txt,24-07-510,OBC,0XA248,Input Freq,404,2026-05-23 17:11:00
Prod_Diagnostic_14.txt,24-07-510,OBC,0XE145,AC Voltage,731,2026-05-17 18:34:00
Prod_Diagnostic_14.txt,24-07-510,OBC,0XE145,Charge Current,839,2026-05-17 18:34:00
Prod_Diagnostic_14.txt,24-07-510,OBC,0XE145,Battery Temp,810,2026-05-17 18:34:00
Prod_Diagnostic_14.txt,24-07-510,OBC,0XE145,SOC,668,2026-05-17 18:34:00
Prod_Diagnostic_14.txt,24-07-510,OBC,0XE145,Input Freq,128,2026-05-17 18:34:00
Prod_Diagnostic_14.txt,24-07-510,OBC,0XB898,AC Voltage,820,2026-05-01 17:28:00
Prod_Diagnostic_14.txt,24-07-510,OBC,0XB898,Charge Current,322,2026-05-01 17:28:00
Prod_Diagnostic_14.txt,24-07-510,OBC,0XB898,Battery Temp,126,2026-05-01 17:28:00
Prod_Diagnostic_14.txt,24-07-510,OBC,0XB898,SOC,41,2026-05-01 17:28:00
Prod_Diagnostic_14.txt,24-07-510,OBC,0XB898,Input Freq,132,2026-05-01 17:28:00
Prod_Diagnostic_14.txt,24-07-510,OBC,0X44CB,AC Voltage,128,2026-05-09 01:05:00
Prod_Diagnostic_14.txt,24-07-510,OBC,0X44CB,Charge Current,519,2026-05-09 01:05:00
Prod_Diagnostic_14.txt,24-07-510,OBC,0X44CB,Battery Temp,306,2026-05-09 01:05:00
Prod_Diagnostic_14.txt,24-07-510,OBC,0X44CB,SOC,373,2026-05-09 01:05:00
Prod_Diagnostic_14.txt,24-07-510,OBC,0X44CB,Input Freq,990,2026-05-09 01:05:00
Prod_Diagnostic_14.txt,24-07-510,OBC,0X3BEE,AC Voltage,927,2026-05-10 01:33:00
Prod_Diagnostic_14.txt,24-07-510,OBC,0X3BEE,Charge Current,802,2026-05-10 01:33:00
Prod_Diagnostic_14.txt,24-07-510,OBC,0X3BEE,Battery Temp,301,2026-05-10 01:33:00
Prod_Diagnostic_14.txt,24-07-510,OBC,0X3BEE,SOC,675,2026-05-10 01:33:00
Prod_Diagnostic_14.txt,24-07-510,OBC,0X3BEE,Input Freq,547,2026-05-10 01:33:00
Prod_Diagnostic_14.txt,24-07-510,TCU,0X33CD,RSSI,523,2026-05-12 19:34:00
Prod_Diagnostic_14.txt,24-07-510,TCU,0X33CD,GPS Status,215,2026-05-12 19:34:00
Prod_Diagnostic_14.txt,24-07-510,TCU,0X33CD,Network Type,705,2026-05-12 19:34:00
Prod_Diagnostic_14.txt,24-07-510,TCU,0X33CD,Speed,102,2026-05-12 19:34:00
Prod_Diagnostic_14.txt,24-07-510,TCU,0X33CD,Voltage,679,2026-05-12 19:34:00
Prod_Diagnostic_14.txt,24-07-510,TCU,0X4CB2,RSSI,617,2026-05-28 06:08:00
Prod_Diagnostic_14.txt,24-07-510,TCU,0X4CB2,GPS Status,566,2026-05-28 06:08:00
Prod_Diagnostic_14.txt,24-07-510,TCU,0X4CB2,Network Type,222,2026-05-28 06:08:00
Prod_Diagnostic_14.txt,24-07-510,TCU,0X4CB2,Speed,606,2026-05-28 06:08:00
Prod_Diagnostic_14.txt,24-07-510,TCU,0X4CB2,Voltage,368,2026-05-28 06:08:00
Prod_Diagnostic_14.txt,24-07-510,TCU,0X30E4,RSSI,391,2026-05-18 08:16:00
Prod_Diagnostic_14.txt,24-07-510,TCU,0X30E4,GPS Status,666,2026-05-18 08:16:00
Prod_Diagnostic_14.txt,24-07-510,TCU,0X30E4,Network Type,926,2026-05-18 08:16:00
Prod_Diagnostic_14.txt,24-07-510,TCU,0X30E4,Speed,168,2026-05-18 08:16:00
Prod_Diagnostic_14.txt,24-07-510,TCU,0X30E4,Voltage,410,2026-05-18 08:16:00
Prod_Diagnostic_14.txt,24-07-510,TCU,0X2550,RSSI,645,2026-05-18 06:04:00
Prod_Diagnostic_14.txt,24-07-510,TCU,0X2550,GPS Status,751,2026-05-18 06:04:00
Prod_Diagnostic_14.txt,24-07-510,TCU,0X2550,Network Type,276,2026-05-18 06:04:00
Prod_Diagnostic_14.txt,24-07-510,TCU,0X2550,Speed,649,2026-05-18 06:04:00
Prod_Diagnostic_14.txt,24-07-510,TCU,0X2550,Voltage,714,2026-05-18 06:04:00
Prod_Diagnostic_14.txt,24-07-510,TCU,0XC6E5,RSSI,842,2026-05-20 05:26:00
Prod_Diagnostic_14.txt,24-07-510,TCU,0XC6E5,GPS Status,158,2026-05-20 05:26:00
Prod_Diagnostic_14.txt,24-07-510,TCU,0XC6E5,Network Type,324,2026-05-20 05:26:00
Prod_Diagnostic_14.txt,24-07-510,TCU,0XC6E5,Speed,807,2026-05-20 05:26:00
Prod_Diagnostic_14.txt,24-07-510,TCU,0XC6E5,Voltage,445,2026-05-20 05:26:00
Prod_Diagnostic_14.txt,24-07-510,HVAC,0X16A2,Cabin Temp,701,2026-05-04 17:07:00
Prod_Diagnostic_14.txt,24-07-510,HVAC,0X16A2,Blower Speed,562,2026-05-04 17:07:00
Prod_Diagnostic_14.txt,24-07-510,HVAC,0X16A2,Evap Temp,417,2026-05-04 17:07:00
Prod_Diagnostic_14.txt,24-07-510,HVAC,0X16A2,Ambient Temp,68,2026-05-04 17:07:00
Prod_Diagnostic_14.txt,24-07-510,HVAC,0X16A2,AC Pressure,338,2026-05-04 17:07:00
Prod_Diagnostic_14.txt,24-07-510,HVAC,0X6CE1,Cabin Temp,11,2026-05-28 07:17:00
Prod_Diagnostic_14.txt,24-07-510,HVAC,0X6CE1,Blower Speed,101,2026-05-28 07:17:00
Prod_Diagnostic_14.txt,24-07-510,HVAC,0X6CE1,Evap Temp,387,2026-05-28 07:17:00
Prod_Diagnostic_14.txt,24-07-510,HVAC,0X6CE1,Ambient Temp,993,2026-05-28 07:17:00
Prod_Diagnostic_14.txt,24-07-510,HVAC,0X6CE1,AC Pressure,228,2026-05-28 07:17:00
Prod_Diagnostic_14.txt,24-07-510,HVAC,0X2AE1,Cabin Temp,542,2026-05-19 15:06:00
Prod_Diagnostic_14.txt,24-07-510,HVAC,0X2AE1,Blower Speed,358,2026-05-19 15:06:00
Prod_Diagnostic_14.txt,24-07-510,HVAC,0X2AE1,Evap Temp,718,2026-05-19 15:06:00
Prod_Diagnostic_14.txt,24-07-510,HVAC,0X2AE1,Ambient Temp,586,2026-05-19 15:06:00
Prod_Diagnostic_14.txt,24-07-510,HVAC,0X2AE1,AC Pressure,887,2026-05-19 15:06:00
Prod_Diagnostic_14.txt,24-07-510,HVAC,0X9D31,Cabin Temp,399,2026-05-06 10:48:00
Prod_Diagnostic_14.txt,24-07-510,HVAC,0X9D31,Blower Speed,186,2026-05-06 10:48:00
Prod_Diagnostic_14.txt,24-07-510,HVAC,0X9D31,Evap Temp,354,2026-05-06 10:48:00
Prod_Diagnostic_14.txt,24-07-510,HVAC,0X9D31,Ambient Temp,826,2026-05-06 10:48:00
Prod_Diagnostic_14.txt,24-07-510,HVAC,0X9D31,AC Pressure,760,2026-05-06 10:48:00
Prod_Diagnostic_14.txt,24-07-510,HVAC,0X9D3A,Cabin Temp,704,2026-05-05 08:00:00
Prod_Diagnostic_14.txt,24-07-510,HVAC,0X9D3A,Blower Speed,526,2026-05-05 08:00:00
Prod_Diagnostic_14.txt,24-07-510,HVAC,0X9D3A,Evap Temp,731,2026-05-05 08:00:00
Prod_Diagnostic_14.txt,24-07-510,HVAC,0X9D3A,Ambient Temp,160,2026-05-05 08:00:00
Prod_Diagnostic_14.txt,24-07-510,HVAC,0X9D3A,AC Pressure,674,2026-05-05 08:00:00
Prod_Diagnostic_14.txt,24-07-510,BCM,0X3486,Battery Voltage,725,2026-05-24 20:23:00
Prod_Diagnostic_14.txt,24-07-510,BCM,0X3486,Door Status,797,2026-05-24 20:23:00
Prod_Diagnostic_14.txt,24-07-510,BCM,0X3486,Lock State,256,2026-05-24 20:23:00
Prod_Diagnostic_14.txt,24-07-510,BCM,0X3486,Ignition,695,2026-05-24 20:23:00
Prod_Diagnostic_14.txt,24-07-510,BCM,0X3486,Window Pos,624,2026-05-24 20:23:00
Prod_Diagnostic_14.txt,24-07-510,BCM,0XC4EF,Battery Voltage,294,2026-05-26 14:32:00
Prod_Diagnostic_14.txt,24-07-510,BCM,0XC4EF,Door Status,283,2026-05-26 14:32:00
Prod_Diagnostic_14.txt,24-07-510,BCM,0XC4EF,Lock State,976,2026-05-26 14:32:00
Prod_Diagnostic_14.txt,24-07-510,BCM,0XC4EF,Ignition,439,2026-05-26 14:32:00
Prod_Diagnostic_14.txt,24-07-510,BCM,0XC4EF,Window Pos,534,2026-05-26 14:32:00
Prod_Diagnostic_14.txt,24-07-510,BCM,0X5E20,Battery Voltage,93,2026-05-25 10:54:00
Prod_Diagnostic_14.txt,24-07-510,BCM,0X5E20,Door Status,650,2026-05-25 10:54:00
Prod_Diagnostic_14.txt,24-07-510,BCM,0X5E20,Lock State,82,2026-05-25 10:54:00
Prod_Diagnostic_14.txt,24-07-510,BCM,0X5E20,Ignition,79,2026-05-25 10:54:00
Prod_Diagnostic_14.txt,24-07-510,BCM,0X5E20,Window Pos,748,2026-05-25 10:54:00
Prod_Diagnostic_14.txt,24-07-510,BCM,0X27F8,Battery Voltage,952,2026-05-24 09:35:00
Prod_Diagnostic_14.txt,24-07-510,BCM,0X27F8,Door Status,505,2026-05-24 09:35:00
Prod_Diagnostic_14.txt,24-07-510,BCM,0X27F8,Lock State,828,2026-05-24 09:35:00
Prod_Diagnostic_14.txt,24-07-510,BCM,0X27F8,Ignition,896,2026-05-24 09:35:00
Prod_Diagnostic_14.txt,24-07-510,BCM,0X27F8,Window Pos,11,2026-05-24 09:35:00
Prod_Diagnostic_14.txt,24-07-510,BCM,0XBD52,Battery Voltage,694,2026-05-16 16:43:00
Prod_Diagnostic_14.txt,24-07-510,BCM,0XBD52,Door Status,910,2026-05-16 16:43:00
Prod_Diagnostic_14.txt,24-07-510,BCM,0XBD52,Lock State,546,2026-05-16 16:43:00
Prod_Diagnostic_14.txt,24-07-510,BCM,0XBD52,Ignition,715,2026-05-16 16:43:00
Prod_Diagnostic_14.txt,24-07-510,BCM,0XBD52,Window Pos,128,2026-05-16 16:43:00
Prod_Diagnostic_14.txt,24-07-510,GW,0X138E,CAN Load,354,2026-05-23 17:47:00
Prod_Diagnostic_14.txt,24-07-510,GW,0X138E,Eth Status,251,2026-05-23 17:47:00
Prod_Diagnostic_14.txt,24-07-510,GW,0X138E,Voltage,757,2026-05-23 17:47:00
Prod_Diagnostic_14.txt,24-07-510,GW,0X138E,Bus Errors,678,2026-05-23 17:47:00
Prod_Diagnostic_14.txt,24-07-510,GW,0X138E,Ignition,974,2026-05-23 17:47:00
Prod_Diagnostic_14.txt,24-07-510,GW,0XBF1F,CAN Load,904,2026-05-06 21:59:00
Prod_Diagnostic_14.txt,24-07-510,GW,0XBF1F,Eth Status,783,2026-05-06 21:59:00
Prod_Diagnostic_14.txt,24-07-510,GW,0XBF1F,Voltage,537,2026-05-06 21:59:00
Prod_Diagnostic_14.txt,24-07-510,GW,0XBF1F,Bus Errors,926,2026-05-06 21:59:00
Prod_Diagnostic_14.txt,24-07-510,GW,0XBF1F,Ignition,231,2026-05-06 21:59:00
Prod_Diagnostic_14.txt,24-07-510,GW,0X233B,CAN Load,389,2026-05-02 13:31:00
Prod_Diagnostic_14.txt,24-07-510,GW,0X233B,Eth Status,175,2026-05-02 13:31:00
Prod_Diagnostic_14.txt,24-07-510,GW,0X233B,Voltage,383,2026-05-02 13:31:00
Prod_Diagnostic_14.txt,24-07-510,GW,0X233B,Bus Errors,994,2026-05-02 13:31:00
Prod_Diagnostic_14.txt,24-07-510,GW,0X233B,Ignition,116,2026-05-02 13:31:00
Prod_Diagnostic_14.txt,24-07-510,GW,0XF9FE,CAN Load,301,2026-05-10 09:30:00
Prod_Diagnostic_14.txt,24-07-510,GW,0XF9FE,Eth Status,272,2026-05-10 09:30:00
Prod_Diagnostic_14.txt,24-07-510,GW,0XF9FE,Voltage,219,2026-05-10 09:30:00
Prod_Diagnostic_14.txt,24-07-510,GW,0XF9FE,Bus Errors,3,2026-05-10 09:30:00
Prod_Diagnostic_14.txt,24-07-510,GW,0XF9FE,Ignition,756,2026-05-10 09:30:00
Prod_Diagnostic_14.txt,24-07-510,GW,0X74C4,CAN Load,475,2026-05-27 01:59:00
Prod_Diagnostic_14.txt,24-07-510,GW,0X74C4,Eth Status,914,2026-05-27 01:59:00
Prod_Diagnostic_14.txt,24-07-510,GW,0X74C4,Voltage,633,2026-05-27 01:59:00
Prod_Diagnostic_14.txt,24-07-510,GW,0X74C4,Bus Errors,869,2026-05-27 01:59:00
Prod_Diagnostic_14.txt,24-07-510,GW,0X74C4,Ignition,500,2026-05-27 01:59:00
Prod_Diagnostic_14.txt,24-07-510,EPS,0X6B12,Steering Angle,6,2026-05-10 11:06:00
Prod_Diagnostic_14.txt,24-07-510,EPS,0X6B12,Driver Torque,359,2026-05-10 11:06:00
Prod_Diagnostic_14.txt,24-07-510,EPS,0X6B12,Motor Current,912,2026-05-10 11:06:00
Prod_Diagnostic_14.txt,24-07-510,EPS,0X6B12,Supply Voltage,740,2026-05-10 11:06:00
Prod_Diagnostic_14.txt,24-07-510,EPS,0X6B12,Speed,191,2026-05-10 11:06:00
Prod_Diagnostic_14.txt,24-07-510,EPS,0X6AC2,Steering Angle,527,2026-05-07 02:33:00
Prod_Diagnostic_14.txt,24-07-510,EPS,0X6AC2,Driver Torque,921,2026-05-07 02:33:00
Prod_Diagnostic_14.txt,24-07-510,EPS,0X6AC2,Motor Current,158,2026-05-07 02:33:00
Prod_Diagnostic_14.txt,24-07-510,EPS,0X6AC2,Supply Voltage,421,2026-05-07 02:33:00
Prod_Diagnostic_14.txt,24-07-510,EPS,0X6AC2,Speed,127,2026-05-07 02:33:00
Prod_Diagnostic_14.txt,24-07-510,EPS,0X11C4,Steering Angle,307,2026-05-16 12:23:00
Prod_Diagnostic_14.txt,24-07-510,EPS,0X11C4,Driver Torque,374,2026-05-16 12:23:00
Prod_Diagnostic_14.txt,24-07-510,EPS,0X11C4,Motor Current,439,2026-05-16 12:23:00
Prod_Diagnostic_14.txt,24-07-510,EPS,0X11C4,Supply Voltage,914,2026-05-16 12:23:00
Prod_Diagnostic_14.txt,24-07-510,EPS,0X11C4,Speed,187,2026-05-16 12:23:00
Prod_Diagnostic_14.txt,24-07-510,EPS,0XDFC1,Steering Angle,766,2026-05-06 04:22:00
Prod_Diagnostic_14.txt,24-07-510,EPS,0XDFC1,Driver Torque,445,2026-05-06 04:22:00
Prod_Diagnostic_14.txt,24-07-510,EPS,0XDFC1,Motor Current,6,2026-05-06 04:22:00
Prod_Diagnostic_14.txt,24-07-510,EPS,0XDFC1,Supply Voltage,368,2026-05-06 04:22:00
Prod_Diagnostic_14.txt,24-07-510,EPS,0XDFC1,Speed,905,2026-05-06 04:22:00
Prod_Diagnostic_14.txt,24-07-510,EPS,0X2C54,Steering Angle,340,2026-05-13 13:47:00
Prod_Diagnostic_14.txt,24-07-510,EPS,0X2C54,Driver Torque,923,2026-05-13 13:47:00
Prod_Diagnostic_14.txt,24-07-510,EPS,0X2C54,Motor Current,33,2026-05-13 13:47:00
Prod_Diagnostic_14.txt,24-07-510,EPS,0X2C54,Supply Voltage,165,2026-05-13 13:47:00
Prod_Diagnostic_14.txt,24-07-510,EPS,0X2C54,Speed,683,2026-05-13 13:47:00
Prod_Diagnostic_14.txt,24-07-510,ECM,0X8AB3,RPM,820,2026-05-16 17:31:00
Prod_Diagnostic_14.txt,24-07-510,ECM,0X8AB3,Coolant Temp,699,2026-05-16 17:31:00
Prod_Diagnostic_14.txt,24-07-510,ECM,0X8AB3,Fuel Pressure,732,2026-05-16 17:31:00
Prod_Diagnostic_14.txt,24-07-510,ECM,0X8AB3,Boost Pressure,131,2026-05-16 17:31:00
Prod_Diagnostic_14.txt,24-07-510,ECM,0X8AB3,Engine Load,333,2026-05-16 17:31:00
Prod_Diagnostic_14.txt,24-07-510,ECM,0X9079,RPM,22,2026-05-04 03:50:00
Prod_Diagnostic_14.txt,24-07-510,ECM,0X9079,Coolant Temp,130,2026-05-04 03:50:00
Prod_Diagnostic_14.txt,24-07-510,ECM,0X9079,Fuel Pressure,160,2026-05-04 03:50:00
Prod_Diagnostic_14.txt,24-07-510,ECM,0X9079,Boost Pressure,353,2026-05-04 03:50:00
Prod_Diagnostic_14.txt,24-07-510,ECM,0X9079,Engine Load,513,2026-05-04 03:50:00
Prod_Diagnostic_14.txt,24-07-510,ECM,0XD473,RPM,9,2026-05-14 19:47:00
Prod_Diagnostic_14.txt,24-07-510,ECM,0XD473,Coolant Temp,445,2026-05-14 19:47:00
Prod_Diagnostic_14.txt,24-07-510,ECM,0XD473,Fuel Pressure,492,2026-05-14 19:47:00
Prod_Diagnostic_14.txt,24-07-510,ECM,0XD473,Boost Pressure,297,2026-05-14 19:47:00
Prod_Diagnostic_14.txt,24-07-510,ECM,0XD473,Engine Load,289,2026-05-14 19:47:00
Prod_Diagnostic_14.txt,24-07-510,ECM,0X2526,RPM,256,2026-05-24 16:11:00
Prod_Diagnostic_14.txt,24-07-510,ECM,0X2526,Coolant Temp,288,2026-05-24 16:11:00
Prod_Diagnostic_14.txt,24-07-510,ECM,0X2526,Fuel Pressure,786,2026-05-24 16:11:00
Prod_Diagnostic_14.txt,24-07-510,ECM,0X2526,Boost Pressure,118,2026-05-24 16:11:00
Prod_Diagnostic_14.txt,24-07-510,ECM,0X2526,Engine Load,885,2026-05-24 16:11:00
Prod_Diagnostic_14.txt,24-07-510,ECM,0XC371,RPM,830,2026-05-16 22:50:00
Prod_Diagnostic_14.txt,24-07-510,ECM,0XC371,Coolant Temp,106,2026-05-16 22:50:00
Prod_Diagnostic_14.txt,24-07-510,ECM,0XC371,Fuel Pressure,718,2026-05-16 22:50:00
Prod_Diagnostic_14.txt,24-07-510,ECM,0XC371,Boost Pressure,748,2026-05-16 22:50:00
Prod_Diagnostic_14.txt,24-07-510,ECM,0XC371,Engine Load,515,2026-05-16 22:50:00
Prod_Diagnostic_14.txt,24-07-510,ABS,0X3E62,Wheel FL,411,2026-05-08 03:08:00
Prod_Diagnostic_14.txt,24-07-510,ABS,0X3E62,Wheel FR,40,2026-05-08 03:08:00
Prod_Diagnostic_14.txt,24-07-510,ABS,0X3E62,Brake Pressure,281,2026-05-08 03:08:00
Prod_Diagnostic_14.txt,24-07-510,ABS,0X3E62,Yaw Rate,197,2026-05-08 03:08:00
Prod_Diagnostic_14.txt,24-07-510,ABS,0X3E62,Vehicle Speed,952,2026-05-08 03:08:00
Prod_Diagnostic_14.txt,24-07-510,ABS,0X7D22,Wheel FL,418,2026-05-28 01:24:00
Prod_Diagnostic_14.txt,24-07-510,ABS,0X7D22,Wheel FR,538,2026-05-28 01:24:00
Prod_Diagnostic_14.txt,24-07-510,ABS,0X7D22,Brake Pressure,314,2026-05-28 01:24:00
Prod_Diagnostic_14.txt,24-07-510,ABS,0X7D22,Yaw Rate,717,2026-05-28 01:24:00
Prod_Diagnostic_14.txt,24-07-510,ABS,0X7D22,Vehicle Speed,649,2026-05-28 01:24:00
Prod_Diagnostic_14.txt,24-07-510,ABS,0X48C6,Wheel FL,53,2026-05-17 13:41:00
Prod_Diagnostic_14.txt,24-07-510,ABS,0X48C6,Wheel FR,312,2026-05-17 13:41:00
Prod_Diagnostic_14.txt,24-07-510,ABS,0X48C6,Brake Pressure,113,2026-05-17 13:41:00
Prod_Diagnostic_14.txt,24-07-510,ABS,0X48C6,Yaw Rate,276,2026-05-17 13:41:00
Prod_Diagnostic_14.txt,24-07-510,ABS,0X48C6,Vehicle Speed,373,2026-05-17 13:41:00
Prod_Diagnostic_14.txt,24-07-510,ABS,0X69DC,Wheel FL,1,2026-05-02 05:02:00
Prod_Diagnostic_14.txt,24-07-510,ABS,0X69DC,Wheel FR,54,2026-05-02 05:02:00
Prod_Diagnostic_14.txt,24-07-510,ABS,0X69DC,Brake Pressure,677,2026-05-02 05:02:00
Prod_Diagnostic_14.txt,24-07-510,ABS,0X69DC,Yaw Rate,763,2026-05-02 05:02:00
Prod_Diagnostic_14.txt,24-07-510,ABS,0X69DC,Vehicle Speed,330,2026-05-02 05:02:00
Prod_Diagnostic_14.txt,24-07-510,ABS,0X590A,Wheel FL,972,2026-05-14 05:16:00
Prod_Diagnostic_14.txt,24-07-510,ABS,0X590A,Wheel FR,504,2026-05-14 05:16:00
Prod_Diagnostic_14.txt,24-07-510,ABS,0X590A,Brake Pressure,373,2026-05-14 05:16:00
Prod_Diagnostic_14.txt,24-07-510,ABS,0X590A,Yaw Rate,343,2026-05-14 05:16:00
Prod_Diagnostic_14.txt,24-07-510,ABS,0X590A,Vehicle Speed,312,2026-05-14 05:16:00
Prod_Diagnostic_14.txt,24-07-510,ADAS,0X28CD,CPU Load,830,2026-05-11 11:47:00
Prod_Diagnostic_14.txt,24-07-510,ADAS,0X28CD,Lane State,371,2026-05-11 11:47:00
Prod_Diagnostic_14.txt,24-07-510,ADAS,0X28CD,Object Count,761,2026-05-11 11:47:00
Prod_Diagnostic_14.txt,24-07-510,ADAS,0X28CD,Voltage,798,2026-05-11 11:47:00
Prod_Diagnostic_14.txt,24-07-510,ADAS,0X28CD,Speed,604,2026-05-11 11:47:00
Prod_Diagnostic_14.txt,24-07-510,ADAS,0XAACE,CPU Load,90,2026-05-07 18:24:00
Prod_Diagnostic_14.txt,24-07-510,ADAS,0XAACE,Lane State,909,2026-05-07 18:24:00
Prod_Diagnostic_14.txt,24-07-510,ADAS,0XAACE,Object Count,109,2026-05-07 18:24:00
Prod_Diagnostic_14.txt,24-07-510,ADAS,0XAACE,Voltage,134,2026-05-07 18:24:00
Prod_Diagnostic_14.txt,24-07-510,ADAS,0XAACE,Speed,645,2026-05-07 18:24:00
Prod_Diagnostic_14.txt,24-07-510,ADAS,0X2ECF,CPU Load,948,2026-05-07 22:28:00
Prod_Diagnostic_14.txt,24-07-510,ADAS,0X2ECF,Lane State,102,2026-05-07 22:28:00
Prod_Diagnostic_14.txt,24-07-510,ADAS,0X2ECF,Object Count,77,2026-05-07 22:28:00
Prod_Diagnostic_14.txt,24-07-510,ADAS,0X2ECF,Voltage,965,2026-05-07 22:28:00
Prod_Diagnostic_14.txt,24-07-510,ADAS,0X2ECF,Speed,560,2026-05-07 22:28:00
Prod_Diagnostic_14.txt,24-07-510,ADAS,0X67C8,CPU Load,45,2026-05-18 23:09:00
Prod_Diagnostic_14.txt,24-07-510,ADAS,0X67C8,Lane State,131,2026-05-18 23:09:00
Prod_Diagnostic_14.txt,24-07-510,ADAS,0X67C8,Object Count,197,2026-05-18 23:09:00
Prod_Diagnostic_14.txt,24-07-510,ADAS,0X67C8,Voltage,429,2026-05-18 23:09:00
Prod_Diagnostic_14.txt,24-07-510,ADAS,0X67C8,Speed,564,2026-05-18 23:09:00
Prod_Diagnostic_14.txt,24-07-510,ADAS,0XF43F,CPU Load,933,2026-05-21 22:07:00
Prod_Diagnostic_14.txt,24-07-510,ADAS,0XF43F,Lane State,447,2026-05-21 22:07:00
Prod_Diagnostic_14.txt,24-07-510,ADAS,0XF43F,Object Count,70,2026-05-21 22:07:00
Prod_Diagnostic_14.txt,24-07-510,ADAS,0XF43F,Voltage,495,2026-05-21 22:07:00
Prod_Diagnostic_14.txt,24-07-510,ADAS,0XF43F,Speed,430,2026-05-21 22:07:00
Prod_Diagnostic_14.txt,24-07-510,SRS,0XFE6B,Vehicle Speed,297,2026-05-09 22:08:00
Prod_Diagnostic_14.txt,24-07-510,SRS,0XFE6B,Seat Occupancy,47,2026-05-09 22:08:00
Prod_Diagnostic_14.txt,24-07-510,SRS,0XFE6B,Crash Counter,979,2026-05-09 22:08:00
Prod_Diagnostic_14.txt,24-07-510,SRS,0XFE6B,Supply Voltage,580,2026-05-09 22:08:00
Prod_Diagnostic_14.txt,24-07-510,SRS,0XFE6B,Belt Status,63,2026-05-09 22:08:00
Prod_Diagnostic_14.txt,24-07-510,SRS,0XCD9F,Vehicle Speed,769,2026-05-03 05:28:00
Prod_Diagnostic_14.txt,24-07-510,SRS,0XCD9F,Seat Occupancy,522,2026-05-03 05:28:00
Prod_Diagnostic_14.txt,24-07-510,SRS,0XCD9F,Crash Counter,394,2026-05-03 05:28:00
Prod_Diagnostic_14.txt,24-07-510,SRS,0XCD9F,Supply Voltage,576,2026-05-03 05:28:00
Prod_Diagnostic_14.txt,24-07-510,SRS,0XCD9F,Belt Status,799,2026-05-03 05:28:00
Prod_Diagnostic_14.txt,24-07-510,SRS,0X769E,Vehicle Speed,224,2026-05-01 05:36:00
Prod_Diagnostic_14.txt,24-07-510,SRS,0X769E,Seat Occupancy,607,2026-05-01 05:36:00
Prod_Diagnostic_14.txt,24-07-510,SRS,0X769E,Crash Counter,714,2026-05-01 05:36:00
Prod_Diagnostic_14.txt,24-07-510,SRS,0X769E,Supply Voltage,10,2026-05-01 05:36:00
Prod_Diagnostic_14.txt,24-07-510,SRS,0X769E,Belt Status,901,2026-05-01 05:36:00
Prod_Diagnostic_14.txt,24-07-510,SRS,0X8497,Vehicle Speed,726,2026-05-10 07:18:00
Prod_Diagnostic_14.txt,24-07-510,SRS,0X8497,Seat Occupancy,275,2026-05-10 07:18:00
Prod_Diagnostic_14.txt,24-07-510,SRS,0X8497,Crash Counter,566,2026-05-10 07:18:00
Prod_Diagnostic_14.txt,24-07-510,SRS,0X8497,Supply Voltage,122,2026-05-10 07:18:00
Prod_Diagnostic_14.txt,24-07-510,SRS,0X8497,Belt Status,176,2026-05-10 07:18:00
Prod_Diagnostic_14.txt,24-07-510,SRS,0X1BAD,Vehicle Speed,285,2026-05-21 04:56:00
Prod_Diagnostic_14.txt,24-07-510,SRS,0X1BAD,Seat Occupancy,950,2026-05-21 04:56:00
Prod_Diagnostic_14.txt,24-07-510,SRS,0X1BAD,Crash Counter,137,2026-05-21 04:56:00
Prod_Diagnostic_14.txt,24-07-510,SRS,0X1BAD,Supply Voltage,277,2026-05-21 04:56:00
Prod_Diagnostic_14.txt,24-07-510,SRS,0X1BAD,Belt Status,895,2026-05-21 04:56:00
Prod_Diagnostic_14.txt,24-07-510,RADAR,0XB475,Target Distance,648,2026-05-01 20:22:00
Prod_Diagnostic_14.txt,24-07-510,RADAR,0XB475,Relative Speed,620,2026-05-01 20:22:00
Prod_Diagnostic_14.txt,24-07-510,RADAR,0XB475,Object Count,996,2026-05-01 20:22:00
Prod_Diagnostic_14.txt,24-07-510,RADAR,0XB475,Speed,378,2026-05-01 20:22:00
Prod_Diagnostic_14.txt,24-07-510,RADAR,0XB475,Temperature,333,2026-05-01 20:22:00
Prod_Diagnostic_14.txt,24-07-510,RADAR,0XC499,Target Distance,59,2026-05-20 09:20:00
Prod_Diagnostic_14.txt,24-07-510,RADAR,0XC499,Relative Speed,641,2026-05-20 09:20:00
Prod_Diagnostic_14.txt,24-07-510,RADAR,0XC499,Object Count,836,2026-05-20 09:20:00
Prod_Diagnostic_14.txt,24-07-510,RADAR,0XC499,Speed,11,2026-05-20 09:20:00
Prod_Diagnostic_14.txt,24-07-510,RADAR,0XC499,Temperature,844,2026-05-20 09:20:00
Prod_Diagnostic_14.txt,24-07-510,RADAR,0X4822,Target Distance,889,2026-05-01 17:42:00
Prod_Diagnostic_14.txt,24-07-510,RADAR,0X4822,Relative Speed,797,2026-05-01 17:42:00
Prod_Diagnostic_14.txt,24-07-510,RADAR,0X4822,Object Count,962,2026-05-01 17:42:00
Prod_Diagnostic_14.txt,24-07-510,RADAR,0X4822,Speed,800,2026-05-01 17:42:00
Prod_Diagnostic_14.txt,24-07-510,RADAR,0X4822,Temperature,598,2026-05-01 17:42:00
Prod_Diagnostic_14.txt,24-07-510,RADAR,0XC8FC,Target Distance,619,2026-05-28 20:40:00
Prod_Diagnostic_14.txt,24-07-510,RADAR,0XC8FC,Relative Speed,565,2026-05-28 20:40:00
Prod_Diagnostic_14.txt,24-07-510,RADAR,0XC8FC,Object Count,212,2026-05-28 20:40:00
Prod_Diagnostic_14.txt,24-07-510,RADAR,0XC8FC,Speed,837,2026-05-28 20:40:00
Prod_Diagnostic_14.txt,24-07-510,RADAR,0XC8FC,Temperature,453,2026-05-28 20:40:00
Prod_Diagnostic_14.txt,24-07-510,RADAR,0X6302,Target Distance,748,2026-05-05 14:14:00
Prod_Diagnostic_14.txt,24-07-510,RADAR,0X6302,Relative Speed,744,2026-05-05 14:14:00
Prod_Diagnostic_14.txt,24-07-510,RADAR,0X6302,Object Count,445,2026-05-05 14:14:00
Prod_Diagnostic_14.txt,24-07-510,RADAR,0X6302,Speed,378,2026-05-05 14:14:00
Prod_Diagnostic_14.txt,24-07-510,RADAR,0X6302,Temperature,152,2026-05-05 14:14:00
Prod_Diagnostic_15.txt,25-11-601,ABS,0X7C80,Wheel FL,142,2026-05-26 20:21:00
Prod_Diagnostic_15.txt,25-11-601,ABS,0X7C80,Wheel FR,822,2026-05-26 20:21:00
Prod_Diagnostic_15.txt,25-11-601,ABS,0X7C80,Brake Pressure,967,2026-05-26 20:21:00
Prod_Diagnostic_15.txt,25-11-601,ABS,0X7C80,Yaw Rate,670,2026-05-26 20:21:00
Prod_Diagnostic_15.txt,25-11-601,ABS,0X7C80,Vehicle Speed,944,2026-05-26 20:21:00
Prod_Diagnostic_15.txt,25-11-601,ABS,0X7218,Wheel FL,550,2026-05-18 15:34:00
Prod_Diagnostic_15.txt,25-11-601,ABS,0X7218,Wheel FR,842,2026-05-18 15:34:00
Prod_Diagnostic_15.txt,25-11-601,ABS,0X7218,Brake Pressure,236,2026-05-18 15:34:00
Prod_Diagnostic_15.txt,25-11-601,ABS,0X7218,Yaw Rate,394,2026-05-18 15:34:00
Prod_Diagnostic_15.txt,25-11-601,ABS,0X7218,Vehicle Speed,86,2026-05-18 15:34:00
Prod_Diagnostic_15.txt,25-11-601,ABS,0XC705,Wheel FL,371,2026-05-23 02:15:00
Prod_Diagnostic_15.txt,25-11-601,ABS,0XC705,Wheel FR,3,2026-05-23 02:15:00
Prod_Diagnostic_15.txt,25-11-601,ABS,0XC705,Brake Pressure,209,2026-05-23 02:15:00
Prod_Diagnostic_15.txt,25-11-601,ABS,0XC705,Yaw Rate,872,2026-05-23 02:15:00
Prod_Diagnostic_15.txt,25-11-601,ABS,0XC705,Vehicle Speed,18,2026-05-23 02:15:00
Prod_Diagnostic_15.txt,25-11-601,ABS,0X9EF1,Wheel FL,870,2026-05-12 11:54:00
Prod_Diagnostic_15.txt,25-11-601,ABS,0X9EF1,Wheel FR,888,2026-05-12 11:54:00
Prod_Diagnostic_15.txt,25-11-601,ABS,0X9EF1,Brake Pressure,798,2026-05-12 11:54:00
Prod_Diagnostic_15.txt,25-11-601,ABS,0X9EF1,Yaw Rate,839,2026-05-12 11:54:00
Prod_Diagnostic_15.txt,25-11-601,ABS,0X9EF1,Vehicle Speed,143,2026-05-12 11:54:00
Prod_Diagnostic_15.txt,25-11-601,ABS,0X85DC,Wheel FL,765,2026-05-07 07:03:00
Prod_Diagnostic_15.txt,25-11-601,ABS,0X85DC,Wheel FR,142,2026-05-07 07:03:00
Prod_Diagnostic_15.txt,25-11-601,ABS,0X85DC,Brake Pressure,121,2026-05-07 07:03:00
Prod_Diagnostic_15.txt,25-11-601,ABS,0X85DC,Yaw Rate,986,2026-05-07 07:03:00
Prod_Diagnostic_15.txt,25-11-601,ABS,0X85DC,Vehicle Speed,713,2026-05-07 07:03:00
Prod_Diagnostic_15.txt,25-11-601,HVAC,0X70A1,Cabin Temp,679,2026-05-02 22:06:00
Prod_Diagnostic_15.txt,25-11-601,HVAC,0X70A1,Blower Speed,596,2026-05-02 22:06:00
Prod_Diagnostic_15.txt,25-11-601,HVAC,0X70A1,Evap Temp,76,2026-05-02 22:06:00
Prod_Diagnostic_15.txt,25-11-601,HVAC,0X70A1,Ambient Temp,489,2026-05-02 22:06:00
Prod_Diagnostic_15.txt,25-11-601,HVAC,0X70A1,AC Pressure,858,2026-05-02 22:06:00
Prod_Diagnostic_15.txt,25-11-601,HVAC,0XEED7,Cabin Temp,79,2026-05-05 02:15:00
Prod_Diagnostic_15.txt,25-11-601,HVAC,0XEED7,Blower Speed,13,2026-05-05 02:15:00
Prod_Diagnostic_15.txt,25-11-601,HVAC,0XEED7,Evap Temp,583,2026-05-05 02:15:00
Prod_Diagnostic_15.txt,25-11-601,HVAC,0XEED7,Ambient Temp,852,2026-05-05 02:15:00
Prod_Diagnostic_15.txt,25-11-601,HVAC,0XEED7,AC Pressure,834,2026-05-05 02:15:00
Prod_Diagnostic_15.txt,25-11-601,HVAC,0X3653,Cabin Temp,422,2026-05-23 09:30:00
Prod_Diagnostic_15.txt,25-11-601,HVAC,0X3653,Blower Speed,740,2026-05-23 09:30:00
Prod_Diagnostic_15.txt,25-11-601,HVAC,0X3653,Evap Temp,346,2026-05-23 09:30:00
Prod_Diagnostic_15.txt,25-11-601,HVAC,0X3653,Ambient Temp,455,2026-05-23 09:30:00
Prod_Diagnostic_15.txt,25-11-601,HVAC,0X3653,AC Pressure,801,2026-05-23 09:30:00
Prod_Diagnostic_15.txt,25-11-601,HVAC,0X5969,Cabin Temp,165,2026-05-20 05:32:00
Prod_Diagnostic_15.txt,25-11-601,HVAC,0X5969,Blower Speed,12,2026-05-20 05:32:00
Prod_Diagnostic_15.txt,25-11-601,HVAC,0X5969,Evap Temp,406,2026-05-20 05:32:00
Prod_Diagnostic_15.txt,25-11-601,HVAC,0X5969,Ambient Temp,853,2026-05-20 05:32:00
Prod_Diagnostic_15.txt,25-11-601,HVAC,0X5969,AC Pressure,434,2026-05-20 05:32:00
Prod_Diagnostic_15.txt,25-11-601,HVAC,0X9DDD,Cabin Temp,434,2026-05-10 22:14:00
Prod_Diagnostic_15.txt,25-11-601,HVAC,0X9DDD,Blower Speed,954,2026-05-10 22:14:00
Prod_Diagnostic_15.txt,25-11-601,HVAC,0X9DDD,Evap Temp,161,2026-05-10 22:14:00
Prod_Diagnostic_15.txt,25-11-601,HVAC,0X9DDD,Ambient Temp,279,2026-05-10 22:14:00
Prod_Diagnostic_15.txt,25-11-601,HVAC,0X9DDD,AC Pressure,997,2026-05-10 22:14:00
Prod_Diagnostic_15.txt,25-11-601,FCAM,0X9581,Lane Confidence,402,2026-05-20 01:14:00
Prod_Diagnostic_15.txt,25-11-601,FCAM,0X9581,Visibility,189,2026-05-20 01:14:00
Prod_Diagnostic_15.txt,25-11-601,FCAM,0X9581,Image Quality,843,2026-05-20 01:14:00
Prod_Diagnostic_15.txt,25-11-601,FCAM,0X9581,Speed,764,2026-05-20 01:14:00
Prod_Diagnostic_15.txt,25-11-601,FCAM,0X9581,Light Level,573,2026-05-20 01:14:00
Prod_Diagnostic_15.txt,25-11-601,FCAM,0XE77A,Lane Confidence,415,2026-05-11 20:41:00
Prod_Diagnostic_15.txt,25-11-601,FCAM,0XE77A,Visibility,848,2026-05-11 20:41:00
Prod_Diagnostic_15.txt,25-11-601,FCAM,0XE77A,Image Quality,390,2026-05-11 20:41:00
Prod_Diagnostic_15.txt,25-11-601,FCAM,0XE77A,Speed,169,2026-05-11 20:41:00
Prod_Diagnostic_15.txt,25-11-601,FCAM,0XE77A,Light Level,56,2026-05-11 20:41:00
Prod_Diagnostic_15.txt,25-11-601,FCAM,0XB58A,Lane Confidence,618,2026-05-04 02:23:00
Prod_Diagnostic_15.txt,25-11-601,FCAM,0XB58A,Visibility,798,2026-05-04 02:23:00
Prod_Diagnostic_15.txt,25-11-601,FCAM,0XB58A,Image Quality,867,2026-05-04 02:23:00
Prod_Diagnostic_15.txt,25-11-601,FCAM,0XB58A,Speed,344,2026-05-04 02:23:00
Prod_Diagnostic_15.txt,25-11-601,FCAM,0XB58A,Light Level,29,2026-05-04 02:23:00
Prod_Diagnostic_15.txt,25-11-601,FCAM,0X583E,Lane Confidence,775,2026-05-07 19:00:00
Prod_Diagnostic_15.txt,25-11-601,FCAM,0X583E,Visibility,932,2026-05-07 19:00:00
Prod_Diagnostic_15.txt,25-11-601,FCAM,0X583E,Image Quality,317,2026-05-07 19:00:00
Prod_Diagnostic_15.txt,25-11-601,FCAM,0X583E,Speed,193,2026-05-07 19:00:00
Prod_Diagnostic_15.txt,25-11-601,FCAM,0X583E,Light Level,565,2026-05-07 19:00:00
Prod_Diagnostic_15.txt,25-11-601,FCAM,0XB36D,Lane Confidence,578,2026-05-19 18:02:00
Prod_Diagnostic_15.txt,25-11-601,FCAM,0XB36D,Visibility,810,2026-05-19 18:02:00
Prod_Diagnostic_15.txt,25-11-601,FCAM,0XB36D,Image Quality,496,2026-05-19 18:02:00
Prod_Diagnostic_15.txt,25-11-601,FCAM,0XB36D,Speed,47,2026-05-19 18:02:00
Prod_Diagnostic_15.txt,25-11-601,FCAM,0XB36D,Light Level,50,2026-05-19 18:02:00
Prod_Diagnostic_15.txt,25-11-601,GW,0X27DC,CAN Load,323,2026-05-13 16:12:00
Prod_Diagnostic_15.txt,25-11-601,GW,0X27DC,Eth Status,770,2026-05-13 16:12:00
Prod_Diagnostic_15.txt,25-11-601,GW,0X27DC,Voltage,401,2026-05-13 16:12:00
Prod_Diagnostic_15.txt,25-11-601,GW,0X27DC,Bus Errors,744,2026-05-13 16:12:00
Prod_Diagnostic_15.txt,25-11-601,GW,0X27DC,Ignition,365,2026-05-13 16:12:00
Prod_Diagnostic_15.txt,25-11-601,GW,0XC3E1,CAN Load,515,2026-05-24 16:06:00
Prod_Diagnostic_15.txt,25-11-601,GW,0XC3E1,Eth Status,827,2026-05-24 16:06:00
Prod_Diagnostic_15.txt,25-11-601,GW,0XC3E1,Voltage,794,2026-05-24 16:06:00
Prod_Diagnostic_15.txt,25-11-601,GW,0XC3E1,Bus Errors,154,2026-05-24 16:06:00
Prod_Diagnostic_15.txt,25-11-601,GW,0XC3E1,Ignition,25,2026-05-24 16:06:00
Prod_Diagnostic_15.txt,25-11-601,GW,0XDBCB,CAN Load,699,2026-05-10 05:09:00
Prod_Diagnostic_15.txt,25-11-601,GW,0XDBCB,Eth Status,475,2026-05-10 05:09:00
Prod_Diagnostic_15.txt,25-11-601,GW,0XDBCB,Voltage,81,2026-05-10 05:09:00
Prod_Diagnostic_15.txt,25-11-601,GW,0XDBCB,Bus Errors,907,2026-05-10 05:09:00
Prod_Diagnostic_15.txt,25-11-601,GW,0XDBCB,Ignition,641,2026-05-10 05:09:00
Prod_Diagnostic_15.txt,25-11-601,GW,0XC7ED,CAN Load,987,2026-05-25 22:10:00
Prod_Diagnostic_15.txt,25-11-601,GW,0XC7ED,Eth Status,514,2026-05-25 22:10:00
Prod_Diagnostic_15.txt,25-11-601,GW,0XC7ED,Voltage,529,2026-05-25 22:10:00
Prod_Diagnostic_15.txt,25-11-601,GW,0XC7ED,Bus Errors,747,2026-05-25 22:10:00
Prod_Diagnostic_15.txt,25-11-601,GW,0XC7ED,Ignition,624,2026-05-25 22:10:00
Prod_Diagnostic_15.txt,25-11-601,GW,0XFE23,CAN Load,877,2026-05-10 11:39:00
Prod_Diagnostic_15.txt,25-11-601,GW,0XFE23,Eth Status,963,2026-05-10 11:39:00
Prod_Diagnostic_15.txt,25-11-601,GW,0XFE23,Voltage,442,2026-05-10 11:39:00
Prod_Diagnostic_15.txt,25-11-601,GW,0XFE23,Bus Errors,41,2026-05-10 11:39:00
Prod_Diagnostic_15.txt,25-11-601,GW,0XFE23,Ignition,913,2026-05-10 11:39:00
Prod_Diagnostic_15.txt,25-11-601,BCM,0X4D36,Battery Voltage,510,2026-05-05 18:40:00
Prod_Diagnostic_15.txt,25-11-601,BCM,0X4D36,Door Status,100,2026-05-05 18:40:00
Prod_Diagnostic_15.txt,25-11-601,BCM,0X4D36,Lock State,825,2026-05-05 18:40:00
Prod_Diagnostic_15.txt,25-11-601,BCM,0X4D36,Ignition,16,2026-05-05 18:40:00
Prod_Diagnostic_15.txt,25-11-601,BCM,0X4D36,Window Pos,147,2026-05-05 18:40:00
Prod_Diagnostic_15.txt,25-11-601,BCM,0X9C11,Battery Voltage,303,2026-05-11 05:59:00
Prod_Diagnostic_15.txt,25-11-601,BCM,0X9C11,Door Status,166,2026-05-11 05:59:00
Prod_Diagnostic_15.txt,25-11-601,BCM,0X9C11,Lock State,70,2026-05-11 05:59:00
Prod_Diagnostic_15.txt,25-11-601,BCM,0X9C11,Ignition,287,2026-05-11 05:59:00
Prod_Diagnostic_15.txt,25-11-601,BCM,0X9C11,Window Pos,591,2026-05-11 05:59:00
Prod_Diagnostic_15.txt,25-11-601,BCM,0X6A76,Battery Voltage,782,2026-05-09 15:16:00
Prod_Diagnostic_15.txt,25-11-601,BCM,0X6A76,Door Status,898,2026-05-09 15:16:00
Prod_Diagnostic_15.txt,25-11-601,BCM,0X6A76,Lock State,453,2026-05-09 15:16:00
Prod_Diagnostic_15.txt,25-11-601,BCM,0X6A76,Ignition,666,2026-05-09 15:16:00
Prod_Diagnostic_15.txt,25-11-601,BCM,0X6A76,Window Pos,947,2026-05-09 15:16:00
Prod_Diagnostic_15.txt,25-11-601,BCM,0X2FBC,Battery Voltage,419,2026-05-28 09:25:00
Prod_Diagnostic_15.txt,25-11-601,BCM,0X2FBC,Door Status,878,2026-05-28 09:25:00
Prod_Diagnostic_15.txt,25-11-601,BCM,0X2FBC,Lock State,635,2026-05-28 09:25:00
Prod_Diagnostic_15.txt,25-11-601,BCM,0X2FBC,Ignition,940,2026-05-28 09:25:00
Prod_Diagnostic_15.txt,25-11-601,BCM,0X2FBC,Window Pos,697,2026-05-28 09:25:00
Prod_Diagnostic_15.txt,25-11-601,BCM,0X80DA,Battery Voltage,424,2026-05-12 02:43:00
Prod_Diagnostic_15.txt,25-11-601,BCM,0X80DA,Door Status,519,2026-05-12 02:43:00
Prod_Diagnostic_15.txt,25-11-601,BCM,0X80DA,Lock State,461,2026-05-12 02:43:00
Prod_Diagnostic_15.txt,25-11-601,BCM,0X80DA,Ignition,270,2026-05-12 02:43:00
Prod_Diagnostic_15.txt,25-11-601,BCM,0X80DA,Window Pos,899,2026-05-12 02:43:00
Prod_Diagnostic_15.txt,25-11-601,TCM,0XAEE0,Gear,108,2026-05-01 04:54:00
Prod_Diagnostic_15.txt,25-11-601,TCM,0XAEE0,Oil Temp,298,2026-05-01 04:54:00
Prod_Diagnostic_15.txt,25-11-601,TCM,0XAEE0,Turbine Speed,385,2026-05-01 04:54:00
Prod_Diagnostic_15.txt,25-11-601,TCM,0XAEE0,Clutch Pressure,163,2026-05-01 04:54:00
Prod_Diagnostic_15.txt,25-11-601,TCM,0XAEE0,Output Speed,584,2026-05-01 04:54:00
Prod_Diagnostic_15.txt,25-11-601,TCM,0XEA94,Gear,478,2026-05-22 02:22:00
Prod_Diagnostic_15.txt,25-11-601,TCM,0XEA94,Oil Temp,480,2026-05-22 02:22:00
Prod_Diagnostic_15.txt,25-11-601,TCM,0XEA94,Turbine Speed,658,2026-05-22 02:22:00
Prod_Diagnostic_15.txt,25-11-601,TCM,0XEA94,Clutch Pressure,548,2026-05-22 02:22:00
Prod_Diagnostic_15.txt,25-11-601,TCM,0XEA94,Output Speed,922,2026-05-22 02:22:00
Prod_Diagnostic_15.txt,25-11-601,TCM,0X2BEF,Gear,412,2026-05-25 13:12:00
Prod_Diagnostic_15.txt,25-11-601,TCM,0X2BEF,Oil Temp,337,2026-05-25 13:12:00
Prod_Diagnostic_15.txt,25-11-601,TCM,0X2BEF,Turbine Speed,67,2026-05-25 13:12:00
Prod_Diagnostic_15.txt,25-11-601,TCM,0X2BEF,Clutch Pressure,325,2026-05-25 13:12:00
Prod_Diagnostic_15.txt,25-11-601,TCM,0X2BEF,Output Speed,351,2026-05-25 13:12:00
Prod_Diagnostic_15.txt,25-11-601,TCM,0X8C7D,Gear,559,2026-05-09 14:02:00
Prod_Diagnostic_15.txt,25-11-601,TCM,0X8C7D,Oil Temp,160,2026-05-09 14:02:00
Prod_Diagnostic_15.txt,25-11-601,TCM,0X8C7D,Turbine Speed,972,2026-05-09 14:02:00
Prod_Diagnostic_15.txt,25-11-601,TCM,0X8C7D,Clutch Pressure,482,2026-05-09 14:02:00
Prod_Diagnostic_15.txt,25-11-601,TCM,0X8C7D,Output Speed,150,2026-05-09 14:02:00
Prod_Diagnostic_15.txt,25-11-601,TCM,0X61F7,Gear,441,2026-05-02 11:50:00
Prod_Diagnostic_15.txt,25-11-601,TCM,0X61F7,Oil Temp,485,2026-05-02 11:50:00
Prod_Diagnostic_15.txt,25-11-601,TCM,0X61F7,Turbine Speed,219,2026-05-02 11:50:00
Prod_Diagnostic_15.txt,25-11-601,TCM,0X61F7,Clutch Pressure,56,2026-05-02 11:50:00
Prod_Diagnostic_15.txt,25-11-601,TCM,0X61F7,Output Speed,217,2026-05-02 11:50:00
Prod_Diagnostic_15.txt,25-11-601,OBC,0XD234,AC Voltage,146,2026-05-21 05:05:00
Prod_Diagnostic_15.txt,25-11-601,OBC,0XD234,Charge Current,71,2026-05-21 05:05:00
Prod_Diagnostic_15.txt,25-11-601,OBC,0XD234,Battery Temp,281,2026-05-21 05:05:00
Prod_Diagnostic_15.txt,25-11-601,OBC,0XD234,SOC,415,2026-05-21 05:05:00
Prod_Diagnostic_15.txt,25-11-601,OBC,0XD234,Input Freq,84,2026-05-21 05:05:00
Prod_Diagnostic_15.txt,25-11-601,OBC,0XEFAF,AC Voltage,266,2026-05-07 21:57:00
Prod_Diagnostic_15.txt,25-11-601,OBC,0XEFAF,Charge Current,189,2026-05-07 21:57:00
Prod_Diagnostic_15.txt,25-11-601,OBC,0XEFAF,Battery Temp,851,2026-05-07 21:57:00
Prod_Diagnostic_15.txt,25-11-601,OBC,0XEFAF,SOC,56,2026-05-07 21:57:00
Prod_Diagnostic_15.txt,25-11-601,OBC,0XEFAF,Input Freq,95,2026-05-07 21:57:00
Prod_Diagnostic_15.txt,25-11-601,OBC,0X678E,AC Voltage,549,2026-05-14 15:30:00
Prod_Diagnostic_15.txt,25-11-601,OBC,0X678E,Charge Current,706,2026-05-14 15:30:00
Prod_Diagnostic_15.txt,25-11-601,OBC,0X678E,Battery Temp,803,2026-05-14 15:30:00
Prod_Diagnostic_15.txt,25-11-601,OBC,0X678E,SOC,165,2026-05-14 15:30:00
Prod_Diagnostic_15.txt,25-11-601,OBC,0X678E,Input Freq,989,2026-05-14 15:30:00
Prod_Diagnostic_15.txt,25-11-601,OBC,0X6ACD,AC Voltage,80,2026-05-18 19:12:00
Prod_Diagnostic_15.txt,25-11-601,OBC,0X6ACD,Charge Current,741,2026-05-18 19:12:00
Prod_Diagnostic_15.txt,25-11-601,OBC,0X6ACD,Battery Temp,684,2026-05-18 19:12:00
Prod_Diagnostic_15.txt,25-11-601,OBC,0X6ACD,SOC,593,2026-05-18 19:12:00
Prod_Diagnostic_15.txt,25-11-601,OBC,0X6ACD,Input Freq,632,2026-05-18 19:12:00
Prod_Diagnostic_15.txt,25-11-601,OBC,0X62E0,AC Voltage,152,2026-05-05 14:59:00
Prod_Diagnostic_15.txt,25-11-601,OBC,0X62E0,Charge Current,512,2026-05-05 14:59:00
Prod_Diagnostic_15.txt,25-11-601,OBC,0X62E0,Battery Temp,886,2026-05-05 14:59:00
Prod_Diagnostic_15.txt,25-11-601,OBC,0X62E0,SOC,325,2026-05-05 14:59:00
Prod_Diagnostic_15.txt,25-11-601,OBC,0X62E0,Input Freq,117,2026-05-05 14:59:00
Prod_Diagnostic_15.txt,25-11-601,ECM,0X5347,RPM,461,2026-05-27 04:40:00
Prod_Diagnostic_15.txt,25-11-601,ECM,0X5347,Coolant Temp,655,2026-05-27 04:40:00
Prod_Diagnostic_15.txt,25-11-601,ECM,0X5347,Fuel Pressure,993,2026-05-27 04:40:00
Prod_Diagnostic_15.txt,25-11-601,ECM,0X5347,Boost Pressure,593,2026-05-27 04:40:00
Prod_Diagnostic_15.txt,25-11-601,ECM,0X5347,Engine Load,100,2026-05-27 04:40:00
Prod_Diagnostic_15.txt,25-11-601,ECM,0X47F7,RPM,387,2026-05-25 05:38:00
Prod_Diagnostic_15.txt,25-11-601,ECM,0X47F7,Coolant Temp,222,2026-05-25 05:38:00
Prod_Diagnostic_15.txt,25-11-601,ECM,0X47F7,Fuel Pressure,357,2026-05-25 05:38:00
Prod_Diagnostic_15.txt,25-11-601,ECM,0X47F7,Boost Pressure,215,2026-05-25 05:38:00
Prod_Diagnostic_15.txt,25-11-601,ECM,0X47F7,Engine Load,976,2026-05-25 05:38:00
Prod_Diagnostic_15.txt,25-11-601,ECM,0XBDFC,RPM,315,2026-05-01 09:57:00
Prod_Diagnostic_15.txt,25-11-601,ECM,0XBDFC,Coolant Temp,515,2026-05-01 09:57:00
Prod_Diagnostic_15.txt,25-11-601,ECM,0XBDFC,Fuel Pressure,839,2026-05-01 09:57:00
Prod_Diagnostic_15.txt,25-11-601,ECM,0XBDFC,Boost Pressure,889,2026-05-01 09:57:00
Prod_Diagnostic_15.txt,25-11-601,ECM,0XBDFC,Engine Load,128,2026-05-01 09:57:00
Prod_Diagnostic_15.txt,25-11-601,ECM,0XB61F,RPM,536,2026-05-12 17:27:00
Prod_Diagnostic_15.txt,25-11-601,ECM,0XB61F,Coolant Temp,998,2026-05-12 17:27:00
Prod_Diagnostic_15.txt,25-11-601,ECM,0XB61F,Fuel Pressure,784,2026-05-12 17:27:00
Prod_Diagnostic_15.txt,25-11-601,ECM,0XB61F,Boost Pressure,344,2026-05-12 17:27:00
Prod_Diagnostic_15.txt,25-11-601,ECM,0XB61F,Engine Load,117,2026-05-12 17:27:00
Prod_Diagnostic_15.txt,25-11-601,ECM,0X8575,RPM,447,2026-05-20 05:34:00
Prod_Diagnostic_15.txt,25-11-601,ECM,0X8575,Coolant Temp,391,2026-05-20 05:34:00
Prod_Diagnostic_15.txt,25-11-601,ECM,0X8575,Fuel Pressure,292,2026-05-20 05:34:00
Prod_Diagnostic_15.txt,25-11-601,ECM,0X8575,Boost Pressure,866,2026-05-20 05:34:00
Prod_Diagnostic_15.txt,25-11-601,ECM,0X8575,Engine Load,676,2026-05-20 05:34:00
Prod_Diagnostic_15.txt,25-11-601,RADAR,0XB254,Target Distance,666,2026-05-03 03:05:00
Prod_Diagnostic_15.txt,25-11-601,RADAR,0XB254,Relative Speed,17,2026-05-03 03:05:00
Prod_Diagnostic_15.txt,25-11-601,RADAR,0XB254,Object Count,632,2026-05-03 03:05:00
Prod_Diagnostic_15.txt,25-11-601,RADAR,0XB254,Speed,955,2026-05-03 03:05:00
Prod_Diagnostic_15.txt,25-11-601,RADAR,0XB254,Temperature,422,2026-05-03 03:05:00
Prod_Diagnostic_15.txt,25-11-601,RADAR,0X8F14,Target Distance,516,2026-05-04 20:28:00
Prod_Diagnostic_15.txt,25-11-601,RADAR,0X8F14,Relative Speed,596,2026-05-04 20:28:00
Prod_Diagnostic_15.txt,25-11-601,RADAR,0X8F14,Object Count,826,2026-05-04 20:28:00
Prod_Diagnostic_15.txt,25-11-601,RADAR,0X8F14,Speed,34,2026-05-04 20:28:00
Prod_Diagnostic_15.txt,25-11-601,RADAR,0X8F14,Temperature,684,2026-05-04 20:28:00
Prod_Diagnostic_15.txt,25-11-601,RADAR,0XEA09,Target Distance,201,2026-05-18 12:07:00
Prod_Diagnostic_15.txt,25-11-601,RADAR,0XEA09,Relative Speed,877,2026-05-18 12:07:00
Prod_Diagnostic_15.txt,25-11-601,RADAR,0XEA09,Object Count,481,2026-05-18 12:07:00
Prod_Diagnostic_15.txt,25-11-601,RADAR,0XEA09,Speed,974,2026-05-18 12:07:00
Prod_Diagnostic_15.txt,25-11-601,RADAR,0XEA09,Temperature,128,2026-05-18 12:07:00
Prod_Diagnostic_15.txt,25-11-601,RADAR,0XDB33,Target Distance,230,2026-05-01 11:50:00
Prod_Diagnostic_15.txt,25-11-601,RADAR,0XDB33,Relative Speed,520,2026-05-01 11:50:00
Prod_Diagnostic_15.txt,25-11-601,RADAR,0XDB33,Object Count,291,2026-05-01 11:50:00
Prod_Diagnostic_15.txt,25-11-601,RADAR,0XDB33,Speed,275,2026-05-01 11:50:00
Prod_Diagnostic_15.txt,25-11-601,RADAR,0XDB33,Temperature,901,2026-05-01 11:50:00
Prod_Diagnostic_15.txt,25-11-601,RADAR,0X5EB1,Target Distance,27,2026-05-14 01:00:00
Prod_Diagnostic_15.txt,25-11-601,RADAR,0X5EB1,Relative Speed,158,2026-05-14 01:00:00
Prod_Diagnostic_15.txt,25-11-601,RADAR,0X5EB1,Object Count,810,2026-05-14 01:00:00
Prod_Diagnostic_15.txt,25-11-601,RADAR,0X5EB1,Speed,384,2026-05-14 01:00:00
Prod_Diagnostic_15.txt,25-11-601,RADAR,0X5EB1,Temperature,861,2026-05-14 01:00:00
Prod_Diagnostic_15.txt,25-11-601,TCU,0XE1ED,RSSI,248,2026-05-06 18:27:00
Prod_Diagnostic_15.txt,25-11-601,TCU,0XE1ED,GPS Status,570,2026-05-06 18:27:00
Prod_Diagnostic_15.txt,25-11-601,TCU,0XE1ED,Network Type,997,2026-05-06 18:27:00
Prod_Diagnostic_15.txt,25-11-601,TCU,0XE1ED,Speed,401,2026-05-06 18:27:00
Prod_Diagnostic_15.txt,25-11-601,TCU,0XE1ED,Voltage,198,2026-05-06 18:27:00
Prod_Diagnostic_15.txt,25-11-601,TCU,0XB4F9,RSSI,746,2026-05-05 20:24:00
Prod_Diagnostic_15.txt,25-11-601,TCU,0XB4F9,GPS Status,178,2026-05-05 20:24:00
Prod_Diagnostic_15.txt,25-11-601,TCU,0XB4F9,Network Type,413,2026-05-05 20:24:00
Prod_Diagnostic_15.txt,25-11-601,TCU,0XB4F9,Speed,926,2026-05-05 20:24:00
Prod_Diagnostic_15.txt,25-11-601,TCU,0XB4F9,Voltage,326,2026-05-05 20:24:00
Prod_Diagnostic_15.txt,25-11-601,TCU,0X388F,RSSI,591,2026-05-17 03:40:00
Prod_Diagnostic_15.txt,25-11-601,TCU,0X388F,GPS Status,804,2026-05-17 03:40:00
Prod_Diagnostic_15.txt,25-11-601,TCU,0X388F,Network Type,402,2026-05-17 03:40:00
Prod_Diagnostic_15.txt,25-11-601,TCU,0X388F,Speed,864,2026-05-17 03:40:00
Prod_Diagnostic_15.txt,25-11-601,TCU,0X388F,Voltage,781,2026-05-17 03:40:00
Prod_Diagnostic_15.txt,25-11-601,TCU,0XE65B,RSSI,448,2026-05-03 02:01:00
Prod_Diagnostic_15.txt,25-11-601,TCU,0XE65B,GPS Status,12,2026-05-03 02:01:00
Prod_Diagnostic_15.txt,25-11-601,TCU,0XE65B,Network Type,644,2026-05-03 02:01:00
Prod_Diagnostic_15.txt,25-11-601,TCU,0XE65B,Speed,789,2026-05-03 02:01:00
Prod_Diagnostic_15.txt,25-11-601,TCU,0XE65B,Voltage,608,2026-05-03 02:01:00
Prod_Diagnostic_15.txt,25-11-601,TCU,0X171F,RSSI,761,2026-05-19 12:01:00
Prod_Diagnostic_15.txt,25-11-601,TCU,0X171F,GPS Status,752,2026-05-19 12:01:00
Prod_Diagnostic_15.txt,25-11-601,TCU,0X171F,Network Type,134,2026-05-19 12:01:00
Prod_Diagnostic_15.txt,25-11-601,TCU,0X171F,Speed,465,2026-05-19 12:01:00
Prod_Diagnostic_15.txt,25-11-601,TCU,0X171F,Voltage,650,2026-05-19 12:01:00
Prod_Diagnostic_15.txt,25-11-601,BMS,0X3FC2,SOC,252,2026-05-07 17:53:00
Prod_Diagnostic_15.txt,25-11-601,BMS,0X3FC2,SOH,744,2026-05-07 17:53:00
Prod_Diagnostic_15.txt,25-11-601,BMS,0X3FC2,HV Voltage,799,2026-05-07 17:53:00
Prod_Diagnostic_15.txt,25-11-601,BMS,0X3FC2,Cell Temp Max,827,2026-05-07 17:53:00
Prod_Diagnostic_15.txt,25-11-601,BMS,0X3FC2,Cell Temp Min,805,2026-05-07 17:53:00
Prod_Diagnostic_15.txt,25-11-601,BMS,0XD538,SOC,24,2026-05-03 04:40:00
Prod_Diagnostic_15.txt,25-11-601,BMS,0XD538,SOH,654,2026-05-03 04:40:00
Prod_Diagnostic_15.txt,25-11-601,BMS,0XD538,HV Voltage,594,2026-05-03 04:40:00
Prod_Diagnostic_15.txt,25-11-601,BMS,0XD538,Cell Temp Max,888,2026-05-03 04:40:00
Prod_Diagnostic_15.txt,25-11-601,BMS,0XD538,Cell Temp Min,106,2026-05-03 04:40:00
Prod_Diagnostic_15.txt,25-11-601,BMS,0X8589,SOC,185,2026-05-10 08:57:00
Prod_Diagnostic_15.txt,25-11-601,BMS,0X8589,SOH,96,2026-05-10 08:57:00
Prod_Diagnostic_15.txt,25-11-601,BMS,0X8589,HV Voltage,80,2026-05-10 08:57:00
Prod_Diagnostic_15.txt,25-11-601,BMS,0X8589,Cell Temp Max,507,2026-05-10 08:57:00
Prod_Diagnostic_15.txt,25-11-601,BMS,0X8589,Cell Temp Min,865,2026-05-10 08:57:00
Prod_Diagnostic_15.txt,25-11-601,BMS,0XF9A7,SOC,76,2026-05-26 00:26:00
Prod_Diagnostic_15.txt,25-11-601,BMS,0XF9A7,SOH,499,2026-05-26 00:26:00
Prod_Diagnostic_15.txt,25-11-601,BMS,0XF9A7,HV Voltage,983,2026-05-26 00:26:00
Prod_Diagnostic_15.txt,25-11-601,BMS,0XF9A7,Cell Temp Max,641,2026-05-26 00:26:00
Prod_Diagnostic_15.txt,25-11-601,BMS,0XF9A7,Cell Temp Min,79,2026-05-26 00:26:00
Prod_Diagnostic_15.txt,25-11-601,BMS,0XBFF5,SOC,306,2026-05-26 05:11:00
Prod_Diagnostic_15.txt,25-11-601,BMS,0XBFF5,SOH,11,2026-05-26 05:11:00
Prod_Diagnostic_15.txt,25-11-601,BMS,0XBFF5,HV Voltage,926,2026-05-26 05:11:00
Prod_Diagnostic_15.txt,25-11-601,BMS,0XBFF5,Cell Temp Max,183,2026-05-26 05:11:00
Prod_Diagnostic_15.txt,25-11-601,BMS,0XBFF5,Cell Temp Min,676,2026-05-26 05:11:00
Prod_Diagnostic_15.txt,25-11-601,SRS,0XB197,Vehicle Speed,615,2026-05-12 15:39:00
Prod_Diagnostic_15.txt,25-11-601,SRS,0XB197,Seat Occupancy,560,2026-05-12 15:39:00
Prod_Diagnostic_15.txt,25-11-601,SRS,0XB197,Crash Counter,6,2026-05-12 15:39:00
Prod_Diagnostic_15.txt,25-11-601,SRS,0XB197,Supply Voltage,163,2026-05-12 15:39:00
Prod_Diagnostic_15.txt,25-11-601,SRS,0XB197,Belt Status,535,2026-05-12 15:39:00
Prod_Diagnostic_15.txt,25-11-601,SRS,0XFD34,Vehicle Speed,525,2026-05-18 00:33:00
Prod_Diagnostic_15.txt,25-11-601,SRS,0XFD34,Seat Occupancy,780,2026-05-18 00:33:00
Prod_Diagnostic_15.txt,25-11-601,SRS,0XFD34,Crash Counter,157,2026-05-18 00:33:00
Prod_Diagnostic_15.txt,25-11-601,SRS,0XFD34,Supply Voltage,222,2026-05-18 00:33:00
Prod_Diagnostic_15.txt,25-11-601,SRS,0XFD34,Belt Status,888,2026-05-18 00:33:00
Prod_Diagnostic_15.txt,25-11-601,SRS,0X2D62,Vehicle Speed,709,2026-05-08 02:46:00
Prod_Diagnostic_15.txt,25-11-601,SRS,0X2D62,Seat Occupancy,963,2026-05-08 02:46:00
Prod_Diagnostic_15.txt,25-11-601,SRS,0X2D62,Crash Counter,130,2026-05-08 02:46:00
Prod_Diagnostic_15.txt,25-11-601,SRS,0X2D62,Supply Voltage,275,2026-05-08 02:46:00
Prod_Diagnostic_15.txt,25-11-601,SRS,0X2D62,Belt Status,281,2026-05-08 02:46:00
Prod_Diagnostic_15.txt,25-11-601,SRS,0X4301,Vehicle Speed,508,2026-05-15 23:51:00
Prod_Diagnostic_15.txt,25-11-601,SRS,0X4301,Seat Occupancy,447,2026-05-15 23:51:00
Prod_Diagnostic_15.txt,25-11-601,SRS,0X4301,Crash Counter,525,2026-05-15 23:51:00
Prod_Diagnostic_15.txt,25-11-601,SRS,0X4301,Supply Voltage,970,2026-05-15 23:51:00
Prod_Diagnostic_15.txt,25-11-601,SRS,0X4301,Belt Status,410,2026-05-15 23:51:00
Prod_Diagnostic_15.txt,25-11-601,SRS,0X5006,Vehicle Speed,785,2026-05-04 18:50:00
Prod_Diagnostic_15.txt,25-11-601,SRS,0X5006,Seat Occupancy,602,2026-05-04 18:50:00
Prod_Diagnostic_15.txt,25-11-601,SRS,0X5006,Crash Counter,320,2026-05-04 18:50:00
Prod_Diagnostic_15.txt,25-11-601,SRS,0X5006,Supply Voltage,170,2026-05-04 18:50:00
Prod_Diagnostic_15.txt,25-11-601,SRS,0X5006,Belt Status,814,2026-05-04 18:50:00
Prod_Diagnostic_16.txt,25-03-420,BMS,0XC01B,SOC,123,2026-05-05 18:29:00
Prod_Diagnostic_16.txt,25-03-420,BMS,0XC01B,SOH,130,2026-05-05 18:29:00
Prod_Diagnostic_16.txt,25-03-420,BMS,0XC01B,HV Voltage,327,2026-05-05 18:29:00
Prod_Diagnostic_16.txt,25-03-420,BMS,0XC01B,Cell Temp Max,883,2026-05-05 18:29:00
Prod_Diagnostic_16.txt,25-03-420,BMS,0XC01B,Cell Temp Min,152,2026-05-05 18:29:00
Prod_Diagnostic_16.txt,25-03-420,BMS,0XF346,SOC,592,2026-05-17 16:15:00
Prod_Diagnostic_16.txt,25-03-420,BMS,0XF346,SOH,490,2026-05-17 16:15:00
Prod_Diagnostic_16.txt,25-03-420,BMS,0XF346,HV Voltage,678,2026-05-17 16:15:00
Prod_Diagnostic_16.txt,25-03-420,BMS,0XF346,Cell Temp Max,502,2026-05-17 16:15:00
Prod_Diagnostic_16.txt,25-03-420,BMS,0XF346,Cell Temp Min,288,2026-05-17 16:15:00
Prod_Diagnostic_16.txt,25-03-420,BMS,0XD5CB,SOC,85,2026-05-09 09:45:00
Prod_Diagnostic_16.txt,25-03-420,BMS,0XD5CB,SOH,362,2026-05-09 09:45:00
Prod_Diagnostic_16.txt,25-03-420,BMS,0XD5CB,HV Voltage,572,2026-05-09 09:45:00
Prod_Diagnostic_16.txt,25-03-420,BMS,0XD5CB,Cell Temp Max,856,2026-05-09 09:45:00
Prod_Diagnostic_16.txt,25-03-420,BMS,0XD5CB,Cell Temp Min,894,2026-05-09 09:45:00
Prod_Diagnostic_16.txt,25-03-420,BMS,0XB8D3,SOC,218,2026-05-03 15:03:00
Prod_Diagnostic_16.txt,25-03-420,BMS,0XB8D3,SOH,14,2026-05-03 15:03:00
Prod_Diagnostic_16.txt,25-03-420,BMS,0XB8D3,HV Voltage,687,2026-05-03 15:03:00
Prod_Diagnostic_16.txt,25-03-420,BMS,0XB8D3,Cell Temp Max,222,2026-05-03 15:03:00
Prod_Diagnostic_16.txt,25-03-420,BMS,0XB8D3,Cell Temp Min,480,2026-05-03 15:03:00
Prod_Diagnostic_16.txt,25-03-420,BMS,0X401B,SOC,541,2026-05-27 18:48:00
Prod_Diagnostic_16.txt,25-03-420,BMS,0X401B,SOH,527,2026-05-27 18:48:00
Prod_Diagnostic_16.txt,25-03-420,BMS,0X401B,HV Voltage,880,2026-05-27 18:48:00
Prod_Diagnostic_16.txt,25-03-420,BMS,0X401B,Cell Temp Max,321,2026-05-27 18:48:00
Prod_Diagnostic_16.txt,25-03-420,BMS,0X401B,Cell Temp Min,779,2026-05-27 18:48:00
Prod_Diagnostic_16.txt,25-03-420,FCAM,0XC561,Lane Confidence,939,2026-05-04 04:14:00
Prod_Diagnostic_16.txt,25-03-420,FCAM,0XC561,Visibility,373,2026-05-04 04:14:00
Prod_Diagnostic_16.txt,25-03-420,FCAM,0XC561,Image Quality,395,2026-05-04 04:14:00
Prod_Diagnostic_16.txt,25-03-420,FCAM,0XC561,Speed,999,2026-05-04 04:14:00
Prod_Diagnostic_16.txt,25-03-420,FCAM,0XC561,Light Level,464,2026-05-04 04:14:00
Prod_Diagnostic_16.txt,25-03-420,FCAM,0X9372,Lane Confidence,169,2026-05-03 08:27:00
Prod_Diagnostic_16.txt,25-03-420,FCAM,0X9372,Visibility,703,2026-05-03 08:27:00
Prod_Diagnostic_16.txt,25-03-420,FCAM,0X9372,Image Quality,315,2026-05-03 08:27:00
Prod_Diagnostic_16.txt,25-03-420,FCAM,0X9372,Speed,975,2026-05-03 08:27:00
Prod_Diagnostic_16.txt,25-03-420,FCAM,0X9372,Light Level,891,2026-05-03 08:27:00
Prod_Diagnostic_16.txt,25-03-420,FCAM,0XB5FC,Lane Confidence,17,2026-05-24 03:15:00
Prod_Diagnostic_16.txt,25-03-420,FCAM,0XB5FC,Visibility,916,2026-05-24 03:15:00
Prod_Diagnostic_16.txt,25-03-420,FCAM,0XB5FC,Image Quality,472,2026-05-24 03:15:00
Prod_Diagnostic_16.txt,25-03-420,FCAM,0XB5FC,Speed,192,2026-05-24 03:15:00
Prod_Diagnostic_16.txt,25-03-420,FCAM,0XB5FC,Light Level,274,2026-05-24 03:15:00
Prod_Diagnostic_16.txt,25-03-420,FCAM,0X89EA,Lane Confidence,564,2026-05-09 03:59:00
Prod_Diagnostic_16.txt,25-03-420,FCAM,0X89EA,Visibility,87,2026-05-09 03:59:00
Prod_Diagnostic_16.txt,25-03-420,FCAM,0X89EA,Image Quality,363,2026-05-09 03:59:00
Prod_Diagnostic_16.txt,25-03-420,FCAM,0X89EA,Speed,442,2026-05-09 03:59:00
Prod_Diagnostic_16.txt,25-03-420,FCAM,0X89EA,Light Level,218,2026-05-09 03:59:00
Prod_Diagnostic_16.txt,25-03-420,FCAM,0X759D,Lane Confidence,379,2026-05-02 14:17:00
Prod_Diagnostic_16.txt,25-03-420,FCAM,0X759D,Visibility,101,2026-05-02 14:17:00
Prod_Diagnostic_16.txt,25-03-420,FCAM,0X759D,Image Quality,51,2026-05-02 14:17:00
Prod_Diagnostic_16.txt,25-03-420,FCAM,0X759D,Speed,665,2026-05-02 14:17:00
Prod_Diagnostic_16.txt,25-03-420,FCAM,0X759D,Light Level,392,2026-05-02 14:17:00
Prod_Diagnostic_16.txt,25-03-420,TCM,0X41A5,Gear,623,2026-05-20 08:33:00
Prod_Diagnostic_16.txt,25-03-420,TCM,0X41A5,Oil Temp,506,2026-05-20 08:33:00
Prod_Diagnostic_16.txt,25-03-420,TCM,0X41A5,Turbine Speed,532,2026-05-20 08:33:00
Prod_Diagnostic_16.txt,25-03-420,TCM,0X41A5,Clutch Pressure,444,2026-05-20 08:33:00
Prod_Diagnostic_16.txt,25-03-420,TCM,0X41A5,Output Speed,112,2026-05-20 08:33:00
Prod_Diagnostic_16.txt,25-03-420,TCM,0XB576,Gear,273,2026-05-02 01:36:00
Prod_Diagnostic_16.txt,25-03-420,TCM,0XB576,Oil Temp,245,2026-05-02 01:36:00
Prod_Diagnostic_16.txt,25-03-420,TCM,0XB576,Turbine Speed,68,2026-05-02 01:36:00
Prod_Diagnostic_16.txt,25-03-420,TCM,0XB576,Clutch Pressure,545,2026-05-02 01:36:00
Prod_Diagnostic_16.txt,25-03-420,TCM,0XB576,Output Speed,104,2026-05-02 01:36:00
Prod_Diagnostic_16.txt,25-03-420,TCM,0X49F9,Gear,752,2026-05-13 03:14:00
Prod_Diagnostic_16.txt,25-03-420,TCM,0X49F9,Oil Temp,844,2026-05-13 03:14:00
Prod_Diagnostic_16.txt,25-03-420,TCM,0X49F9,Turbine Speed,901,2026-05-13 03:14:00
Prod_Diagnostic_16.txt,25-03-420,TCM,0X49F9,Clutch Pressure,709,2026-05-13 03:14:00
Prod_Diagnostic_16.txt,25-03-420,TCM,0X49F9,Output Speed,275,2026-05-13 03:14:00
Prod_Diagnostic_16.txt,25-03-420,TCM,0X44A9,Gear,752,2026-05-23 19:18:00
Prod_Diagnostic_16.txt,25-03-420,TCM,0X44A9,Oil Temp,4,2026-05-23 19:18:00
Prod_Diagnostic_16.txt,25-03-420,TCM,0X44A9,Turbine Speed,97,2026-05-23 19:18:00
Prod_Diagnostic_16.txt,25-03-420,TCM,0X44A9,Clutch Pressure,190,2026-05-23 19:18:00
Prod_Diagnostic_16.txt,25-03-420,TCM,0X44A9,Output Speed,516,2026-05-23 19:18:00
Prod_Diagnostic_16.txt,25-03-420,TCM,0X8A0C,Gear,171,2026-05-11 21:04:00
Prod_Diagnostic_16.txt,25-03-420,TCM,0X8A0C,Oil Temp,192,2026-05-11 21:04:00
Prod_Diagnostic_16.txt,25-03-420,TCM,0X8A0C,Turbine Speed,341,2026-05-11 21:04:00
Prod_Diagnostic_16.txt,25-03-420,TCM,0X8A0C,Clutch Pressure,922,2026-05-11 21:04:00
Prod_Diagnostic_16.txt,25-03-420,TCM,0X8A0C,Output Speed,467,2026-05-11 21:04:00
Prod_Diagnostic_16.txt,25-03-420,SRS,0X1342,Vehicle Speed,903,2026-05-01 05:16:00
Prod_Diagnostic_16.txt,25-03-420,SRS,0X1342,Seat Occupancy,79,2026-05-01 05:16:00
Prod_Diagnostic_16.txt,25-03-420,SRS,0X1342,Crash Counter,175,2026-05-01 05:16:00
Prod_Diagnostic_16.txt,25-03-420,SRS,0X1342,Supply Voltage,696,2026-05-01 05:16:00
Prod_Diagnostic_16.txt,25-03-420,SRS,0X1342,Belt Status,779,2026-05-01 05:16:00
Prod_Diagnostic_16.txt,25-03-420,SRS,0XA810,Vehicle Speed,113,2026-05-16 07:30:00
Prod_Diagnostic_16.txt,25-03-420,SRS,0XA810,Seat Occupancy,47,2026-05-16 07:30:00
Prod_Diagnostic_16.txt,25-03-420,SRS,0XA810,Crash Counter,839,2026-05-16 07:30:00
Prod_Diagnostic_16.txt,25-03-420,SRS,0XA810,Supply Voltage,18,2026-05-16 07:30:00
Prod_Diagnostic_16.txt,25-03-420,SRS,0XA810,Belt Status,581,2026-05-16 07:30:00
Prod_Diagnostic_16.txt,25-03-420,SRS,0XE5DA,Vehicle Speed,97,2026-05-25 04:49:00
Prod_Diagnostic_16.txt,25-03-420,SRS,0XE5DA,Seat Occupancy,103,2026-05-25 04:49:00
Prod_Diagnostic_16.txt,25-03-420,SRS,0XE5DA,Crash Counter,312,2026-05-25 04:49:00
Prod_Diagnostic_16.txt,25-03-420,SRS,0XE5DA,Supply Voltage,824,2026-05-25 04:49:00
Prod_Diagnostic_16.txt,25-03-420,SRS,0XE5DA,Belt Status,754,2026-05-25 04:49:00
Prod_Diagnostic_16.txt,25-03-420,SRS,0X83DE,Vehicle Speed,260,2026-05-09 21:31:00
Prod_Diagnostic_16.txt,25-03-420,SRS,0X83DE,Seat Occupancy,374,2026-05-09 21:31:00
Prod_Diagnostic_16.txt,25-03-420,SRS,0X83DE,Crash Counter,470,2026-05-09 21:31:00
Prod_Diagnostic_16.txt,25-03-420,SRS,0X83DE,Supply Voltage,14,2026-05-09 21:31:00
Prod_Diagnostic_16.txt,25-03-420,SRS,0X83DE,Belt Status,848,2026-05-09 21:31:00
Prod_Diagnostic_16.txt,25-03-420,SRS,0X5D17,Vehicle Speed,703,2026-05-16 03:17:00
Prod_Diagnostic_16.txt,25-03-420,SRS,0X5D17,Seat Occupancy,532,2026-05-16 03:17:00
Prod_Diagnostic_16.txt,25-03-420,SRS,0X5D17,Crash Counter,746,2026-05-16 03:17:00
Prod_Diagnostic_16.txt,25-03-420,SRS,0X5D17,Supply Voltage,656,2026-05-16 03:17:00
Prod_Diagnostic_16.txt,25-03-420,SRS,0X5D17,Belt Status,22,2026-05-16 03:17:00
Prod_Diagnostic_16.txt,25-03-420,ABS,0X790A,Wheel FL,592,2026-05-16 00:15:00
Prod_Diagnostic_16.txt,25-03-420,ABS,0X790A,Wheel FR,759,2026-05-16 00:15:00
Prod_Diagnostic_16.txt,25-03-420,ABS,0X790A,Brake Pressure,713,2026-05-16 00:15:00
Prod_Diagnostic_16.txt,25-03-420,ABS,0X790A,Yaw Rate,997,2026-05-16 00:15:00
Prod_Diagnostic_16.txt,25-03-420,ABS,0X790A,Vehicle Speed,442,2026-05-16 00:15:00
Prod_Diagnostic_16.txt,25-03-420,ABS,0X44D0,Wheel FL,899,2026-05-21 03:17:00
Prod_Diagnostic_16.txt,25-03-420,ABS,0X44D0,Wheel FR,642,2026-05-21 03:17:00
Prod_Diagnostic_16.txt,25-03-420,ABS,0X44D0,Brake Pressure,696,2026-05-21 03:17:00
Prod_Diagnostic_16.txt,25-03-420,ABS,0X44D0,Yaw Rate,558,2026-05-21 03:17:00
Prod_Diagnostic_16.txt,25-03-420,ABS,0X44D0,Vehicle Speed,921,2026-05-21 03:17:00
Prod_Diagnostic_16.txt,25-03-420,ABS,0XF047,Wheel FL,428,2026-05-11 12:37:00
Prod_Diagnostic_16.txt,25-03-420,ABS,0XF047,Wheel FR,968,2026-05-11 12:37:00
Prod_Diagnostic_16.txt,25-03-420,ABS,0XF047,Brake Pressure,283,2026-05-11 12:37:00
Prod_Diagnostic_16.txt,25-03-420,ABS,0XF047,Yaw Rate,317,2026-05-11 12:37:00
Prod_Diagnostic_16.txt,25-03-420,ABS,0XF047,Vehicle Speed,196,2026-05-11 12:37:00
Prod_Diagnostic_16.txt,25-03-420,ABS,0XA45B,Wheel FL,466,2026-05-04 13:50:00
Prod_Diagnostic_16.txt,25-03-420,ABS,0XA45B,Wheel FR,581,2026-05-04 13:50:00
Prod_Diagnostic_16.txt,25-03-420,ABS,0XA45B,Brake Pressure,992,2026-05-04 13:50:00
Prod_Diagnostic_16.txt,25-03-420,ABS,0XA45B,Yaw Rate,812,2026-05-04 13:50:00
Prod_Diagnostic_16.txt,25-03-420,ABS,0XA45B,Vehicle Speed,812,2026-05-04 13:50:00
Prod_Diagnostic_16.txt,25-03-420,ABS,0X59D5,Wheel FL,536,2026-05-15 21:09:00
Prod_Diagnostic_16.txt,25-03-420,ABS,0X59D5,Wheel FR,990,2026-05-15 21:09:00
Prod_Diagnostic_16.txt,25-03-420,ABS,0X59D5,Brake Pressure,297,2026-05-15 21:09:00
Prod_Diagnostic_16.txt,25-03-420,ABS,0X59D5,Yaw Rate,639,2026-05-15 21:09:00
Prod_Diagnostic_16.txt,25-03-420,ABS,0X59D5,Vehicle Speed,572,2026-05-15 21:09:00
Prod_Diagnostic_16.txt,25-03-420,ECM,0X5DBB,RPM,223,2026-05-01 14:02:00
Prod_Diagnostic_16.txt,25-03-420,ECM,0X5DBB,Coolant Temp,290,2026-05-01 14:02:00
Prod_Diagnostic_16.txt,25-03-420,ECM,0X5DBB,Fuel Pressure,846,2026-05-01 14:02:00
Prod_Diagnostic_16.txt,25-03-420,ECM,0X5DBB,Boost Pressure,608,2026-05-01 14:02:00
Prod_Diagnostic_16.txt,25-03-420,ECM,0X5DBB,Engine Load,127,2026-05-01 14:02:00
Prod_Diagnostic_16.txt,25-03-420,ECM,0X8D05,RPM,258,2026-05-22 00:03:00
Prod_Diagnostic_16.txt,25-03-420,ECM,0X8D05,Coolant Temp,142,2026-05-22 00:03:00
Prod_Diagnostic_16.txt,25-03-420,ECM,0X8D05,Fuel Pressure,359,2026-05-22 00:03:00
Prod_Diagnostic_16.txt,25-03-420,ECM,0X8D05,Boost Pressure,900,2026-05-22 00:03:00
Prod_Diagnostic_16.txt,25-03-420,ECM,0X8D05,Engine Load,291,2026-05-22 00:03:00
Prod_Diagnostic_16.txt,25-03-420,ECM,0XBA52,RPM,443,2026-05-05 23:12:00
Prod_Diagnostic_16.txt,25-03-420,ECM,0XBA52,Coolant Temp,600,2026-05-05 23:12:00
Prod_Diagnostic_16.txt,25-03-420,ECM,0XBA52,Fuel Pressure,941,2026-05-05 23:12:00
Prod_Diagnostic_16.txt,25-03-420,ECM,0XBA52,Boost Pressure,83,2026-05-05 23:12:00
Prod_Diagnostic_16.txt,25-03-420,ECM,0XBA52,Engine Load,298,2026-05-05 23:12:00
Prod_Diagnostic_16.txt,25-03-420,ECM,0X183A,RPM,101,2026-05-14 12:57:00
Prod_Diagnostic_16.txt,25-03-420,ECM,0X183A,Coolant Temp,915,2026-05-14 12:57:00
Prod_Diagnostic_16.txt,25-03-420,ECM,0X183A,Fuel Pressure,268,2026-05-14 12:57:00
Prod_Diagnostic_16.txt,25-03-420,ECM,0X183A,Boost Pressure,943,2026-05-14 12:57:00
Prod_Diagnostic_16.txt,25-03-420,ECM,0X183A,Engine Load,310,2026-05-14 12:57:00
Prod_Diagnostic_16.txt,25-03-420,ECM,0X5F8C,RPM,700,2026-05-26 18:08:00
Prod_Diagnostic_16.txt,25-03-420,ECM,0X5F8C,Coolant Temp,787,2026-05-26 18:08:00
Prod_Diagnostic_16.txt,25-03-420,ECM,0X5F8C,Fuel Pressure,205,2026-05-26 18:08:00
Prod_Diagnostic_16.txt,25-03-420,ECM,0X5F8C,Boost Pressure,257,2026-05-26 18:08:00
Prod_Diagnostic_16.txt,25-03-420,ECM,0X5F8C,Engine Load,139,2026-05-26 18:08:00
Prod_Diagnostic_16.txt,25-03-420,EPS,0X9DE5,Steering Angle,644,2026-05-10 18:59:00
Prod_Diagnostic_16.txt,25-03-420,EPS,0X9DE5,Driver Torque,473,2026-05-10 18:59:00
Prod_Diagnostic_16.txt,25-03-420,EPS,0X9DE5,Motor Current,559,2026-05-10 18:59:00
Prod_Diagnostic_16.txt,25-03-420,EPS,0X9DE5,Supply Voltage,188,2026-05-10 18:59:00
Prod_Diagnostic_16.txt,25-03-420,EPS,0X9DE5,Speed,385,2026-05-10 18:59:00
Prod_Diagnostic_16.txt,25-03-420,EPS,0X2896,Steering Angle,367,2026-05-17 21:45:00
Prod_Diagnostic_16.txt,25-03-420,EPS,0X2896,Driver Torque,480,2026-05-17 21:45:00
Prod_Diagnostic_16.txt,25-03-420,EPS,0X2896,Motor Current,363,2026-05-17 21:45:00
Prod_Diagnostic_16.txt,25-03-420,EPS,0X2896,Supply Voltage,438,2026-05-17 21:45:00
Prod_Diagnostic_16.txt,25-03-420,EPS,0X2896,Speed,478,2026-05-17 21:45:00
Prod_Diagnostic_16.txt,25-03-420,EPS,0X7906,Steering Angle,774,2026-05-25 13:05:00
Prod_Diagnostic_16.txt,25-03-420,EPS,0X7906,Driver Torque,144,2026-05-25 13:05:00
Prod_Diagnostic_16.txt,25-03-420,EPS,0X7906,Motor Current,630,2026-05-25 13:05:00
Prod_Diagnostic_16.txt,25-03-420,EPS,0X7906,Supply Voltage,929,2026-05-25 13:05:00
Prod_Diagnostic_16.txt,25-03-420,EPS,0X7906,Speed,310,2026-05-25 13:05:00
Prod_Diagnostic_16.txt,25-03-420,EPS,0XA490,Steering Angle,301,2026-05-18 18:56:00
Prod_Diagnostic_16.txt,25-03-420,EPS,0XA490,Driver Torque,55,2026-05-18 18:56:00
Prod_Diagnostic_16.txt,25-03-420,EPS,0XA490,Motor Current,774,2026-05-18 18:56:00
Prod_Diagnostic_16.txt,25-03-420,EPS,0XA490,Supply Voltage,866,2026-05-18 18:56:00
Prod_Diagnostic_16.txt,25-03-420,EPS,0XA490,Speed,403,2026-05-18 18:56:00
Prod_Diagnostic_16.txt,25-03-420,EPS,0X7727,Steering Angle,57,2026-05-15 01:05:00
Prod_Diagnostic_16.txt,25-03-420,EPS,0X7727,Driver Torque,277,2026-05-15 01:05:00
Prod_Diagnostic_16.txt,25-03-420,EPS,0X7727,Motor Current,850,2026-05-15 01:05:00
Prod_Diagnostic_16.txt,25-03-420,EPS,0X7727,Supply Voltage,666,2026-05-15 01:05:00
Prod_Diagnostic_16.txt,25-03-420,EPS,0X7727,Speed,110,2026-05-15 01:05:00
Prod_Diagnostic_16.txt,25-03-420,ADAS,0XA826,CPU Load,63,2026-05-23 10:55:00
Prod_Diagnostic_16.txt,25-03-420,ADAS,0XA826,Lane State,125,2026-05-23 10:55:00
Prod_Diagnostic_16.txt,25-03-420,ADAS,0XA826,Object Count,759,2026-05-23 10:55:00
Prod_Diagnostic_16.txt,25-03-420,ADAS,0XA826,Voltage,599,2026-05-23 10:55:00
Prod_Diagnostic_16.txt,25-03-420,ADAS,0XA826,Speed,691,2026-05-23 10:55:00
Prod_Diagnostic_16.txt,25-03-420,ADAS,0XCD46,CPU Load,991,2026-05-05 17:47:00
Prod_Diagnostic_16.txt,25-03-420,ADAS,0XCD46,Lane State,508,2026-05-05 17:47:00
Prod_Diagnostic_16.txt,25-03-420,ADAS,0XCD46,Object Count,140,2026-05-05 17:47:00
Prod_Diagnostic_16.txt,25-03-420,ADAS,0XCD46,Voltage,229,2026-05-05 17:47:00
Prod_Diagnostic_16.txt,25-03-420,ADAS,0XCD46,Speed,917,2026-05-05 17:47:00
Prod_Diagnostic_16.txt,25-03-420,ADAS,0X5D07,CPU Load,118,2026-05-20 22:12:00
Prod_Diagnostic_16.txt,25-03-420,ADAS,0X5D07,Lane State,69,2026-05-20 22:12:00
Prod_Diagnostic_16.txt,25-03-420,ADAS,0X5D07,Object Count,1,2026-05-20 22:12:00
Prod_Diagnostic_16.txt,25-03-420,ADAS,0X5D07,Voltage,157,2026-05-20 22:12:00
Prod_Diagnostic_16.txt,25-03-420,ADAS,0X5D07,Speed,619,2026-05-20 22:12:00
Prod_Diagnostic_16.txt,25-03-420,ADAS,0X9513,CPU Load,518,2026-05-16 00:53:00
Prod_Diagnostic_16.txt,25-03-420,ADAS,0X9513,Lane State,455,2026-05-16 00:53:00
Prod_Diagnostic_16.txt,25-03-420,ADAS,0X9513,Object Count,401,2026-05-16 00:53:00
Prod_Diagnostic_16.txt,25-03-420,ADAS,0X9513,Voltage,57,2026-05-16 00:53:00
Prod_Diagnostic_16.txt,25-03-420,ADAS,0X9513,Speed,949,2026-05-16 00:53:00
Prod_Diagnostic_16.txt,25-03-420,ADAS,0X5CC7,CPU Load,842,2026-05-27 17:16:00
Prod_Diagnostic_16.txt,25-03-420,ADAS,0X5CC7,Lane State,628,2026-05-27 17:16:00
Prod_Diagnostic_16.txt,25-03-420,ADAS,0X5CC7,Object Count,698,2026-05-27 17:16:00
Prod_Diagnostic_16.txt,25-03-420,ADAS,0X5CC7,Voltage,450,2026-05-27 17:16:00
Prod_Diagnostic_16.txt,25-03-420,ADAS,0X5CC7,Speed,880,2026-05-27 17:16:00
Prod_Diagnostic_16.txt,25-03-420,BCM,0X2F89,Battery Voltage,763,2026-05-06 04:52:00
Prod_Diagnostic_16.txt,25-03-420,BCM,0X2F89,Door Status,674,2026-05-06 04:52:00
Prod_Diagnostic_16.txt,25-03-420,BCM,0X2F89,Lock State,247,2026-05-06 04:52:00
Prod_Diagnostic_16.txt,25-03-420,BCM,0X2F89,Ignition,175,2026-05-06 04:52:00
Prod_Diagnostic_16.txt,25-03-420,BCM,0X2F89,Window Pos,524,2026-05-06 04:52:00
Prod_Diagnostic_16.txt,25-03-420,BCM,0X434A,Battery Voltage,505,2026-05-22 03:37:00
Prod_Diagnostic_16.txt,25-03-420,BCM,0X434A,Door Status,377,2026-05-22 03:37:00
Prod_Diagnostic_16.txt,25-03-420,BCM,0X434A,Lock State,684,2026-05-22 03:37:00
Prod_Diagnostic_16.txt,25-03-420,BCM,0X434A,Ignition,282,2026-05-22 03:37:00
Prod_Diagnostic_16.txt,25-03-420,BCM,0X434A,Window Pos,401,2026-05-22 03:37:00
Prod_Diagnostic_16.txt,25-03-420,BCM,0XC299,Battery Voltage,469,2026-05-05 00:18:00
Prod_Diagnostic_16.txt,25-03-420,BCM,0XC299,Door Status,124,2026-05-05 00:18:00
Prod_Diagnostic_16.txt,25-03-420,BCM,0XC299,Lock State,578,2026-05-05 00:18:00
Prod_Diagnostic_16.txt,25-03-420,BCM,0XC299,Ignition,399,2026-05-05 00:18:00
Prod_Diagnostic_16.txt,25-03-420,BCM,0XC299,Window Pos,12,2026-05-05 00:18:00
Prod_Diagnostic_16.txt,25-03-420,BCM,0X5D81,Battery Voltage,929,2026-05-15 01:58:00
Prod_Diagnostic_16.txt,25-03-420,BCM,0X5D81,Door Status,364,2026-05-15 01:58:00
Prod_Diagnostic_16.txt,25-03-420,BCM,0X5D81,Lock State,986,2026-05-15 01:58:00
Prod_Diagnostic_16.txt,25-03-420,BCM,0X5D81,Ignition,143,2026-05-15 01:58:00
Prod_Diagnostic_16.txt,25-03-420,BCM,0X5D81,Window Pos,480,2026-05-15 01:58:00
Prod_Diagnostic_16.txt,25-03-420,BCM,0X56E3,Battery Voltage,358,2026-05-28 16:13:00
Prod_Diagnostic_16.txt,25-03-420,BCM,0X56E3,Door Status,925,2026-05-28 16:13:00
Prod_Diagnostic_16.txt,25-03-420,BCM,0X56E3,Lock State,724,2026-05-28 16:13:00
Prod_Diagnostic_16.txt,25-03-420,BCM,0X56E3,Ignition,538,2026-05-28 16:13:00
Prod_Diagnostic_16.txt,25-03-420,BCM,0X56E3,Window Pos,400,2026-05-28 16:13:00
Prod_Diagnostic_16.txt,25-03-420,GW,0X2011,CAN Load,348,2026-05-21 23:36:00
Prod_Diagnostic_16.txt,25-03-420,GW,0X2011,Eth Status,471,2026-05-21 23:36:00
Prod_Diagnostic_16.txt,25-03-420,GW,0X2011,Voltage,733,2026-05-21 23:36:00
Prod_Diagnostic_16.txt,25-03-420,GW,0X2011,Bus Errors,880,2026-05-21 23:36:00
Prod_Diagnostic_16.txt,25-03-420,GW,0X2011,Ignition,806,2026-05-21 23:36:00
Prod_Diagnostic_16.txt,25-03-420,GW,0X5741,CAN Load,386,2026-05-27 20:30:00
Prod_Diagnostic_16.txt,25-03-420,GW,0X5741,Eth Status,986,2026-05-27 20:30:00
Prod_Diagnostic_16.txt,25-03-420,GW,0X5741,Voltage,484,2026-05-27 20:30:00
Prod_Diagnostic_16.txt,25-03-420,GW,0X5741,Bus Errors,621,2026-05-27 20:30:00
Prod_Diagnostic_16.txt,25-03-420,GW,0X5741,Ignition,675,2026-05-27 20:30:00
Prod_Diagnostic_16.txt,25-03-420,GW,0XA377,CAN Load,603,2026-05-05 22:20:00
Prod_Diagnostic_16.txt,25-03-420,GW,0XA377,Eth Status,979,2026-05-05 22:20:00
Prod_Diagnostic_16.txt,25-03-420,GW,0XA377,Voltage,595,2026-05-05 22:20:00
Prod_Diagnostic_16.txt,25-03-420,GW,0XA377,Bus Errors,357,2026-05-05 22:20:00
Prod_Diagnostic_16.txt,25-03-420,GW,0XA377,Ignition,599,2026-05-05 22:20:00
Prod_Diagnostic_16.txt,25-03-420,GW,0XE473,CAN Load,238,2026-05-28 23:10:00
Prod_Diagnostic_16.txt,25-03-420,GW,0XE473,Eth Status,99,2026-05-28 23:10:00
Prod_Diagnostic_16.txt,25-03-420,GW,0XE473,Voltage,682,2026-05-28 23:10:00
Prod_Diagnostic_16.txt,25-03-420,GW,0XE473,Bus Errors,109,2026-05-28 23:10:00
Prod_Diagnostic_16.txt,25-03-420,GW,0XE473,Ignition,512,2026-05-28 23:10:00
Prod_Diagnostic_16.txt,25-03-420,GW,0X62DB,CAN Load,394,2026-05-06 23:57:00
Prod_Diagnostic_16.txt,25-03-420,GW,0X62DB,Eth Status,774,2026-05-06 23:57:00
Prod_Diagnostic_16.txt,25-03-420,GW,0X62DB,Voltage,997,2026-05-06 23:57:00
Prod_Diagnostic_16.txt,25-03-420,GW,0X62DB,Bus Errors,431,2026-05-06 23:57:00
Prod_Diagnostic_16.txt,25-03-420,GW,0X62DB,Ignition,945,2026-05-06 23:57:00
Prod_Diagnostic_16.txt,25-03-420,HVAC,0X1FDA,Cabin Temp,453,2026-05-28 23:04:00
Prod_Diagnostic_16.txt,25-03-420,HVAC,0X1FDA,Blower Speed,782,2026-05-28 23:04:00
Prod_Diagnostic_16.txt,25-03-420,HVAC,0X1FDA,Evap Temp,384,2026-05-28 23:04:00
Prod_Diagnostic_16.txt,25-03-420,HVAC,0X1FDA,Ambient Temp,622,2026-05-28 23:04:00
Prod_Diagnostic_16.txt,25-03-420,HVAC,0X1FDA,AC Pressure,647,2026-05-28 23:04:00
Prod_Diagnostic_16.txt,25-03-420,HVAC,0XFC6D,Cabin Temp,588,2026-05-13 04:40:00
Prod_Diagnostic_16.txt,25-03-420,HVAC,0XFC6D,Blower Speed,570,2026-05-13 04:40:00
Prod_Diagnostic_16.txt,25-03-420,HVAC,0XFC6D,Evap Temp,205,2026-05-13 04:40:00
Prod_Diagnostic_16.txt,25-03-420,HVAC,0XFC6D,Ambient Temp,201,2026-05-13 04:40:00
Prod_Diagnostic_16.txt,25-03-420,HVAC,0XFC6D,AC Pressure,259,2026-05-13 04:40:00
Prod_Diagnostic_16.txt,25-03-420,HVAC,0X8000,Cabin Temp,834,2026-05-24 05:27:00
Prod_Diagnostic_16.txt,25-03-420,HVAC,0X8000,Blower Speed,542,2026-05-24 05:27:00
Prod_Diagnostic_16.txt,25-03-420,HVAC,0X8000,Evap Temp,829,2026-05-24 05:27:00
Prod_Diagnostic_16.txt,25-03-420,HVAC,0X8000,Ambient Temp,809,2026-05-24 05:27:00
Prod_Diagnostic_16.txt,25-03-420,HVAC,0X8000,AC Pressure,197,2026-05-24 05:27:00
Prod_Diagnostic_16.txt,25-03-420,HVAC,0XA505,Cabin Temp,6,2026-05-02 04:57:00
Prod_Diagnostic_16.txt,25-03-420,HVAC,0XA505,Blower Speed,369,2026-05-02 04:57:00
Prod_Diagnostic_16.txt,25-03-420,HVAC,0XA505,Evap Temp,793,2026-05-02 04:57:00
Prod_Diagnostic_16.txt,25-03-420,HVAC,0XA505,Ambient Temp,418,2026-05-02 04:57:00
Prod_Diagnostic_16.txt,25-03-420,HVAC,0XA505,AC Pressure,582,2026-05-02 04:57:00
Prod_Diagnostic_16.txt,25-03-420,HVAC,0XED4F,Cabin Temp,213,2026-05-16 06:53:00
Prod_Diagnostic_16.txt,25-03-420,HVAC,0XED4F,Blower Speed,585,2026-05-16 06:53:00
Prod_Diagnostic_16.txt,25-03-420,HVAC,0XED4F,Evap Temp,848,2026-05-16 06:53:00
Prod_Diagnostic_16.txt,25-03-420,HVAC,0XED4F,Ambient Temp,486,2026-05-16 06:53:00
Prod_Diagnostic_16.txt,25-03-420,HVAC,0XED4F,AC Pressure,513,2026-05-16 06:53:00
Prod_Diagnostic_16.txt,25-03-420,RADAR,0X6B42,Target Distance,386,2026-05-15 13:40:00
Prod_Diagnostic_16.txt,25-03-420,RADAR,0X6B42,Relative Speed,895,2026-05-15 13:40:00
Prod_Diagnostic_16.txt,25-03-420,RADAR,0X6B42,Object Count,73,2026-05-15 13:40:00
Prod_Diagnostic_16.txt,25-03-420,RADAR,0X6B42,Speed,583,2026-05-15 13:40:00
Prod_Diagnostic_16.txt,25-03-420,RADAR,0X6B42,Temperature,81,2026-05-15 13:40:00
Prod_Diagnostic_16.txt,25-03-420,RADAR,0XD84A,Target Distance,616,2026-05-16 07:03:00
Prod_Diagnostic_16.txt,25-03-420,RADAR,0XD84A,Relative Speed,554,2026-05-16 07:03:00
Prod_Diagnostic_16.txt,25-03-420,RADAR,0XD84A,Object Count,339,2026-05-16 07:03:00
Prod_Diagnostic_16.txt,25-03-420,RADAR,0XD84A,Speed,24,2026-05-16 07:03:00
Prod_Diagnostic_16.txt,25-03-420,RADAR,0XD84A,Temperature,230,2026-05-16 07:03:00
Prod_Diagnostic_16.txt,25-03-420,RADAR,0XFC1A,Target Distance,77,2026-05-28 05:18:00
Prod_Diagnostic_16.txt,25-03-420,RADAR,0XFC1A,Relative Speed,548,2026-05-28 05:18:00
Prod_Diagnostic_16.txt,25-03-420,RADAR,0XFC1A,Object Count,590,2026-05-28 05:18:00
Prod_Diagnostic_16.txt,25-03-420,RADAR,0XFC1A,Speed,248,2026-05-28 05:18:00
Prod_Diagnostic_16.txt,25-03-420,RADAR,0XFC1A,Temperature,874,2026-05-28 05:18:00
Prod_Diagnostic_16.txt,25-03-420,RADAR,0XFE8B,Target Distance,715,2026-05-20 01:34:00
Prod_Diagnostic_16.txt,25-03-420,RADAR,0XFE8B,Relative Speed,914,2026-05-20 01:34:00
Prod_Diagnostic_16.txt,25-03-420,RADAR,0XFE8B,Object Count,114,2026-05-20 01:34:00
Prod_Diagnostic_16.txt,25-03-420,RADAR,0XFE8B,Speed,597,2026-05-20 01:34:00
Prod_Diagnostic_16.txt,25-03-420,RADAR,0XFE8B,Temperature,483,2026-05-20 01:34:00
Prod_Diagnostic_16.txt,25-03-420,RADAR,0XB73A,Target Distance,910,2026-05-09 06:21:00
Prod_Diagnostic_16.txt,25-03-420,RADAR,0XB73A,Relative Speed,784,2026-05-09 06:21:00
Prod_Diagnostic_16.txt,25-03-420,RADAR,0XB73A,Object Count,61,2026-05-09 06:21:00
Prod_Diagnostic_16.txt,25-03-420,RADAR,0XB73A,Speed,143,2026-05-09 06:21:00
Prod_Diagnostic_16.txt,25-03-420,RADAR,0XB73A,Temperature,210,2026-05-09 06:21:00
Prod_Diagnostic_17.txt,26-07-540,ABS,0XEAC5,Wheel FL,455,2026-05-28 12:24:00
Prod_Diagnostic_17.txt,26-07-540,ABS,0XEAC5,Wheel FR,46,2026-05-28 12:24:00
Prod_Diagnostic_17.txt,26-07-540,ABS,0XEAC5,Brake Pressure,230,2026-05-28 12:24:00
Prod_Diagnostic_17.txt,26-07-540,ABS,0XEAC5,Yaw Rate,211,2026-05-28 12:24:00
Prod_Diagnostic_17.txt,26-07-540,ABS,0XEAC5,Vehicle Speed,389,2026-05-28 12:24:00
Prod_Diagnostic_17.txt,26-07-540,ABS,0XB8F0,Wheel FL,357,2026-05-02 17:48:00
Prod_Diagnostic_17.txt,26-07-540,ABS,0XB8F0,Wheel FR,960,2026-05-02 17:48:00
Prod_Diagnostic_17.txt,26-07-540,ABS,0XB8F0,Brake Pressure,27,2026-05-02 17:48:00
Prod_Diagnostic_17.txt,26-07-540,ABS,0XB8F0,Yaw Rate,932,2026-05-02 17:48:00
Prod_Diagnostic_17.txt,26-07-540,ABS,0XB8F0,Vehicle Speed,624,2026-05-02 17:48:00
Prod_Diagnostic_17.txt,26-07-540,ABS,0XFC35,Wheel FL,744,2026-05-25 00:21:00
Prod_Diagnostic_17.txt,26-07-540,ABS,0XFC35,Wheel FR,850,2026-05-25 00:21:00
Prod_Diagnostic_17.txt,26-07-540,ABS,0XFC35,Brake Pressure,637,2026-05-25 00:21:00
Prod_Diagnostic_17.txt,26-07-540,ABS,0XFC35,Yaw Rate,445,2026-05-25 00:21:00
Prod_Diagnostic_17.txt,26-07-540,ABS,0XFC35,Vehicle Speed,887,2026-05-25 00:21:00
Prod_Diagnostic_17.txt,26-07-540,ABS,0XD859,Wheel FL,955,2026-05-18 12:46:00
Prod_Diagnostic_17.txt,26-07-540,ABS,0XD859,Wheel FR,695,2026-05-18 12:46:00
Prod_Diagnostic_17.txt,26-07-540,ABS,0XD859,Brake Pressure,295,2026-05-18 12:46:00
Prod_Diagnostic_17.txt,26-07-540,ABS,0XD859,Yaw Rate,880,2026-05-18 12:46:00
Prod_Diagnostic_17.txt,26-07-540,ABS,0XD859,Vehicle Speed,961,2026-05-18 12:46:00
Prod_Diagnostic_17.txt,26-07-540,ABS,0X86A8,Wheel FL,479,2026-05-09 05:24:00
Prod_Diagnostic_17.txt,26-07-540,ABS,0X86A8,Wheel FR,764,2026-05-09 05:24:00
Prod_Diagnostic_17.txt,26-07-540,ABS,0X86A8,Brake Pressure,947,2026-05-09 05:24:00
Prod_Diagnostic_17.txt,26-07-540,ABS,0X86A8,Yaw Rate,244,2026-05-09 05:24:00
Prod_Diagnostic_17.txt,26-07-540,ABS,0X86A8,Vehicle Speed,136,2026-05-09 05:24:00
Prod_Diagnostic_17.txt,26-07-540,EPS,0X57DB,Steering Angle,346,2026-05-25 17:18:00
Prod_Diagnostic_17.txt,26-07-540,EPS,0X57DB,Driver Torque,585,2026-05-25 17:18:00
Prod_Diagnostic_17.txt,26-07-540,EPS,0X57DB,Motor Current,405,2026-05-25 17:18:00
Prod_Diagnostic_17.txt,26-07-540,EPS,0X57DB,Supply Voltage,40,2026-05-25 17:18:00
Prod_Diagnostic_17.txt,26-07-540,EPS,0X57DB,Speed,631,2026-05-25 17:18:00
Prod_Diagnostic_17.txt,26-07-540,EPS,0X6C98,Steering Angle,583,2026-05-01 03:19:00
Prod_Diagnostic_17.txt,26-07-540,EPS,0X6C98,Driver Torque,677,2026-05-01 03:19:00
Prod_Diagnostic_17.txt,26-07-540,EPS,0X6C98,Motor Current,329,2026-05-01 03:19:00
Prod_Diagnostic_17.txt,26-07-540,EPS,0X6C98,Supply Voltage,857,2026-05-01 03:19:00
Prod_Diagnostic_17.txt,26-07-540,EPS,0X6C98,Speed,271,2026-05-01 03:19:00
Prod_Diagnostic_17.txt,26-07-540,EPS,0X819D,Steering Angle,492,2026-05-15 01:22:00
Prod_Diagnostic_17.txt,26-07-540,EPS,0X819D,Driver Torque,654,2026-05-15 01:22:00
Prod_Diagnostic_17.txt,26-07-540,EPS,0X819D,Motor Current,865,2026-05-15 01:22:00
Prod_Diagnostic_17.txt,26-07-540,EPS,0X819D,Supply Voltage,570,2026-05-15 01:22:00
Prod_Diagnostic_17.txt,26-07-540,EPS,0X819D,Speed,224,2026-05-15 01:22:00
Prod_Diagnostic_17.txt,26-07-540,EPS,0X1EFF,Steering Angle,452,2026-05-18 10:04:00
Prod_Diagnostic_17.txt,26-07-540,EPS,0X1EFF,Driver Torque,185,2026-05-18 10:04:00
Prod_Diagnostic_17.txt,26-07-540,EPS,0X1EFF,Motor Current,265,2026-05-18 10:04:00
Prod_Diagnostic_17.txt,26-07-540,EPS,0X1EFF,Supply Voltage,785,2026-05-18 10:04:00
Prod_Diagnostic_17.txt,26-07-540,EPS,0X1EFF,Speed,806,2026-05-18 10:04:00
Prod_Diagnostic_17.txt,26-07-540,EPS,0X5271,Steering Angle,51,2026-05-05 19:41:00
Prod_Diagnostic_17.txt,26-07-540,EPS,0X5271,Driver Torque,239,2026-05-05 19:41:00
Prod_Diagnostic_17.txt,26-07-540,EPS,0X5271,Motor Current,118,2026-05-05 19:41:00
Prod_Diagnostic_17.txt,26-07-540,EPS,0X5271,Supply Voltage,671,2026-05-05 19:41:00
Prod_Diagnostic_17.txt,26-07-540,EPS,0X5271,Speed,40,2026-05-05 19:41:00
Prod_Diagnostic_17.txt,26-07-540,RADAR,0XBF37,Target Distance,234,2026-05-02 17:45:00
Prod_Diagnostic_17.txt,26-07-540,RADAR,0XBF37,Relative Speed,63,2026-05-02 17:45:00
Prod_Diagnostic_17.txt,26-07-540,RADAR,0XBF37,Object Count,975,2026-05-02 17:45:00
Prod_Diagnostic_17.txt,26-07-540,RADAR,0XBF37,Speed,732,2026-05-02 17:45:00
Prod_Diagnostic_17.txt,26-07-540,RADAR,0XBF37,Temperature,266,2026-05-02 17:45:00
Prod_Diagnostic_17.txt,26-07-540,RADAR,0X1420,Target Distance,112,2026-05-20 07:22:00
Prod_Diagnostic_17.txt,26-07-540,RADAR,0X1420,Relative Speed,80,2026-05-20 07:22:00
Prod_Diagnostic_17.txt,26-07-540,RADAR,0X1420,Object Count,520,2026-05-20 07:22:00
Prod_Diagnostic_17.txt,26-07-540,RADAR,0X1420,Speed,455,2026-05-20 07:22:00
Prod_Diagnostic_17.txt,26-07-540,RADAR,0X1420,Temperature,116,2026-05-20 07:22:00
Prod_Diagnostic_17.txt,26-07-540,RADAR,0X23D3,Target Distance,74,2026-05-12 21:26:00
Prod_Diagnostic_17.txt,26-07-540,RADAR,0X23D3,Relative Speed,658,2026-05-12 21:26:00
Prod_Diagnostic_17.txt,26-07-540,RADAR,0X23D3,Object Count,437,2026-05-12 21:26:00
Prod_Diagnostic_17.txt,26-07-540,RADAR,0X23D3,Speed,897,2026-05-12 21:26:00
Prod_Diagnostic_17.txt,26-07-540,RADAR,0X23D3,Temperature,290,2026-05-12 21:26:00
Prod_Diagnostic_17.txt,26-07-540,RADAR,0X1652,Target Distance,482,2026-05-14 20:23:00
Prod_Diagnostic_17.txt,26-07-540,RADAR,0X1652,Relative Speed,966,2026-05-14 20:23:00
Prod_Diagnostic_17.txt,26-07-540,RADAR,0X1652,Object Count,997,2026-05-14 20:23:00
Prod_Diagnostic_17.txt,26-07-540,RADAR,0X1652,Speed,302,2026-05-14 20:23:00
Prod_Diagnostic_17.txt,26-07-540,RADAR,0X1652,Temperature,637,2026-05-14 20:23:00
Prod_Diagnostic_17.txt,26-07-540,RADAR,0X390A,Target Distance,624,2026-05-19 00:06:00
Prod_Diagnostic_17.txt,26-07-540,RADAR,0X390A,Relative Speed,217,2026-05-19 00:06:00
Prod_Diagnostic_17.txt,26-07-540,RADAR,0X390A,Object Count,828,2026-05-19 00:06:00
Prod_Diagnostic_17.txt,26-07-540,RADAR,0X390A,Speed,321,2026-05-19 00:06:00
Prod_Diagnostic_17.txt,26-07-540,RADAR,0X390A,Temperature,524,2026-05-19 00:06:00
Prod_Diagnostic_17.txt,26-07-540,ECM,0XD891,RPM,673,2026-05-13 18:02:00
Prod_Diagnostic_17.txt,26-07-540,ECM,0XD891,Coolant Temp,744,2026-05-13 18:02:00
Prod_Diagnostic_17.txt,26-07-540,ECM,0XD891,Fuel Pressure,154,2026-05-13 18:02:00
Prod_Diagnostic_17.txt,26-07-540,ECM,0XD891,Boost Pressure,391,2026-05-13 18:02:00
Prod_Diagnostic_17.txt,26-07-540,ECM,0XD891,Engine Load,781,2026-05-13 18:02:00
Prod_Diagnostic_17.txt,26-07-540,ECM,0X23CA,RPM,429,2026-05-21 17:46:00
Prod_Diagnostic_17.txt,26-07-540,ECM,0X23CA,Coolant Temp,552,2026-05-21 17:46:00
Prod_Diagnostic_17.txt,26-07-540,ECM,0X23CA,Fuel Pressure,751,2026-05-21 17:46:00
Prod_Diagnostic_17.txt,26-07-540,ECM,0X23CA,Boost Pressure,125,2026-05-21 17:46:00
Prod_Diagnostic_17.txt,26-07-540,ECM,0X23CA,Engine Load,868,2026-05-21 17:46:00
Prod_Diagnostic_17.txt,26-07-540,ECM,0XDC57,RPM,276,2026-05-17 14:20:00
Prod_Diagnostic_17.txt,26-07-540,ECM,0XDC57,Coolant Temp,200,2026-05-17 14:20:00
Prod_Diagnostic_17.txt,26-07-540,ECM,0XDC57,Fuel Pressure,857,2026-05-17 14:20:00
Prod_Diagnostic_17.txt,26-07-540,ECM,0XDC57,Boost Pressure,590,2026-05-17 14:20:00
Prod_Diagnostic_17.txt,26-07-540,ECM,0XDC57,Engine Load,301,2026-05-17 14:20:00
Prod_Diagnostic_17.txt,26-07-540,ECM,0X6424,RPM,996,2026-05-15 10:47:00
Prod_Diagnostic_17.txt,26-07-540,ECM,0X6424,Coolant Temp,119,2026-05-15 10:47:00
Prod_Diagnostic_17.txt,26-07-540,ECM,0X6424,Fuel Pressure,710,2026-05-15 10:47:00
Prod_Diagnostic_17.txt,26-07-540,ECM,0X6424,Boost Pressure,247,2026-05-15 10:47:00
Prod_Diagnostic_17.txt,26-07-540,ECM,0X6424,Engine Load,456,2026-05-15 10:47:00
Prod_Diagnostic_17.txt,26-07-540,ECM,0X6CA4,RPM,496,2026-05-03 11:41:00
Prod_Diagnostic_17.txt,26-07-540,ECM,0X6CA4,Coolant Temp,620,2026-05-03 11:41:00
Prod_Diagnostic_17.txt,26-07-540,ECM,0X6CA4,Fuel Pressure,236,2026-05-03 11:41:00
Prod_Diagnostic_17.txt,26-07-540,ECM,0X6CA4,Boost Pressure,460,2026-05-03 11:41:00
Prod_Diagnostic_17.txt,26-07-540,ECM,0X6CA4,Engine Load,806,2026-05-03 11:41:00
Prod_Diagnostic_17.txt,26-07-540,TCM,0X4AD1,Gear,599,2026-05-25 13:43:00
Prod_Diagnostic_17.txt,26-07-540,TCM,0X4AD1,Oil Temp,682,2026-05-25 13:43:00
Prod_Diagnostic_17.txt,26-07-540,TCM,0X4AD1,Turbine Speed,142,2026-05-25 13:43:00
Prod_Diagnostic_17.txt,26-07-540,TCM,0X4AD1,Clutch Pressure,621,2026-05-25 13:43:00
Prod_Diagnostic_17.txt,26-07-540,TCM,0X4AD1,Output Speed,267,2026-05-25 13:43:00
Prod_Diagnostic_17.txt,26-07-540,TCM,0X6771,Gear,590,2026-05-14 16:09:00
Prod_Diagnostic_17.txt,26-07-540,TCM,0X6771,Oil Temp,507,2026-05-14 16:09:00
Prod_Diagnostic_17.txt,26-07-540,TCM,0X6771,Turbine Speed,648,2026-05-14 16:09:00
Prod_Diagnostic_17.txt,26-07-540,TCM,0X6771,Clutch Pressure,903,2026-05-14 16:09:00
Prod_Diagnostic_17.txt,26-07-540,TCM,0X6771,Output Speed,792,2026-05-14 16:09:00
Prod_Diagnostic_17.txt,26-07-540,TCM,0XF65E,Gear,784,2026-05-04 13:16:00
Prod_Diagnostic_17.txt,26-07-540,TCM,0XF65E,Oil Temp,568,2026-05-04 13:16:00
Prod_Diagnostic_17.txt,26-07-540,TCM,0XF65E,Turbine Speed,729,2026-05-04 13:16:00
Prod_Diagnostic_17.txt,26-07-540,TCM,0XF65E,Clutch Pressure,953,2026-05-04 13:16:00
Prod_Diagnostic_17.txt,26-07-540,TCM,0XF65E,Output Speed,482,2026-05-04 13:16:00
Prod_Diagnostic_17.txt,26-07-540,TCM,0X305B,Gear,888,2026-05-03 04:32:00
Prod_Diagnostic_17.txt,26-07-540,TCM,0X305B,Oil Temp,543,2026-05-03 04:32:00
Prod_Diagnostic_17.txt,26-07-540,TCM,0X305B,Turbine Speed,941,2026-05-03 04:32:00
Prod_Diagnostic_17.txt,26-07-540,TCM,0X305B,Clutch Pressure,398,2026-05-03 04:32:00
Prod_Diagnostic_17.txt,26-07-540,TCM,0X305B,Output Speed,926,2026-05-03 04:32:00
Prod_Diagnostic_17.txt,26-07-540,TCM,0X6AB7,Gear,345,2026-05-23 09:07:00
Prod_Diagnostic_17.txt,26-07-540,TCM,0X6AB7,Oil Temp,919,2026-05-23 09:07:00
Prod_Diagnostic_17.txt,26-07-540,TCM,0X6AB7,Turbine Speed,845,2026-05-23 09:07:00
Prod_Diagnostic_17.txt,26-07-540,TCM,0X6AB7,Clutch Pressure,920,2026-05-23 09:07:00
Prod_Diagnostic_17.txt,26-07-540,TCM,0X6AB7,Output Speed,345,2026-05-23 09:07:00
Prod_Diagnostic_17.txt,26-07-540,FCAM,0XABD7,Lane Confidence,933,2026-05-24 11:28:00
Prod_Diagnostic_17.txt,26-07-540,FCAM,0XABD7,Visibility,419,2026-05-24 11:28:00
Prod_Diagnostic_17.txt,26-07-540,FCAM,0XABD7,Image Quality,646,2026-05-24 11:28:00
Prod_Diagnostic_17.txt,26-07-540,FCAM,0XABD7,Speed,461,2026-05-24 11:28:00
Prod_Diagnostic_17.txt,26-07-540,FCAM,0XABD7,Light Level,759,2026-05-24 11:28:00
Prod_Diagnostic_17.txt,26-07-540,FCAM,0X5A0E,Lane Confidence,840,2026-05-24 18:58:00
Prod_Diagnostic_17.txt,26-07-540,FCAM,0X5A0E,Visibility,960,2026-05-24 18:58:00
Prod_Diagnostic_17.txt,26-07-540,FCAM,0X5A0E,Image Quality,522,2026-05-24 18:58:00
Prod_Diagnostic_17.txt,26-07-540,FCAM,0X5A0E,Speed,86,2026-05-24 18:58:00
Prod_Diagnostic_17.txt,26-07-540,FCAM,0X5A0E,Light Level,156,2026-05-24 18:58:00
Prod_Diagnostic_17.txt,26-07-540,FCAM,0XA7F3,Lane Confidence,181,2026-05-13 10:28:00
Prod_Diagnostic_17.txt,26-07-540,FCAM,0XA7F3,Visibility,521,2026-05-13 10:28:00
Prod_Diagnostic_17.txt,26-07-540,FCAM,0XA7F3,Image Quality,740,2026-05-13 10:28:00
Prod_Diagnostic_17.txt,26-07-540,FCAM,0XA7F3,Speed,603,2026-05-13 10:28:00
Prod_Diagnostic_17.txt,26-07-540,FCAM,0XA7F3,Light Level,287,2026-05-13 10:28:00
Prod_Diagnostic_17.txt,26-07-540,FCAM,0X4B75,Lane Confidence,538,2026-05-19 16:57:00
Prod_Diagnostic_17.txt,26-07-540,FCAM,0X4B75,Visibility,594,2026-05-19 16:57:00
Prod_Diagnostic_17.txt,26-07-540,FCAM,0X4B75,Image Quality,521,2026-05-19 16:57:00
Prod_Diagnostic_17.txt,26-07-540,FCAM,0X4B75,Speed,865,2026-05-19 16:57:00
Prod_Diagnostic_17.txt,26-07-540,FCAM,0X4B75,Light Level,951,2026-05-19 16:57:00
Prod_Diagnostic_17.txt,26-07-540,FCAM,0X5906,Lane Confidence,968,2026-05-05 01:52:00
Prod_Diagnostic_17.txt,26-07-540,FCAM,0X5906,Visibility,753,2026-05-05 01:52:00
Prod_Diagnostic_17.txt,26-07-540,FCAM,0X5906,Image Quality,904,2026-05-05 01:52:00
Prod_Diagnostic_17.txt,26-07-540,FCAM,0X5906,Speed,749,2026-05-05 01:52:00
Prod_Diagnostic_17.txt,26-07-540,FCAM,0X5906,Light Level,216,2026-05-05 01:52:00
Prod_Diagnostic_17.txt,26-07-540,SRS,0X94E6,Vehicle Speed,170,2026-05-04 11:18:00
Prod_Diagnostic_17.txt,26-07-540,SRS,0X94E6,Seat Occupancy,122,2026-05-04 11:18:00
Prod_Diagnostic_17.txt,26-07-540,SRS,0X94E6,Crash Counter,295,2026-05-04 11:18:00
Prod_Diagnostic_17.txt,26-07-540,SRS,0X94E6,Supply Voltage,281,2026-05-04 11:18:00
Prod_Diagnostic_17.txt,26-07-540,SRS,0X94E6,Belt Status,499,2026-05-04 11:18:00
Prod_Diagnostic_17.txt,26-07-540,SRS,0X4940,Vehicle Speed,238,2026-05-25 03:59:00
Prod_Diagnostic_17.txt,26-07-540,SRS,0X4940,Seat Occupancy,683,2026-05-25 03:59:00
Prod_Diagnostic_17.txt,26-07-540,SRS,0X4940,Crash Counter,286,2026-05-25 03:59:00
Prod_Diagnostic_17.txt,26-07-540,SRS,0X4940,Supply Voltage,145,2026-05-25 03:59:00
Prod_Diagnostic_17.txt,26-07-540,SRS,0X4940,Belt Status,99,2026-05-25 03:59:00
Prod_Diagnostic_17.txt,26-07-540,SRS,0X9D5A,Vehicle Speed,553,2026-05-20 01:57:00
Prod_Diagnostic_17.txt,26-07-540,SRS,0X9D5A,Seat Occupancy,551,2026-05-20 01:57:00
Prod_Diagnostic_17.txt,26-07-540,SRS,0X9D5A,Crash Counter,819,2026-05-20 01:57:00
Prod_Diagnostic_17.txt,26-07-540,SRS,0X9D5A,Supply Voltage,200,2026-05-20 01:57:00
Prod_Diagnostic_17.txt,26-07-540,SRS,0X9D5A,Belt Status,7,2026-05-20 01:57:00
Prod_Diagnostic_17.txt,26-07-540,SRS,0XE51F,Vehicle Speed,456,2026-05-19 13:46:00
Prod_Diagnostic_17.txt,26-07-540,SRS,0XE51F,Seat Occupancy,534,2026-05-19 13:46:00
Prod_Diagnostic_17.txt,26-07-540,SRS,0XE51F,Crash Counter,130,2026-05-19 13:46:00
Prod_Diagnostic_17.txt,26-07-540,SRS,0XE51F,Supply Voltage,851,2026-05-19 13:46:00
Prod_Diagnostic_17.txt,26-07-540,SRS,0XE51F,Belt Status,465,2026-05-19 13:46:00
Prod_Diagnostic_17.txt,26-07-540,SRS,0XFB01,Vehicle Speed,89,2026-05-14 15:16:00
Prod_Diagnostic_17.txt,26-07-540,SRS,0XFB01,Seat Occupancy,886,2026-05-14 15:16:00
Prod_Diagnostic_17.txt,26-07-540,SRS,0XFB01,Crash Counter,141,2026-05-14 15:16:00
Prod_Diagnostic_17.txt,26-07-540,SRS,0XFB01,Supply Voltage,286,2026-05-14 15:16:00
Prod_Diagnostic_17.txt,26-07-540,SRS,0XFB01,Belt Status,750,2026-05-14 15:16:00
Prod_Diagnostic_17.txt,26-07-540,ADAS,0X6A8D,CPU Load,344,2026-05-11 05:32:00
Prod_Diagnostic_17.txt,26-07-540,ADAS,0X6A8D,Lane State,283,2026-05-11 05:32:00
Prod_Diagnostic_17.txt,26-07-540,ADAS,0X6A8D,Object Count,465,2026-05-11 05:32:00
Prod_Diagnostic_17.txt,26-07-540,ADAS,0X6A8D,Voltage,646,2026-05-11 05:32:00
Prod_Diagnostic_17.txt,26-07-540,ADAS,0X6A8D,Speed,754,2026-05-11 05:32:00
Prod_Diagnostic_17.txt,26-07-540,ADAS,0XBC0D,CPU Load,723,2026-05-14 03:59:00
Prod_Diagnostic_17.txt,26-07-540,ADAS,0XBC0D,Lane State,814,2026-05-14 03:59:00
Prod_Diagnostic_17.txt,26-07-540,ADAS,0XBC0D,Object Count,534,2026-05-14 03:59:00
Prod_Diagnostic_17.txt,26-07-540,ADAS,0XBC0D,Voltage,326,2026-05-14 03:59:00
Prod_Diagnostic_17.txt,26-07-540,ADAS,0XBC0D,Speed,195,2026-05-14 03:59:00
Prod_Diagnostic_17.txt,26-07-540,ADAS,0XB93F,CPU Load,386,2026-05-08 04:37:00
Prod_Diagnostic_17.txt,26-07-540,ADAS,0XB93F,Lane State,894,2026-05-08 04:37:00
Prod_Diagnostic_17.txt,26-07-540,ADAS,0XB93F,Object Count,966,2026-05-08 04:37:00
Prod_Diagnostic_17.txt,26-07-540,ADAS,0XB93F,Voltage,226,2026-05-08 04:37:00
Prod_Diagnostic_17.txt,26-07-540,ADAS,0XB93F,Speed,690,2026-05-08 04:37:00
Prod_Diagnostic_17.txt,26-07-540,ADAS,0X53E9,CPU Load,135,2026-05-24 15:18:00
Prod_Diagnostic_17.txt,26-07-540,ADAS,0X53E9,Lane State,204,2026-05-24 15:18:00
Prod_Diagnostic_17.txt,26-07-540,ADAS,0X53E9,Object Count,651,2026-05-24 15:18:00
Prod_Diagnostic_17.txt,26-07-540,ADAS,0X53E9,Voltage,897,2026-05-24 15:18:00
Prod_Diagnostic_17.txt,26-07-540,ADAS,0X53E9,Speed,91,2026-05-24 15:18:00
Prod_Diagnostic_17.txt,26-07-540,ADAS,0XEB6E,CPU Load,572,2026-05-14 02:31:00
Prod_Diagnostic_17.txt,26-07-540,ADAS,0XEB6E,Lane State,626,2026-05-14 02:31:00
Prod_Diagnostic_17.txt,26-07-540,ADAS,0XEB6E,Object Count,214,2026-05-14 02:31:00
Prod_Diagnostic_17.txt,26-07-540,ADAS,0XEB6E,Voltage,728,2026-05-14 02:31:00
Prod_Diagnostic_17.txt,26-07-540,ADAS,0XEB6E,Speed,183,2026-05-14 02:31:00
Prod_Diagnostic_17.txt,26-07-540,GW,0X7B0C,CAN Load,654,2026-05-21 18:15:00
Prod_Diagnostic_17.txt,26-07-540,GW,0X7B0C,Eth Status,358,2026-05-21 18:15:00
Prod_Diagnostic_17.txt,26-07-540,GW,0X7B0C,Voltage,496,2026-05-21 18:15:00
Prod_Diagnostic_17.txt,26-07-540,GW,0X7B0C,Bus Errors,544,2026-05-21 18:15:00
Prod_Diagnostic_17.txt,26-07-540,GW,0X7B0C,Ignition,673,2026-05-21 18:15:00
Prod_Diagnostic_17.txt,26-07-540,GW,0XF0BD,CAN Load,613,2026-05-16 20:25:00
Prod_Diagnostic_17.txt,26-07-540,GW,0XF0BD,Eth Status,366,2026-05-16 20:25:00
Prod_Diagnostic_17.txt,26-07-540,GW,0XF0BD,Voltage,557,2026-05-16 20:25:00
Prod_Diagnostic_17.txt,26-07-540,GW,0XF0BD,Bus Errors,493,2026-05-16 20:25:00
Prod_Diagnostic_17.txt,26-07-540,GW,0XF0BD,Ignition,303,2026-05-16 20:25:00
Prod_Diagnostic_17.txt,26-07-540,GW,0X480B,CAN Load,679,2026-05-15 10:15:00
Prod_Diagnostic_17.txt,26-07-540,GW,0X480B,Eth Status,436,2026-05-15 10:15:00
Prod_Diagnostic_17.txt,26-07-540,GW,0X480B,Voltage,119,2026-05-15 10:15:00
Prod_Diagnostic_17.txt,26-07-540,GW,0X480B,Bus Errors,181,2026-05-15 10:15:00
Prod_Diagnostic_17.txt,26-07-540,GW,0X480B,Ignition,476,2026-05-15 10:15:00
Prod_Diagnostic_17.txt,26-07-540,GW,0XB91D,CAN Load,825,2026-05-25 15:53:00
Prod_Diagnostic_17.txt,26-07-540,GW,0XB91D,Eth Status,885,2026-05-25 15:53:00
Prod_Diagnostic_17.txt,26-07-540,GW,0XB91D,Voltage,501,2026-05-25 15:53:00
Prod_Diagnostic_17.txt,26-07-540,GW,0XB91D,Bus Errors,616,2026-05-25 15:53:00
Prod_Diagnostic_17.txt,26-07-540,GW,0XB91D,Ignition,422,2026-05-25 15:53:00
Prod_Diagnostic_17.txt,26-07-540,GW,0X176A,CAN Load,576,2026-05-28 13:03:00
Prod_Diagnostic_17.txt,26-07-540,GW,0X176A,Eth Status,791,2026-05-28 13:03:00
Prod_Diagnostic_17.txt,26-07-540,GW,0X176A,Voltage,331,2026-05-28 13:03:00
Prod_Diagnostic_17.txt,26-07-540,GW,0X176A,Bus Errors,268,2026-05-28 13:03:00
Prod_Diagnostic_17.txt,26-07-540,GW,0X176A,Ignition,692,2026-05-28 13:03:00
Prod_Diagnostic_17.txt,26-07-540,OBC,0X7946,AC Voltage,498,2026-05-09 01:17:00
Prod_Diagnostic_17.txt,26-07-540,OBC,0X7946,Charge Current,746,2026-05-09 01:17:00
Prod_Diagnostic_17.txt,26-07-540,OBC,0X7946,Battery Temp,225,2026-05-09 01:17:00
Prod_Diagnostic_17.txt,26-07-540,OBC,0X7946,SOC,348,2026-05-09 01:17:00
Prod_Diagnostic_17.txt,26-07-540,OBC,0X7946,Input Freq,652,2026-05-09 01:17:00
Prod_Diagnostic_17.txt,26-07-540,OBC,0X5EFA,AC Voltage,799,2026-05-06 17:13:00
Prod_Diagnostic_17.txt,26-07-540,OBC,0X5EFA,Charge Current,641,2026-05-06 17:13:00
Prod_Diagnostic_17.txt,26-07-540,OBC,0X5EFA,Battery Temp,113,2026-05-06 17:13:00
Prod_Diagnostic_17.txt,26-07-540,OBC,0X5EFA,SOC,971,2026-05-06 17:13:00
Prod_Diagnostic_17.txt,26-07-540,OBC,0X5EFA,Input Freq,992,2026-05-06 17:13:00
Prod_Diagnostic_17.txt,26-07-540,OBC,0XAC5A,AC Voltage,822,2026-05-01 23:01:00
Prod_Diagnostic_17.txt,26-07-540,OBC,0XAC5A,Charge Current,389,2026-05-01 23:01:00
Prod_Diagnostic_17.txt,26-07-540,OBC,0XAC5A,Battery Temp,93,2026-05-01 23:01:00
Prod_Diagnostic_17.txt,26-07-540,OBC,0XAC5A,SOC,800,2026-05-01 23:01:00
Prod_Diagnostic_17.txt,26-07-540,OBC,0XAC5A,Input Freq,722,2026-05-01 23:01:00
Prod_Diagnostic_17.txt,26-07-540,OBC,0XF987,AC Voltage,216,2026-05-21 01:33:00
Prod_Diagnostic_17.txt,26-07-540,OBC,0XF987,Charge Current,371,2026-05-21 01:33:00
Prod_Diagnostic_17.txt,26-07-540,OBC,0XF987,Battery Temp,549,2026-05-21 01:33:00
Prod_Diagnostic_17.txt,26-07-540,OBC,0XF987,SOC,204,2026-05-21 01:33:00
Prod_Diagnostic_17.txt,26-07-540,OBC,0XF987,Input Freq,161,2026-05-21 01:33:00
Prod_Diagnostic_17.txt,26-07-540,OBC,0X7541,AC Voltage,221,2026-05-12 10:26:00
Prod_Diagnostic_17.txt,26-07-540,OBC,0X7541,Charge Current,567,2026-05-12 10:26:00
Prod_Diagnostic_17.txt,26-07-540,OBC,0X7541,Battery Temp,751,2026-05-12 10:26:00
Prod_Diagnostic_17.txt,26-07-540,OBC,0X7541,SOC,255,2026-05-12 10:26:00
Prod_Diagnostic_17.txt,26-07-540,OBC,0X7541,Input Freq,963,2026-05-12 10:26:00
Prod_Diagnostic_17.txt,26-07-540,BCM,0X193C,Battery Voltage,497,2026-05-17 12:50:00
Prod_Diagnostic_17.txt,26-07-540,BCM,0X193C,Door Status,44,2026-05-17 12:50:00
Prod_Diagnostic_17.txt,26-07-540,BCM,0X193C,Lock State,161,2026-05-17 12:50:00
Prod_Diagnostic_17.txt,26-07-540,BCM,0X193C,Ignition,290,2026-05-17 12:50:00
Prod_Diagnostic_17.txt,26-07-540,BCM,0X193C,Window Pos,309,2026-05-17 12:50:00
Prod_Diagnostic_17.txt,26-07-540,BCM,0X4AE1,Battery Voltage,833,2026-05-09 23:07:00
Prod_Diagnostic_17.txt,26-07-540,BCM,0X4AE1,Door Status,803,2026-05-09 23:07:00
Prod_Diagnostic_17.txt,26-07-540,BCM,0X4AE1,Lock State,387,2026-05-09 23:07:00
Prod_Diagnostic_17.txt,26-07-540,BCM,0X4AE1,Ignition,672,2026-05-09 23:07:00
Prod_Diagnostic_17.txt,26-07-540,BCM,0X4AE1,Window Pos,411,2026-05-09 23:07:00
Prod_Diagnostic_17.txt,26-07-540,BCM,0XE17B,Battery Voltage,721,2026-05-03 16:46:00
Prod_Diagnostic_17.txt,26-07-540,BCM,0XE17B,Door Status,781,2026-05-03 16:46:00
Prod_Diagnostic_17.txt,26-07-540,BCM,0XE17B,Lock State,751,2026-05-03 16:46:00
Prod_Diagnostic_17.txt,26-07-540,BCM,0XE17B,Ignition,426,2026-05-03 16:46:00
Prod_Diagnostic_17.txt,26-07-540,BCM,0XE17B,Window Pos,21,2026-05-03 16:46:00
Prod_Diagnostic_17.txt,26-07-540,BCM,0XCE1E,Battery Voltage,401,2026-05-24 18:50:00
Prod_Diagnostic_17.txt,26-07-540,BCM,0XCE1E,Door Status,199,2026-05-24 18:50:00
Prod_Diagnostic_17.txt,26-07-540,BCM,0XCE1E,Lock State,852,2026-05-24 18:50:00
Prod_Diagnostic_17.txt,26-07-540,BCM,0XCE1E,Ignition,621,2026-05-24 18:50:00
Prod_Diagnostic_17.txt,26-07-540,BCM,0XCE1E,Window Pos,880,2026-05-24 18:50:00
Prod_Diagnostic_17.txt,26-07-540,BCM,0XD8E6,Battery Voltage,208,2026-05-10 08:29:00
Prod_Diagnostic_17.txt,26-07-540,BCM,0XD8E6,Door Status,103,2026-05-10 08:29:00
Prod_Diagnostic_17.txt,26-07-540,BCM,0XD8E6,Lock State,271,2026-05-10 08:29:00
Prod_Diagnostic_17.txt,26-07-540,BCM,0XD8E6,Ignition,993,2026-05-10 08:29:00
Prod_Diagnostic_17.txt,26-07-540,BCM,0XD8E6,Window Pos,672,2026-05-10 08:29:00
Prod_Diagnostic_17.txt,26-07-540,BMS,0X88AD,SOC,286,2026-05-08 13:35:00
Prod_Diagnostic_17.txt,26-07-540,BMS,0X88AD,SOH,495,2026-05-08 13:35:00
Prod_Diagnostic_17.txt,26-07-540,BMS,0X88AD,HV Voltage,292,2026-05-08 13:35:00
Prod_Diagnostic_17.txt,26-07-540,BMS,0X88AD,Cell Temp Max,930,2026-05-08 13:35:00
Prod_Diagnostic_17.txt,26-07-540,BMS,0X88AD,Cell Temp Min,720,2026-05-08 13:35:00
Prod_Diagnostic_17.txt,26-07-540,BMS,0X91B0,SOC,782,2026-05-24 12:23:00
Prod_Diagnostic_17.txt,26-07-540,BMS,0X91B0,SOH,560,2026-05-24 12:23:00
Prod_Diagnostic_17.txt,26-07-540,BMS,0X91B0,HV Voltage,732,2026-05-24 12:23:00
Prod_Diagnostic_17.txt,26-07-540,BMS,0X91B0,Cell Temp Max,111,2026-05-24 12:23:00
Prod_Diagnostic_17.txt,26-07-540,BMS,0X91B0,Cell Temp Min,464,2026-05-24 12:23:00
Prod_Diagnostic_17.txt,26-07-540,BMS,0XA3EF,SOC,112,2026-05-12 15:36:00
Prod_Diagnostic_17.txt,26-07-540,BMS,0XA3EF,SOH,659,2026-05-12 15:36:00
Prod_Diagnostic_17.txt,26-07-540,BMS,0XA3EF,HV Voltage,319,2026-05-12 15:36:00
Prod_Diagnostic_17.txt,26-07-540,BMS,0XA3EF,Cell Temp Max,341,2026-05-12 15:36:00
Prod_Diagnostic_17.txt,26-07-540,BMS,0XA3EF,Cell Temp Min,148,2026-05-12 15:36:00
Prod_Diagnostic_17.txt,26-07-540,BMS,0X286B,SOC,145,2026-05-19 07:05:00
Prod_Diagnostic_17.txt,26-07-540,BMS,0X286B,SOH,413,2026-05-19 07:05:00
Prod_Diagnostic_17.txt,26-07-540,BMS,0X286B,HV Voltage,632,2026-05-19 07:05:00
Prod_Diagnostic_17.txt,26-07-540,BMS,0X286B,Cell Temp Max,859,2026-05-19 07:05:00
Prod_Diagnostic_17.txt,26-07-540,BMS,0X286B,Cell Temp Min,485,2026-05-19 07:05:00
Prod_Diagnostic_17.txt,26-07-540,BMS,0XC918,SOC,422,2026-05-25 15:16:00
Prod_Diagnostic_17.txt,26-07-540,BMS,0XC918,SOH,319,2026-05-25 15:16:00
Prod_Diagnostic_17.txt,26-07-540,BMS,0XC918,HV Voltage,759,2026-05-25 15:16:00
Prod_Diagnostic_17.txt,26-07-540,BMS,0XC918,Cell Temp Max,346,2026-05-25 15:16:00
Prod_Diagnostic_17.txt,26-07-540,BMS,0XC918,Cell Temp Min,855,2026-05-25 15:16:00
Prod_Diagnostic_18.txt,25-03-420,BMS,0XBA33,SOC,574,2026-05-25 03:15:00
Prod_Diagnostic_18.txt,25-03-420,BMS,0XBA33,SOH,403,2026-05-25 03:15:00
Prod_Diagnostic_18.txt,25-03-420,BMS,0XBA33,HV Voltage,387,2026-05-25 03:15:00
Prod_Diagnostic_18.txt,25-03-420,BMS,0XBA33,Cell Temp Max,793,2026-05-25 03:15:00
Prod_Diagnostic_18.txt,25-03-420,BMS,0XBA33,Cell Temp Min,395,2026-05-25 03:15:00
Prod_Diagnostic_18.txt,25-03-420,BMS,0X6AE0,SOC,220,2026-05-03 19:53:00
Prod_Diagnostic_18.txt,25-03-420,BMS,0X6AE0,SOH,979,2026-05-03 19:53:00
Prod_Diagnostic_18.txt,25-03-420,BMS,0X6AE0,HV Voltage,171,2026-05-03 19:53:00
Prod_Diagnostic_18.txt,25-03-420,BMS,0X6AE0,Cell Temp Max,969,2026-05-03 19:53:00
Prod_Diagnostic_18.txt,25-03-420,BMS,0X6AE0,Cell Temp Min,649,2026-05-03 19:53:00
Prod_Diagnostic_18.txt,25-03-420,BMS,0XC61A,SOC,257,2026-05-16 22:50:00
Prod_Diagnostic_18.txt,25-03-420,BMS,0XC61A,SOH,702,2026-05-16 22:50:00
Prod_Diagnostic_18.txt,25-03-420,BMS,0XC61A,HV Voltage,124,2026-05-16 22:50:00
Prod_Diagnostic_18.txt,25-03-420,BMS,0XC61A,Cell Temp Max,572,2026-05-16 22:50:00
Prod_Diagnostic_18.txt,25-03-420,BMS,0XC61A,Cell Temp Min,922,2026-05-16 22:50:00
Prod_Diagnostic_18.txt,25-03-420,BMS,0XB6EF,SOC,687,2026-05-28 14:49:00
Prod_Diagnostic_18.txt,25-03-420,BMS,0XB6EF,SOH,355,2026-05-28 14:49:00
Prod_Diagnostic_18.txt,25-03-420,BMS,0XB6EF,HV Voltage,746,2026-05-28 14:49:00
Prod_Diagnostic_18.txt,25-03-420,BMS,0XB6EF,Cell Temp Max,435,2026-05-28 14:49:00
Prod_Diagnostic_18.txt,25-03-420,BMS,0XB6EF,Cell Temp Min,219,2026-05-28 14:49:00
Prod_Diagnostic_18.txt,25-03-420,BMS,0X9F4E,SOC,453,2026-05-24 00:12:00
Prod_Diagnostic_18.txt,25-03-420,BMS,0X9F4E,SOH,370,2026-05-24 00:12:00
Prod_Diagnostic_18.txt,25-03-420,BMS,0X9F4E,HV Voltage,539,2026-05-24 00:12:00
Prod_Diagnostic_18.txt,25-03-420,BMS,0X9F4E,Cell Temp Max,200,2026-05-24 00:12:00
Prod_Diagnostic_18.txt,25-03-420,BMS,0X9F4E,Cell Temp Min,6,2026-05-24 00:12:00
Prod_Diagnostic_18.txt,25-03-420,SRS,0X5F75,Vehicle Speed,280,2026-05-17 00:38:00
Prod_Diagnostic_18.txt,25-03-420,SRS,0X5F75,Seat Occupancy,35,2026-05-17 00:38:00
Prod_Diagnostic_18.txt,25-03-420,SRS,0X5F75,Crash Counter,663,2026-05-17 00:38:00
Prod_Diagnostic_18.txt,25-03-420,SRS,0X5F75,Supply Voltage,282,2026-05-17 00:38:00
Prod_Diagnostic_18.txt,25-03-420,SRS,0X5F75,Belt Status,658,2026-05-17 00:38:00
Prod_Diagnostic_18.txt,25-03-420,SRS,0X75F6,Vehicle Speed,844,2026-05-21 01:36:00
Prod_Diagnostic_18.txt,25-03-420,SRS,0X75F6,Seat Occupancy,32,2026-05-21 01:36:00
Prod_Diagnostic_18.txt,25-03-420,SRS,0X75F6,Crash Counter,884,2026-05-21 01:36:00
Prod_Diagnostic_18.txt,25-03-420,SRS,0X75F6,Supply Voltage,736,2026-05-21 01:36:00
Prod_Diagnostic_18.txt,25-03-420,SRS,0X75F6,Belt Status,950,2026-05-21 01:36:00
Prod_Diagnostic_18.txt,25-03-420,SRS,0XAB88,Vehicle Speed,664,2026-05-16 23:55:00
Prod_Diagnostic_18.txt,25-03-420,SRS,0XAB88,Seat Occupancy,769,2026-05-16 23:55:00
Prod_Diagnostic_18.txt,25-03-420,SRS,0XAB88,Crash Counter,559,2026-05-16 23:55:00
Prod_Diagnostic_18.txt,25-03-420,SRS,0XAB88,Supply Voltage,827,2026-05-16 23:55:00
Prod_Diagnostic_18.txt,25-03-420,SRS,0XAB88,Belt Status,107,2026-05-16 23:55:00
Prod_Diagnostic_18.txt,25-03-420,SRS,0X6E99,Vehicle Speed,430,2026-05-28 04:05:00
Prod_Diagnostic_18.txt,25-03-420,SRS,0X6E99,Seat Occupancy,855,2026-05-28 04:05:00
Prod_Diagnostic_18.txt,25-03-420,SRS,0X6E99,Crash Counter,867,2026-05-28 04:05:00
Prod_Diagnostic_18.txt,25-03-420,SRS,0X6E99,Supply Voltage,123,2026-05-28 04:05:00
Prod_Diagnostic_18.txt,25-03-420,SRS,0X6E99,Belt Status,58,2026-05-28 04:05:00
Prod_Diagnostic_18.txt,25-03-420,SRS,0XB331,Vehicle Speed,874,2026-05-28 17:17:00
Prod_Diagnostic_18.txt,25-03-420,SRS,0XB331,Seat Occupancy,199,2026-05-28 17:17:00
Prod_Diagnostic_18.txt,25-03-420,SRS,0XB331,Crash Counter,671,2026-05-28 17:17:00
Prod_Diagnostic_18.txt,25-03-420,SRS,0XB331,Supply Voltage,629,2026-05-28 17:17:00
Prod_Diagnostic_18.txt,25-03-420,SRS,0XB331,Belt Status,756,2026-05-28 17:17:00
Prod_Diagnostic_18.txt,25-03-420,RADAR,0X6529,Target Distance,15,2026-05-24 11:33:00
Prod_Diagnostic_18.txt,25-03-420,RADAR,0X6529,Relative Speed,964,2026-05-24 11:33:00
Prod_Diagnostic_18.txt,25-03-420,RADAR,0X6529,Object Count,681,2026-05-24 11:33:00
Prod_Diagnostic_18.txt,25-03-420,RADAR,0X6529,Speed,413,2026-05-24 11:33:00
Prod_Diagnostic_18.txt,25-03-420,RADAR,0X6529,Temperature,427,2026-05-24 11:33:00
Prod_Diagnostic_18.txt,25-03-420,RADAR,0X20A0,Target Distance,177,2026-05-24 08:05:00
Prod_Diagnostic_18.txt,25-03-420,RADAR,0X20A0,Relative Speed,455,2026-05-24 08:05:00
Prod_Diagnostic_18.txt,25-03-420,RADAR,0X20A0,Object Count,46,2026-05-24 08:05:00
Prod_Diagnostic_18.txt,25-03-420,RADAR,0X20A0,Speed,283,2026-05-24 08:05:00
Prod_Diagnostic_18.txt,25-03-420,RADAR,0X20A0,Temperature,624,2026-05-24 08:05:00
Prod_Diagnostic_18.txt,25-03-420,RADAR,0XC04F,Target Distance,360,2026-05-10 08:35:00
Prod_Diagnostic_18.txt,25-03-420,RADAR,0XC04F,Relative Speed,121,2026-05-10 08:35:00
Prod_Diagnostic_18.txt,25-03-420,RADAR,0XC04F,Object Count,350,2026-05-10 08:35:00
Prod_Diagnostic_18.txt,25-03-420,RADAR,0XC04F,Speed,478,2026-05-10 08:35:00
Prod_Diagnostic_18.txt,25-03-420,RADAR,0XC04F,Temperature,582,2026-05-10 08:35:00
Prod_Diagnostic_18.txt,25-03-420,RADAR,0XA0F1,Target Distance,191,2026-05-06 23:05:00
Prod_Diagnostic_18.txt,25-03-420,RADAR,0XA0F1,Relative Speed,326,2026-05-06 23:05:00
Prod_Diagnostic_18.txt,25-03-420,RADAR,0XA0F1,Object Count,606,2026-05-06 23:05:00
Prod_Diagnostic_18.txt,25-03-420,RADAR,0XA0F1,Speed,642,2026-05-06 23:05:00
Prod_Diagnostic_18.txt,25-03-420,RADAR,0XA0F1,Temperature,989,2026-05-06 23:05:00
Prod_Diagnostic_18.txt,25-03-420,RADAR,0XD447,Target Distance,742,2026-05-15 02:56:00
Prod_Diagnostic_18.txt,25-03-420,RADAR,0XD447,Relative Speed,966,2026-05-15 02:56:00
Prod_Diagnostic_18.txt,25-03-420,RADAR,0XD447,Object Count,253,2026-05-15 02:56:00
Prod_Diagnostic_18.txt,25-03-420,RADAR,0XD447,Speed,316,2026-05-15 02:56:00
Prod_Diagnostic_18.txt,25-03-420,RADAR,0XD447,Temperature,858,2026-05-15 02:56:00
Prod_Diagnostic_18.txt,25-03-420,ADAS,0XCF56,CPU Load,183,2026-05-13 22:18:00
Prod_Diagnostic_18.txt,25-03-420,ADAS,0XCF56,Lane State,286,2026-05-13 22:18:00
Prod_Diagnostic_18.txt,25-03-420,ADAS,0XCF56,Object Count,144,2026-05-13 22:18:00
Prod_Diagnostic_18.txt,25-03-420,ADAS,0XCF56,Voltage,579,2026-05-13 22:18:00
Prod_Diagnostic_18.txt,25-03-420,ADAS,0XCF56,Speed,324,2026-05-13 22:18:00
Prod_Diagnostic_18.txt,25-03-420,ADAS,0X49D8,CPU Load,451,2026-05-10 08:44:00
Prod_Diagnostic_18.txt,25-03-420,ADAS,0X49D8,Lane State,271,2026-05-10 08:44:00
Prod_Diagnostic_18.txt,25-03-420,ADAS,0X49D8,Object Count,95,2026-05-10 08:44:00
Prod_Diagnostic_18.txt,25-03-420,ADAS,0X49D8,Voltage,502,2026-05-10 08:44:00
Prod_Diagnostic_18.txt,25-03-420,ADAS,0X49D8,Speed,364,2026-05-10 08:44:00
Prod_Diagnostic_18.txt,25-03-420,ADAS,0X6D15,CPU Load,852,2026-05-15 20:43:00
Prod_Diagnostic_18.txt,25-03-420,ADAS,0X6D15,Lane State,175,2026-05-15 20:43:00
Prod_Diagnostic_18.txt,25-03-420,ADAS,0X6D15,Object Count,38,2026-05-15 20:43:00
Prod_Diagnostic_18.txt,25-03-420,ADAS,0X6D15,Voltage,973,2026-05-15 20:43:00
Prod_Diagnostic_18.txt,25-03-420,ADAS,0X6D15,Speed,855,2026-05-15 20:43:00
Prod_Diagnostic_18.txt,25-03-420,ADAS,0X72BB,CPU Load,662,2026-05-23 13:22:00
Prod_Diagnostic_18.txt,25-03-420,ADAS,0X72BB,Lane State,831,2026-05-23 13:22:00
Prod_Diagnostic_18.txt,25-03-420,ADAS,0X72BB,Object Count,699,2026-05-23 13:22:00
Prod_Diagnostic_18.txt,25-03-420,ADAS,0X72BB,Voltage,816,2026-05-23 13:22:00
Prod_Diagnostic_18.txt,25-03-420,ADAS,0X72BB,Speed,296,2026-05-23 13:22:00
Prod_Diagnostic_18.txt,25-03-420,ADAS,0X6799,CPU Load,216,2026-05-03 16:49:00
Prod_Diagnostic_18.txt,25-03-420,ADAS,0X6799,Lane State,265,2026-05-03 16:49:00
Prod_Diagnostic_18.txt,25-03-420,ADAS,0X6799,Object Count,224,2026-05-03 16:49:00
Prod_Diagnostic_18.txt,25-03-420,ADAS,0X6799,Voltage,479,2026-05-03 16:49:00
Prod_Diagnostic_18.txt,25-03-420,ADAS,0X6799,Speed,268,2026-05-03 16:49:00
Prod_Diagnostic_18.txt,25-03-420,TCU,0XFC02,RSSI,601,2026-05-16 04:29:00
Prod_Diagnostic_18.txt,25-03-420,TCU,0XFC02,GPS Status,331,2026-05-16 04:29:00
Prod_Diagnostic_18.txt,25-03-420,TCU,0XFC02,Network Type,382,2026-05-16 04:29:00
Prod_Diagnostic_18.txt,25-03-420,TCU,0XFC02,Speed,578,2026-05-16 04:29:00
Prod_Diagnostic_18.txt,25-03-420,TCU,0XFC02,Voltage,387,2026-05-16 04:29:00
Prod_Diagnostic_18.txt,25-03-420,TCU,0XF6B9,RSSI,432,2026-05-28 00:10:00
Prod_Diagnostic_18.txt,25-03-420,TCU,0XF6B9,GPS Status,487,2026-05-28 00:10:00
Prod_Diagnostic_18.txt,25-03-420,TCU,0XF6B9,Network Type,343,2026-05-28 00:10:00
Prod_Diagnostic_18.txt,25-03-420,TCU,0XF6B9,Speed,345,2026-05-28 00:10:00
Prod_Diagnostic_18.txt,25-03-420,TCU,0XF6B9,Voltage,664,2026-05-28 00:10:00
Prod_Diagnostic_18.txt,25-03-420,TCU,0X3FE6,RSSI,23,2026-05-18 05:48:00
Prod_Diagnostic_18.txt,25-03-420,TCU,0X3FE6,GPS Status,450,2026-05-18 05:48:00
Prod_Diagnostic_18.txt,25-03-420,TCU,0X3FE6,Network Type,829,2026-05-18 05:48:00
Prod_Diagnostic_18.txt,25-03-420,TCU,0X3FE6,Speed,632,2026-05-18 05:48:00
Prod_Diagnostic_18.txt,25-03-420,TCU,0X3FE6,Voltage,468,2026-05-18 05:48:00
Prod_Diagnostic_18.txt,25-03-420,TCU,0XA372,RSSI,741,2026-05-27 07:16:00
Prod_Diagnostic_18.txt,25-03-420,TCU,0XA372,GPS Status,383,2026-05-27 07:16:00
Prod_Diagnostic_18.txt,25-03-420,TCU,0XA372,Network Type,616,2026-05-27 07:16:00
Prod_Diagnostic_18.txt,25-03-420,TCU,0XA372,Speed,346,2026-05-27 07:16:00
Prod_Diagnostic_18.txt,25-03-420,TCU,0XA372,Voltage,495,2026-05-27 07:16:00
Prod_Diagnostic_18.txt,25-03-420,TCU,0X5CD8,RSSI,276,2026-05-14 13:49:00
Prod_Diagnostic_18.txt,25-03-420,TCU,0X5CD8,GPS Status,977,2026-05-14 13:49:00
Prod_Diagnostic_18.txt,25-03-420,TCU,0X5CD8,Network Type,592,2026-05-14 13:49:00
Prod_Diagnostic_18.txt,25-03-420,TCU,0X5CD8,Speed,411,2026-05-14 13:49:00
Prod_Diagnostic_18.txt,25-03-420,TCU,0X5CD8,Voltage,608,2026-05-14 13:49:00
Prod_Diagnostic_18.txt,25-03-420,GW,0X39FD,CAN Load,975,2026-05-23 16:12:00
Prod_Diagnostic_18.txt,25-03-420,GW,0X39FD,Eth Status,996,2026-05-23 16:12:00
Prod_Diagnostic_18.txt,25-03-420,GW,0X39FD,Voltage,582,2026-05-23 16:12:00
Prod_Diagnostic_18.txt,25-03-420,GW,0X39FD,Bus Errors,770,2026-05-23 16:12:00
Prod_Diagnostic_18.txt,25-03-420,GW,0X39FD,Ignition,143,2026-05-23 16:12:00
Prod_Diagnostic_18.txt,25-03-420,GW,0XB9D5,CAN Load,355,2026-05-26 04:51:00
Prod_Diagnostic_18.txt,25-03-420,GW,0XB9D5,Eth Status,470,2026-05-26 04:51:00
Prod_Diagnostic_18.txt,25-03-420,GW,0XB9D5,Voltage,406,2026-05-26 04:51:00
Prod_Diagnostic_18.txt,25-03-420,GW,0XB9D5,Bus Errors,170,2026-05-26 04:51:00
Prod_Diagnostic_18.txt,25-03-420,GW,0XB9D5,Ignition,472,2026-05-26 04:51:00
Prod_Diagnostic_18.txt,25-03-420,GW,0XB89A,CAN Load,242,2026-05-10 02:11:00
Prod_Diagnostic_18.txt,25-03-420,GW,0XB89A,Eth Status,879,2026-05-10 02:11:00
Prod_Diagnostic_18.txt,25-03-420,GW,0XB89A,Voltage,209,2026-05-10 02:11:00
Prod_Diagnostic_18.txt,25-03-420,GW,0XB89A,Bus Errors,448,2026-05-10 02:11:00
Prod_Diagnostic_18.txt,25-03-420,GW,0XB89A,Ignition,93,2026-05-10 02:11:00
Prod_Diagnostic_18.txt,25-03-420,GW,0X3775,CAN Load,103,2026-05-16 05:22:00
Prod_Diagnostic_18.txt,25-03-420,GW,0X3775,Eth Status,483,2026-05-16 05:22:00
Prod_Diagnostic_18.txt,25-03-420,GW,0X3775,Voltage,564,2026-05-16 05:22:00
Prod_Diagnostic_18.txt,25-03-420,GW,0X3775,Bus Errors,704,2026-05-16 05:22:00
Prod_Diagnostic_18.txt,25-03-420,GW,0X3775,Ignition,404,2026-05-16 05:22:00
Prod_Diagnostic_18.txt,25-03-420,GW,0XF9AF,CAN Load,939,2026-05-23 07:48:00
Prod_Diagnostic_18.txt,25-03-420,GW,0XF9AF,Eth Status,99,2026-05-23 07:48:00
Prod_Diagnostic_18.txt,25-03-420,GW,0XF9AF,Voltage,397,2026-05-23 07:48:00
Prod_Diagnostic_18.txt,25-03-420,GW,0XF9AF,Bus Errors,132,2026-05-23 07:48:00
Prod_Diagnostic_18.txt,25-03-420,GW,0XF9AF,Ignition,326,2026-05-23 07:48:00
Prod_Diagnostic_18.txt,25-03-420,TCM,0X765E,Gear,356,2026-05-13 17:04:00
Prod_Diagnostic_18.txt,25-03-420,TCM,0X765E,Oil Temp,501,2026-05-13 17:04:00
Prod_Diagnostic_18.txt,25-03-420,TCM,0X765E,Turbine Speed,686,2026-05-13 17:04:00
Prod_Diagnostic_18.txt,25-03-420,TCM,0X765E,Clutch Pressure,759,2026-05-13 17:04:00
Prod_Diagnostic_18.txt,25-03-420,TCM,0X765E,Output Speed,994,2026-05-13 17:04:00
Prod_Diagnostic_18.txt,25-03-420,TCM,0X16E2,Gear,514,2026-05-12 11:21:00
Prod_Diagnostic_18.txt,25-03-420,TCM,0X16E2,Oil Temp,843,2026-05-12 11:21:00
Prod_Diagnostic_18.txt,25-03-420,TCM,0X16E2,Turbine Speed,2,2026-05-12 11:21:00
Prod_Diagnostic_18.txt,25-03-420,TCM,0X16E2,Clutch Pressure,626,2026-05-12 11:21:00
Prod_Diagnostic_18.txt,25-03-420,TCM,0X16E2,Output Speed,614,2026-05-12 11:21:00
Prod_Diagnostic_18.txt,25-03-420,TCM,0XFA22,Gear,217,2026-05-16 06:02:00
Prod_Diagnostic_18.txt,25-03-420,TCM,0XFA22,Oil Temp,310,2026-05-16 06:02:00
Prod_Diagnostic_18.txt,25-03-420,TCM,0XFA22,Turbine Speed,446,2026-05-16 06:02:00
Prod_Diagnostic_18.txt,25-03-420,TCM,0XFA22,Clutch Pressure,96,2026-05-16 06:02:00
Prod_Diagnostic_18.txt,25-03-420,TCM,0XFA22,Output Speed,348,2026-05-16 06:02:00
Prod_Diagnostic_18.txt,25-03-420,TCM,0XB76F,Gear,841,2026-05-10 12:43:00
Prod_Diagnostic_18.txt,25-03-420,TCM,0XB76F,Oil Temp,493,2026-05-10 12:43:00
Prod_Diagnostic_18.txt,25-03-420,TCM,0XB76F,Turbine Speed,36,2026-05-10 12:43:00
Prod_Diagnostic_18.txt,25-03-420,TCM,0XB76F,Clutch Pressure,268,2026-05-10 12:43:00
Prod_Diagnostic_18.txt,25-03-420,TCM,0XB76F,Output Speed,982,2026-05-10 12:43:00
Prod_Diagnostic_18.txt,25-03-420,TCM,0X3DF4,Gear,703,2026-05-15 02:22:00
Prod_Diagnostic_18.txt,25-03-420,TCM,0X3DF4,Oil Temp,751,2026-05-15 02:22:00
Prod_Diagnostic_18.txt,25-03-420,TCM,0X3DF4,Turbine Speed,104,2026-05-15 02:22:00
Prod_Diagnostic_18.txt,25-03-420,TCM,0X3DF4,Clutch Pressure,672,2026-05-15 02:22:00
Prod_Diagnostic_18.txt,25-03-420,TCM,0X3DF4,Output Speed,884,2026-05-15 02:22:00
Prod_Diagnostic_18.txt,25-03-420,ECM,0XDDB5,RPM,703,2026-05-19 16:24:00
Prod_Diagnostic_18.txt,25-03-420,ECM,0XDDB5,Coolant Temp,466,2026-05-19 16:24:00
Prod_Diagnostic_18.txt,25-03-420,ECM,0XDDB5,Fuel Pressure,12,2026-05-19 16:24:00
Prod_Diagnostic_18.txt,25-03-420,ECM,0XDDB5,Boost Pressure,498,2026-05-19 16:24:00
Prod_Diagnostic_18.txt,25-03-420,ECM,0XDDB5,Engine Load,670,2026-05-19 16:24:00
Prod_Diagnostic_18.txt,25-03-420,ECM,0X7C26,RPM,619,2026-05-24 20:07:00
Prod_Diagnostic_18.txt,25-03-420,ECM,0X7C26,Coolant Temp,827,2026-05-24 20:07:00
Prod_Diagnostic_18.txt,25-03-420,ECM,0X7C26,Fuel Pressure,822,2026-05-24 20:07:00
Prod_Diagnostic_18.txt,25-03-420,ECM,0X7C26,Boost Pressure,931,2026-05-24 20:07:00
Prod_Diagnostic_18.txt,25-03-420,ECM,0X7C26,Engine Load,462,2026-05-24 20:07:00
Prod_Diagnostic_18.txt,25-03-420,ECM,0X6F71,RPM,184,2026-05-12 03:50:00
Prod_Diagnostic_18.txt,25-03-420,ECM,0X6F71,Coolant Temp,435,2026-05-12 03:50:00
Prod_Diagnostic_18.txt,25-03-420,ECM,0X6F71,Fuel Pressure,545,2026-05-12 03:50:00
Prod_Diagnostic_18.txt,25-03-420,ECM,0X6F71,Boost Pressure,778,2026-05-12 03:50:00
Prod_Diagnostic_18.txt,25-03-420,ECM,0X6F71,Engine Load,393,2026-05-12 03:50:00
Prod_Diagnostic_18.txt,25-03-420,ECM,0X367F,RPM,630,2026-05-07 16:52:00
Prod_Diagnostic_18.txt,25-03-420,ECM,0X367F,Coolant Temp,746,2026-05-07 16:52:00
Prod_Diagnostic_18.txt,25-03-420,ECM,0X367F,Fuel Pressure,894,2026-05-07 16:52:00
Prod_Diagnostic_18.txt,25-03-420,ECM,0X367F,Boost Pressure,466,2026-05-07 16:52:00
Prod_Diagnostic_18.txt,25-03-420,ECM,0X367F,Engine Load,446,2026-05-07 16:52:00
Prod_Diagnostic_18.txt,25-03-420,ECM,0X86FA,RPM,911,2026-05-15 11:03:00
Prod_Diagnostic_18.txt,25-03-420,ECM,0X86FA,Coolant Temp,614,2026-05-15 11:03:00
Prod_Diagnostic_18.txt,25-03-420,ECM,0X86FA,Fuel Pressure,703,2026-05-15 11:03:00
Prod_Diagnostic_18.txt,25-03-420,ECM,0X86FA,Boost Pressure,379,2026-05-15 11:03:00
Prod_Diagnostic_18.txt,25-03-420,ECM,0X86FA,Engine Load,259,2026-05-15 11:03:00
Prod_Diagnostic_18.txt,25-03-420,BCM,0X6663,Battery Voltage,366,2026-05-09 05:18:00
Prod_Diagnostic_18.txt,25-03-420,BCM,0X6663,Door Status,428,2026-05-09 05:18:00
Prod_Diagnostic_18.txt,25-03-420,BCM,0X6663,Lock State,18,2026-05-09 05:18:00
Prod_Diagnostic_18.txt,25-03-420,BCM,0X6663,Ignition,458,2026-05-09 05:18:00
Prod_Diagnostic_18.txt,25-03-420,BCM,0X6663,Window Pos,333,2026-05-09 05:18:00
Prod_Diagnostic_18.txt,25-03-420,BCM,0XB2CF,Battery Voltage,757,2026-05-24 01:34:00
Prod_Diagnostic_18.txt,25-03-420,BCM,0XB2CF,Door Status,406,2026-05-24 01:34:00
Prod_Diagnostic_18.txt,25-03-420,BCM,0XB2CF,Lock State,255,2026-05-24 01:34:00
Prod_Diagnostic_18.txt,25-03-420,BCM,0XB2CF,Ignition,180,2026-05-24 01:34:00
Prod_Diagnostic_18.txt,25-03-420,BCM,0XB2CF,Window Pos,87,2026-05-24 01:34:00
Prod_Diagnostic_18.txt,25-03-420,BCM,0X2835,Battery Voltage,996,2026-05-14 08:22:00
Prod_Diagnostic_18.txt,25-03-420,BCM,0X2835,Door Status,470,2026-05-14 08:22:00
Prod_Diagnostic_18.txt,25-03-420,BCM,0X2835,Lock State,706,2026-05-14 08:22:00
Prod_Diagnostic_18.txt,25-03-420,BCM,0X2835,Ignition,633,2026-05-14 08:22:00
Prod_Diagnostic_18.txt,25-03-420,BCM,0X2835,Window Pos,250,2026-05-14 08:22:00
Prod_Diagnostic_18.txt,25-03-420,BCM,0XA1AE,Battery Voltage,624,2026-05-12 01:09:00
Prod_Diagnostic_18.txt,25-03-420,BCM,0XA1AE,Door Status,742,2026-05-12 01:09:00
Prod_Diagnostic_18.txt,25-03-420,BCM,0XA1AE,Lock State,654,2026-05-12 01:09:00
Prod_Diagnostic_18.txt,25-03-420,BCM,0XA1AE,Ignition,832,2026-05-12 01:09:00
Prod_Diagnostic_18.txt,25-03-420,BCM,0XA1AE,Window Pos,904,2026-05-12 01:09:00
Prod_Diagnostic_18.txt,25-03-420,BCM,0X71C5,Battery Voltage,433,2026-05-21 23:19:00
Prod_Diagnostic_18.txt,25-03-420,BCM,0X71C5,Door Status,411,2026-05-21 23:19:00
Prod_Diagnostic_18.txt,25-03-420,BCM,0X71C5,Lock State,23,2026-05-21 23:19:00
Prod_Diagnostic_18.txt,25-03-420,BCM,0X71C5,Ignition,189,2026-05-21 23:19:00
Prod_Diagnostic_18.txt,25-03-420,BCM,0X71C5,Window Pos,974,2026-05-21 23:19:00
Prod_Diagnostic_18.txt,25-03-420,HVAC,0XC8BA,Cabin Temp,268,2026-05-04 06:36:00
Prod_Diagnostic_18.txt,25-03-420,HVAC,0XC8BA,Blower Speed,311,2026-05-04 06:36:00
Prod_Diagnostic_18.txt,25-03-420,HVAC,0XC8BA,Evap Temp,631,2026-05-04 06:36:00
Prod_Diagnostic_18.txt,25-03-420,HVAC,0XC8BA,Ambient Temp,527,2026-05-04 06:36:00
Prod_Diagnostic_18.txt,25-03-420,HVAC,0XC8BA,AC Pressure,553,2026-05-04 06:36:00
Prod_Diagnostic_18.txt,25-03-420,HVAC,0XC1BA,Cabin Temp,765,2026-05-07 13:17:00
Prod_Diagnostic_18.txt,25-03-420,HVAC,0XC1BA,Blower Speed,706,2026-05-07 13:17:00
Prod_Diagnostic_18.txt,25-03-420,HVAC,0XC1BA,Evap Temp,797,2026-05-07 13:17:00
Prod_Diagnostic_18.txt,25-03-420,HVAC,0XC1BA,Ambient Temp,191,2026-05-07 13:17:00
Prod_Diagnostic_18.txt,25-03-420,HVAC,0XC1BA,AC Pressure,284,2026-05-07 13:17:00
Prod_Diagnostic_18.txt,25-03-420,HVAC,0XBBE3,Cabin Temp,6,2026-05-22 09:17:00
Prod_Diagnostic_18.txt,25-03-420,HVAC,0XBBE3,Blower Speed,417,2026-05-22 09:17:00
Prod_Diagnostic_18.txt,25-03-420,HVAC,0XBBE3,Evap Temp,213,2026-05-22 09:17:00
Prod_Diagnostic_18.txt,25-03-420,HVAC,0XBBE3,Ambient Temp,20,2026-05-22 09:17:00
Prod_Diagnostic_18.txt,25-03-420,HVAC,0XBBE3,AC Pressure,801,2026-05-22 09:17:00
Prod_Diagnostic_18.txt,25-03-420,HVAC,0XB83F,Cabin Temp,100,2026-05-20 20:20:00
Prod_Diagnostic_18.txt,25-03-420,HVAC,0XB83F,Blower Speed,227,2026-05-20 20:20:00
Prod_Diagnostic_18.txt,25-03-420,HVAC,0XB83F,Evap Temp,231,2026-05-20 20:20:00
Prod_Diagnostic_18.txt,25-03-420,HVAC,0XB83F,Ambient Temp,19,2026-05-20 20:20:00
Prod_Diagnostic_18.txt,25-03-420,HVAC,0XB83F,AC Pressure,727,2026-05-20 20:20:00
Prod_Diagnostic_18.txt,25-03-420,HVAC,0X4897,Cabin Temp,431,2026-05-27 14:37:00
Prod_Diagnostic_18.txt,25-03-420,HVAC,0X4897,Blower Speed,651,2026-05-27 14:37:00
Prod_Diagnostic_18.txt,25-03-420,HVAC,0X4897,Evap Temp,610,2026-05-27 14:37:00
Prod_Diagnostic_18.txt,25-03-420,HVAC,0X4897,Ambient Temp,337,2026-05-27 14:37:00
Prod_Diagnostic_18.txt,25-03-420,HVAC,0X4897,AC Pressure,555,2026-05-27 14:37:00
Prod_Diagnostic_18.txt,25-03-420,OBC,0X89C1,AC Voltage,456,2026-05-11 11:52:00
Prod_Diagnostic_18.txt,25-03-420,OBC,0X89C1,Charge Current,156,2026-05-11 11:52:00
Prod_Diagnostic_18.txt,25-03-420,OBC,0X89C1,Battery Temp,474,2026-05-11 11:52:00
Prod_Diagnostic_18.txt,25-03-420,OBC,0X89C1,SOC,875,2026-05-11 11:52:00
Prod_Diagnostic_18.txt,25-03-420,OBC,0X89C1,Input Freq,761,2026-05-11 11:52:00
Prod_Diagnostic_18.txt,25-03-420,OBC,0X45EC,AC Voltage,677,2026-05-09 12:02:00
Prod_Diagnostic_18.txt,25-03-420,OBC,0X45EC,Charge Current,873,2026-05-09 12:02:00
Prod_Diagnostic_18.txt,25-03-420,OBC,0X45EC,Battery Temp,586,2026-05-09 12:02:00
Prod_Diagnostic_18.txt,25-03-420,OBC,0X45EC,SOC,991,2026-05-09 12:02:00
Prod_Diagnostic_18.txt,25-03-420,OBC,0X45EC,Input Freq,81,2026-05-09 12:02:00
Prod_Diagnostic_18.txt,25-03-420,OBC,0X9FB3,AC Voltage,769,2026-05-12 09:18:00
Prod_Diagnostic_18.txt,25-03-420,OBC,0X9FB3,Charge Current,323,2026-05-12 09:18:00
Prod_Diagnostic_18.txt,25-03-420,OBC,0X9FB3,Battery Temp,463,2026-05-12 09:18:00
Prod_Diagnostic_18.txt,25-03-420,OBC,0X9FB3,SOC,691,2026-05-12 09:18:00
Prod_Diagnostic_18.txt,25-03-420,OBC,0X9FB3,Input Freq,479,2026-05-12 09:18:00
Prod_Diagnostic_18.txt,25-03-420,OBC,0X37E9,AC Voltage,426,2026-05-12 18:27:00
Prod_Diagnostic_18.txt,25-03-420,OBC,0X37E9,Charge Current,784,2026-05-12 18:27:00
Prod_Diagnostic_18.txt,25-03-420,OBC,0X37E9,Battery Temp,24,2026-05-12 18:27:00
Prod_Diagnostic_18.txt,25-03-420,OBC,0X37E9,SOC,770,2026-05-12 18:27:00
Prod_Diagnostic_18.txt,25-03-420,OBC,0X37E9,Input Freq,997,2026-05-12 18:27:00
Prod_Diagnostic_18.txt,25-03-420,OBC,0X9E72,AC Voltage,622,2026-05-18 04:24:00
Prod_Diagnostic_18.txt,25-03-420,OBC,0X9E72,Charge Current,972,2026-05-18 04:24:00
Prod_Diagnostic_18.txt,25-03-420,OBC,0X9E72,Battery Temp,871,2026-05-18 04:24:00
Prod_Diagnostic_18.txt,25-03-420,OBC,0X9E72,SOC,127,2026-05-18 04:24:00
Prod_Diagnostic_18.txt,25-03-420,OBC,0X9E72,Input Freq,100,2026-05-18 04:24:00
Prod_Diagnostic_18.txt,25-03-420,EPS,0X47E2,Steering Angle,797,2026-05-06 05:49:00
Prod_Diagnostic_18.txt,25-03-420,EPS,0X47E2,Driver Torque,753,2026-05-06 05:49:00
Prod_Diagnostic_18.txt,25-03-420,EPS,0X47E2,Motor Current,411,2026-05-06 05:49:00
Prod_Diagnostic_18.txt,25-03-420,EPS,0X47E2,Supply Voltage,564,2026-05-06 05:49:00
Prod_Diagnostic_18.txt,25-03-420,EPS,0X47E2,Speed,419,2026-05-06 05:49:00
Prod_Diagnostic_18.txt,25-03-420,EPS,0XD053,Steering Angle,109,2026-05-11 11:40:00
Prod_Diagnostic_18.txt,25-03-420,EPS,0XD053,Driver Torque,681,2026-05-11 11:40:00
Prod_Diagnostic_18.txt,25-03-420,EPS,0XD053,Motor Current,906,2026-05-11 11:40:00
Prod_Diagnostic_18.txt,25-03-420,EPS,0XD053,Supply Voltage,704,2026-05-11 11:40:00
Prod_Diagnostic_18.txt,25-03-420,EPS,0XD053,Speed,984,2026-05-11 11:40:00
Prod_Diagnostic_18.txt,25-03-420,EPS,0X9097,Steering Angle,775,2026-05-28 12:31:00
Prod_Diagnostic_18.txt,25-03-420,EPS,0X9097,Driver Torque,476,2026-05-28 12:31:00
Prod_Diagnostic_18.txt,25-03-420,EPS,0X9097,Motor Current,294,2026-05-28 12:31:00
Prod_Diagnostic_18.txt,25-03-420,EPS,0X9097,Supply Voltage,846,2026-05-28 12:31:00
Prod_Diagnostic_18.txt,25-03-420,EPS,0X9097,Speed,947,2026-05-28 12:31:00
Prod_Diagnostic_18.txt,25-03-420,EPS,0X382F,Steering Angle,476,2026-05-18 10:48:00
Prod_Diagnostic_18.txt,25-03-420,EPS,0X382F,Driver Torque,672,2026-05-18 10:48:00
Prod_Diagnostic_18.txt,25-03-420,EPS,0X382F,Motor Current,177,2026-05-18 10:48:00
Prod_Diagnostic_18.txt,25-03-420,EPS,0X382F,Supply Voltage,700,2026-05-18 10:48:00
Prod_Diagnostic_18.txt,25-03-420,EPS,0X382F,Speed,930,2026-05-18 10:48:00
Prod_Diagnostic_18.txt,25-03-420,EPS,0X7223,Steering Angle,30,2026-05-14 06:40:00
Prod_Diagnostic_18.txt,25-03-420,EPS,0X7223,Driver Torque,634,2026-05-14 06:40:00
Prod_Diagnostic_18.txt,25-03-420,EPS,0X7223,Motor Current,230,2026-05-14 06:40:00
Prod_Diagnostic_18.txt,25-03-420,EPS,0X7223,Supply Voltage,142,2026-05-14 06:40:00
Prod_Diagnostic_18.txt,25-03-420,EPS,0X7223,Speed,625,2026-05-14 06:40:00
Prod_Diagnostic_19.txt,24-07-510,RADAR,0XA54E,Target Distance,521,2026-05-09 11:46:00
Prod_Diagnostic_19.txt,24-07-510,RADAR,0XA54E,Relative Speed,764,2026-05-09 11:46:00
Prod_Diagnostic_19.txt,24-07-510,RADAR,0XA54E,Object Count,892,2026-05-09 11:46:00
Prod_Diagnostic_19.txt,24-07-510,RADAR,0XA54E,Speed,530,2026-05-09 11:46:00
Prod_Diagnostic_19.txt,24-07-510,RADAR,0XA54E,Temperature,416,2026-05-09 11:46:00
Prod_Diagnostic_19.txt,24-07-510,RADAR,0XAE53,Target Distance,536,2026-05-19 16:20:00
Prod_Diagnostic_19.txt,24-07-510,RADAR,0XAE53,Relative Speed,384,2026-05-19 16:20:00
Prod_Diagnostic_19.txt,24-07-510,RADAR,0XAE53,Object Count,388,2026-05-19 16:20:00
Prod_Diagnostic_19.txt,24-07-510,RADAR,0XAE53,Speed,887,2026-05-19 16:20:00
Prod_Diagnostic_19.txt,24-07-510,RADAR,0XAE53,Temperature,949,2026-05-19 16:20:00
Prod_Diagnostic_19.txt,24-07-510,RADAR,0XB5FC,Target Distance,685,2026-05-16 12:00:00
Prod_Diagnostic_19.txt,24-07-510,RADAR,0XB5FC,Relative Speed,970,2026-05-16 12:00:00
Prod_Diagnostic_19.txt,24-07-510,RADAR,0XB5FC,Object Count,67,2026-05-16 12:00:00
Prod_Diagnostic_19.txt,24-07-510,RADAR,0XB5FC,Speed,351,2026-05-16 12:00:00
Prod_Diagnostic_19.txt,24-07-510,RADAR,0XB5FC,Temperature,231,2026-05-16 12:00:00
Prod_Diagnostic_19.txt,24-07-510,RADAR,0X44D8,Target Distance,123,2026-05-25 23:50:00
Prod_Diagnostic_19.txt,24-07-510,RADAR,0X44D8,Relative Speed,666,2026-05-25 23:50:00
Prod_Diagnostic_19.txt,24-07-510,RADAR,0X44D8,Object Count,202,2026-05-25 23:50:00
Prod_Diagnostic_19.txt,24-07-510,RADAR,0X44D8,Speed,366,2026-05-25 23:50:00
Prod_Diagnostic_19.txt,24-07-510,RADAR,0X44D8,Temperature,511,2026-05-25 23:50:00
Prod_Diagnostic_19.txt,24-07-510,RADAR,0XA1C4,Target Distance,681,2026-05-24 06:23:00
Prod_Diagnostic_19.txt,24-07-510,RADAR,0XA1C4,Relative Speed,34,2026-05-24 06:23:00
Prod_Diagnostic_19.txt,24-07-510,RADAR,0XA1C4,Object Count,409,2026-05-24 06:23:00
Prod_Diagnostic_19.txt,24-07-510,RADAR,0XA1C4,Speed,642,2026-05-24 06:23:00
Prod_Diagnostic_19.txt,24-07-510,RADAR,0XA1C4,Temperature,102,2026-05-24 06:23:00
Prod_Diagnostic_19.txt,24-07-510,GW,0X91E6,CAN Load,894,2026-05-28 23:34:00
Prod_Diagnostic_19.txt,24-07-510,GW,0X91E6,Eth Status,82,2026-05-28 23:34:00
Prod_Diagnostic_19.txt,24-07-510,GW,0X91E6,Voltage,994,2026-05-28 23:34:00
Prod_Diagnostic_19.txt,24-07-510,GW,0X91E6,Bus Errors,818,2026-05-28 23:34:00
Prod_Diagnostic_19.txt,24-07-510,GW,0X91E6,Ignition,58,2026-05-28 23:34:00
Prod_Diagnostic_19.txt,24-07-510,GW,0XA113,CAN Load,707,2026-05-26 23:11:00
Prod_Diagnostic_19.txt,24-07-510,GW,0XA113,Eth Status,959,2026-05-26 23:11:00
Prod_Diagnostic_19.txt,24-07-510,GW,0XA113,Voltage,667,2026-05-26 23:11:00
Prod_Diagnostic_19.txt,24-07-510,GW,0XA113,Bus Errors,879,2026-05-26 23:11:00
Prod_Diagnostic_19.txt,24-07-510,GW,0XA113,Ignition,251,2026-05-26 23:11:00
Prod_Diagnostic_19.txt,24-07-510,GW,0XC08C,CAN Load,285,2026-05-20 08:35:00
Prod_Diagnostic_19.txt,24-07-510,GW,0XC08C,Eth Status,94,2026-05-20 08:35:00
Prod_Diagnostic_19.txt,24-07-510,GW,0XC08C,Voltage,761,2026-05-20 08:35:00
Prod_Diagnostic_19.txt,24-07-510,GW,0XC08C,Bus Errors,195,2026-05-20 08:35:00
Prod_Diagnostic_19.txt,24-07-510,GW,0XC08C,Ignition,751,2026-05-20 08:35:00
Prod_Diagnostic_19.txt,24-07-510,GW,0XF7F8,CAN Load,600,2026-05-07 07:15:00
Prod_Diagnostic_19.txt,24-07-510,GW,0XF7F8,Eth Status,780,2026-05-07 07:15:00
Prod_Diagnostic_19.txt,24-07-510,GW,0XF7F8,Voltage,596,2026-05-07 07:15:00
Prod_Diagnostic_19.txt,24-07-510,GW,0XF7F8,Bus Errors,489,2026-05-07 07:15:00
Prod_Diagnostic_19.txt,24-07-510,GW,0XF7F8,Ignition,476,2026-05-07 07:15:00
Prod_Diagnostic_19.txt,24-07-510,GW,0X9974,CAN Load,453,2026-05-07 15:07:00
Prod_Diagnostic_19.txt,24-07-510,GW,0X9974,Eth Status,86,2026-05-07 15:07:00
Prod_Diagnostic_19.txt,24-07-510,GW,0X9974,Voltage,488,2026-05-07 15:07:00
Prod_Diagnostic_19.txt,24-07-510,GW,0X9974,Bus Errors,203,2026-05-07 15:07:00
Prod_Diagnostic_19.txt,24-07-510,GW,0X9974,Ignition,103,2026-05-07 15:07:00
Prod_Diagnostic_19.txt,24-07-510,FCAM,0XA6E1,Lane Confidence,441,2026-05-19 00:37:00
Prod_Diagnostic_19.txt,24-07-510,FCAM,0XA6E1,Visibility,882,2026-05-19 00:37:00
Prod_Diagnostic_19.txt,24-07-510,FCAM,0XA6E1,Image Quality,927,2026-05-19 00:37:00
Prod_Diagnostic_19.txt,24-07-510,FCAM,0XA6E1,Speed,115,2026-05-19 00:37:00
Prod_Diagnostic_19.txt,24-07-510,FCAM,0XA6E1,Light Level,738,2026-05-19 00:37:00
Prod_Diagnostic_19.txt,24-07-510,FCAM,0XD703,Lane Confidence,258,2026-05-25 14:00:00
Prod_Diagnostic_19.txt,24-07-510,FCAM,0XD703,Visibility,773,2026-05-25 14:00:00
Prod_Diagnostic_19.txt,24-07-510,FCAM,0XD703,Image Quality,417,2026-05-25 14:00:00
Prod_Diagnostic_19.txt,24-07-510,FCAM,0XD703,Speed,616,2026-05-25 14:00:00
Prod_Diagnostic_19.txt,24-07-510,FCAM,0XD703,Light Level,278,2026-05-25 14:00:00
Prod_Diagnostic_19.txt,24-07-510,FCAM,0XB191,Lane Confidence,307,2026-05-17 09:41:00
Prod_Diagnostic_19.txt,24-07-510,FCAM,0XB191,Visibility,271,2026-05-17 09:41:00
Prod_Diagnostic_19.txt,24-07-510,FCAM,0XB191,Image Quality,889,2026-05-17 09:41:00
Prod_Diagnostic_19.txt,24-07-510,FCAM,0XB191,Speed,545,2026-05-17 09:41:00
Prod_Diagnostic_19.txt,24-07-510,FCAM,0XB191,Light Level,255,2026-05-17 09:41:00
Prod_Diagnostic_19.txt,24-07-510,FCAM,0X5679,Lane Confidence,775,2026-05-21 14:07:00
Prod_Diagnostic_19.txt,24-07-510,FCAM,0X5679,Visibility,969,2026-05-21 14:07:00
Prod_Diagnostic_19.txt,24-07-510,FCAM,0X5679,Image Quality,187,2026-05-21 14:07:00
Prod_Diagnostic_19.txt,24-07-510,FCAM,0X5679,Speed,500,2026-05-21 14:07:00
Prod_Diagnostic_19.txt,24-07-510,FCAM,0X5679,Light Level,7,2026-05-21 14:07:00
Prod_Diagnostic_19.txt,24-07-510,FCAM,0XF4B3,Lane Confidence,443,2026-05-06 02:48:00
Prod_Diagnostic_19.txt,24-07-510,FCAM,0XF4B3,Visibility,690,2026-05-06 02:48:00
Prod_Diagnostic_19.txt,24-07-510,FCAM,0XF4B3,Image Quality,312,2026-05-06 02:48:00
Prod_Diagnostic_19.txt,24-07-510,FCAM,0XF4B3,Speed,97,2026-05-06 02:48:00
Prod_Diagnostic_19.txt,24-07-510,FCAM,0XF4B3,Light Level,948,2026-05-06 02:48:00
Prod_Diagnostic_19.txt,24-07-510,HVAC,0X67A9,Cabin Temp,238,2026-05-07 03:48:00
Prod_Diagnostic_19.txt,24-07-510,HVAC,0X67A9,Blower Speed,219,2026-05-07 03:48:00
Prod_Diagnostic_19.txt,24-07-510,HVAC,0X67A9,Evap Temp,315,2026-05-07 03:48:00
Prod_Diagnostic_19.txt,24-07-510,HVAC,0X67A9,Ambient Temp,514,2026-05-07 03:48:00
Prod_Diagnostic_19.txt,24-07-510,HVAC,0X67A9,AC Pressure,313,2026-05-07 03:48:00
Prod_Diagnostic_19.txt,24-07-510,HVAC,0XD434,Cabin Temp,689,2026-05-20 06:36:00
Prod_Diagnostic_19.txt,24-07-510,HVAC,0XD434,Blower Speed,159,2026-05-20 06:36:00
Prod_Diagnostic_19.txt,24-07-510,HVAC,0XD434,Evap Temp,332,2026-05-20 06:36:00
Prod_Diagnostic_19.txt,24-07-510,HVAC,0XD434,Ambient Temp,161,2026-05-20 06:36:00
Prod_Diagnostic_19.txt,24-07-510,HVAC,0XD434,AC Pressure,197,2026-05-20 06:36:00
Prod_Diagnostic_19.txt,24-07-510,HVAC,0XD92A,Cabin Temp,670,2026-05-11 16:30:00
Prod_Diagnostic_19.txt,24-07-510,HVAC,0XD92A,Blower Speed,610,2026-05-11 16:30:00
Prod_Diagnostic_19.txt,24-07-510,HVAC,0XD92A,Evap Temp,808,2026-05-11 16:30:00
Prod_Diagnostic_19.txt,24-07-510,HVAC,0XD92A,Ambient Temp,427,2026-05-11 16:30:00
Prod_Diagnostic_19.txt,24-07-510,HVAC,0XD92A,AC Pressure,799,2026-05-11 16:30:00
Prod_Diagnostic_19.txt,24-07-510,HVAC,0X4A8D,Cabin Temp,745,2026-05-05 09:21:00
Prod_Diagnostic_19.txt,24-07-510,HVAC,0X4A8D,Blower Speed,363,2026-05-05 09:21:00
Prod_Diagnostic_19.txt,24-07-510,HVAC,0X4A8D,Evap Temp,850,2026-05-05 09:21:00
Prod_Diagnostic_19.txt,24-07-510,HVAC,0X4A8D,Ambient Temp,764,2026-05-05 09:21:00
Prod_Diagnostic_19.txt,24-07-510,HVAC,0X4A8D,AC Pressure,323,2026-05-05 09:21:00
Prod_Diagnostic_19.txt,24-07-510,HVAC,0X5EDA,Cabin Temp,992,2026-05-01 12:03:00
Prod_Diagnostic_19.txt,24-07-510,HVAC,0X5EDA,Blower Speed,419,2026-05-01 12:03:00
Prod_Diagnostic_19.txt,24-07-510,HVAC,0X5EDA,Evap Temp,363,2026-05-01 12:03:00
Prod_Diagnostic_19.txt,24-07-510,HVAC,0X5EDA,Ambient Temp,662,2026-05-01 12:03:00
Prod_Diagnostic_19.txt,24-07-510,HVAC,0X5EDA,AC Pressure,825,2026-05-01 12:03:00
Prod_Diagnostic_19.txt,24-07-510,TCU,0X84F6,RSSI,302,2026-05-22 22:16:00
Prod_Diagnostic_19.txt,24-07-510,TCU,0X84F6,GPS Status,853,2026-05-22 22:16:00
Prod_Diagnostic_19.txt,24-07-510,TCU,0X84F6,Network Type,383,2026-05-22 22:16:00
Prod_Diagnostic_19.txt,24-07-510,TCU,0X84F6,Speed,25,2026-05-22 22:16:00
Prod_Diagnostic_19.txt,24-07-510,TCU,0X84F6,Voltage,330,2026-05-22 22:16:00
Prod_Diagnostic_19.txt,24-07-510,TCU,0XDA79,RSSI,221,2026-05-24 06:51:00
Prod_Diagnostic_19.txt,24-07-510,TCU,0XDA79,GPS Status,633,2026-05-24 06:51:00
Prod_Diagnostic_19.txt,24-07-510,TCU,0XDA79,Network Type,516,2026-05-24 06:51:00
Prod_Diagnostic_19.txt,24-07-510,TCU,0XDA79,Speed,451,2026-05-24 06:51:00
Prod_Diagnostic_19.txt,24-07-510,TCU,0XDA79,Voltage,877,2026-05-24 06:51:00
Prod_Diagnostic_19.txt,24-07-510,TCU,0X2B59,RSSI,608,2026-05-24 15:46:00
Prod_Diagnostic_19.txt,24-07-510,TCU,0X2B59,GPS Status,482,2026-05-24 15:46:00
Prod_Diagnostic_19.txt,24-07-510,TCU,0X2B59,Network Type,975,2026-05-24 15:46:00
Prod_Diagnostic_19.txt,24-07-510,TCU,0X2B59,Speed,995,2026-05-24 15:46:00
Prod_Diagnostic_19.txt,24-07-510,TCU,0X2B59,Voltage,970,2026-05-24 15:46:00
Prod_Diagnostic_19.txt,24-07-510,TCU,0XD7FE,RSSI,385,2026-05-09 19:37:00
Prod_Diagnostic_19.txt,24-07-510,TCU,0XD7FE,GPS Status,61,2026-05-09 19:37:00
Prod_Diagnostic_19.txt,24-07-510,TCU,0XD7FE,Network Type,104,2026-05-09 19:37:00
Prod_Diagnostic_19.txt,24-07-510,TCU,0XD7FE,Speed,58,2026-05-09 19:37:00
Prod_Diagnostic_19.txt,24-07-510,TCU,0XD7FE,Voltage,655,2026-05-09 19:37:00
Prod_Diagnostic_19.txt,24-07-510,TCU,0X56AA,RSSI,902,2026-05-04 15:08:00
Prod_Diagnostic_19.txt,24-07-510,TCU,0X56AA,GPS Status,768,2026-05-04 15:08:00
Prod_Diagnostic_19.txt,24-07-510,TCU,0X56AA,Network Type,76,2026-05-04 15:08:00
Prod_Diagnostic_19.txt,24-07-510,TCU,0X56AA,Speed,333,2026-05-04 15:08:00
Prod_Diagnostic_19.txt,24-07-510,TCU,0X56AA,Voltage,794,2026-05-04 15:08:00
Prod_Diagnostic_19.txt,24-07-510,ADAS,0XE306,CPU Load,91,2026-05-19 06:35:00
Prod_Diagnostic_19.txt,24-07-510,ADAS,0XE306,Lane State,449,2026-05-19 06:35:00
Prod_Diagnostic_19.txt,24-07-510,ADAS,0XE306,Object Count,252,2026-05-19 06:35:00
Prod_Diagnostic_19.txt,24-07-510,ADAS,0XE306,Voltage,336,2026-05-19 06:35:00
Prod_Diagnostic_19.txt,24-07-510,ADAS,0XE306,Speed,587,2026-05-19 06:35:00
Prod_Diagnostic_19.txt,24-07-510,ADAS,0XD346,CPU Load,23,2026-05-27 09:44:00
Prod_Diagnostic_19.txt,24-07-510,ADAS,0XD346,Lane State,144,2026-05-27 09:44:00
Prod_Diagnostic_19.txt,24-07-510,ADAS,0XD346,Object Count,791,2026-05-27 09:44:00
Prod_Diagnostic_19.txt,24-07-510,ADAS,0XD346,Voltage,789,2026-05-27 09:44:00
Prod_Diagnostic_19.txt,24-07-510,ADAS,0XD346,Speed,70,2026-05-27 09:44:00
Prod_Diagnostic_19.txt,24-07-510,ADAS,0XEA7A,CPU Load,234,2026-05-06 10:29:00
Prod_Diagnostic_19.txt,24-07-510,ADAS,0XEA7A,Lane State,472,2026-05-06 10:29:00
Prod_Diagnostic_19.txt,24-07-510,ADAS,0XEA7A,Object Count,371,2026-05-06 10:29:00
Prod_Diagnostic_19.txt,24-07-510,ADAS,0XEA7A,Voltage,342,2026-05-06 10:29:00
Prod_Diagnostic_19.txt,24-07-510,ADAS,0XEA7A,Speed,204,2026-05-06 10:29:00
Prod_Diagnostic_19.txt,24-07-510,ADAS,0X515F,CPU Load,438,2026-05-04 20:26:00
Prod_Diagnostic_19.txt,24-07-510,ADAS,0X515F,Lane State,406,2026-05-04 20:26:00
Prod_Diagnostic_19.txt,24-07-510,ADAS,0X515F,Object Count,826,2026-05-04 20:26:00
Prod_Diagnostic_19.txt,24-07-510,ADAS,0X515F,Voltage,499,2026-05-04 20:26:00
Prod_Diagnostic_19.txt,24-07-510,ADAS,0X515F,Speed,818,2026-05-04 20:26:00
Prod_Diagnostic_19.txt,24-07-510,ADAS,0XE4E8,CPU Load,33,2026-05-01 18:27:00
Prod_Diagnostic_19.txt,24-07-510,ADAS,0XE4E8,Lane State,983,2026-05-01 18:27:00
Prod_Diagnostic_19.txt,24-07-510,ADAS,0XE4E8,Object Count,517,2026-05-01 18:27:00
Prod_Diagnostic_19.txt,24-07-510,ADAS,0XE4E8,Voltage,895,2026-05-01 18:27:00
Prod_Diagnostic_19.txt,24-07-510,ADAS,0XE4E8,Speed,818,2026-05-01 18:27:00
Prod_Diagnostic_19.txt,24-07-510,BCM,0XDA46,Battery Voltage,753,2026-05-11 20:04:00
Prod_Diagnostic_19.txt,24-07-510,BCM,0XDA46,Door Status,78,2026-05-11 20:04:00
Prod_Diagnostic_19.txt,24-07-510,BCM,0XDA46,Lock State,579,2026-05-11 20:04:00
Prod_Diagnostic_19.txt,24-07-510,BCM,0XDA46,Ignition,95,2026-05-11 20:04:00
Prod_Diagnostic_19.txt,24-07-510,BCM,0XDA46,Window Pos,998,2026-05-11 20:04:00
Prod_Diagnostic_19.txt,24-07-510,BCM,0XD7D4,Battery Voltage,945,2026-05-28 02:36:00
Prod_Diagnostic_19.txt,24-07-510,BCM,0XD7D4,Door Status,480,2026-05-28 02:36:00
Prod_Diagnostic_19.txt,24-07-510,BCM,0XD7D4,Lock State,625,2026-05-28 02:36:00
Prod_Diagnostic_19.txt,24-07-510,BCM,0XD7D4,Ignition,666,2026-05-28 02:36:00
Prod_Diagnostic_19.txt,24-07-510,BCM,0XD7D4,Window Pos,196,2026-05-28 02:36:00
Prod_Diagnostic_19.txt,24-07-510,BCM,0XD461,Battery Voltage,667,2026-05-15 23:09:00
Prod_Diagnostic_19.txt,24-07-510,BCM,0XD461,Door Status,339,2026-05-15 23:09:00
Prod_Diagnostic_19.txt,24-07-510,BCM,0XD461,Lock State,75,2026-05-15 23:09:00
Prod_Diagnostic_19.txt,24-07-510,BCM,0XD461,Ignition,187,2026-05-15 23:09:00
Prod_Diagnostic_19.txt,24-07-510,BCM,0XD461,Window Pos,664,2026-05-15 23:09:00
Prod_Diagnostic_19.txt,24-07-510,BCM,0X66FD,Battery Voltage,7,2026-05-13 18:18:00
Prod_Diagnostic_19.txt,24-07-510,BCM,0X66FD,Door Status,639,2026-05-13 18:18:00
Prod_Diagnostic_19.txt,24-07-510,BCM,0X66FD,Lock State,849,2026-05-13 18:18:00
Prod_Diagnostic_19.txt,24-07-510,BCM,0X66FD,Ignition,400,2026-05-13 18:18:00
Prod_Diagnostic_19.txt,24-07-510,BCM,0X66FD,Window Pos,20,2026-05-13 18:18:00
Prod_Diagnostic_19.txt,24-07-510,BCM,0X49A8,Battery Voltage,691,2026-05-28 07:37:00
Prod_Diagnostic_19.txt,24-07-510,BCM,0X49A8,Door Status,787,2026-05-28 07:37:00
Prod_Diagnostic_19.txt,24-07-510,BCM,0X49A8,Lock State,335,2026-05-28 07:37:00
Prod_Diagnostic_19.txt,24-07-510,BCM,0X49A8,Ignition,546,2026-05-28 07:37:00
Prod_Diagnostic_19.txt,24-07-510,BCM,0X49A8,Window Pos,469,2026-05-28 07:37:00
Prod_Diagnostic_19.txt,24-07-510,OBC,0XD519,AC Voltage,316,2026-05-07 04:13:00
Prod_Diagnostic_19.txt,24-07-510,OBC,0XD519,Charge Current,186,2026-05-07 04:13:00
Prod_Diagnostic_19.txt,24-07-510,OBC,0XD519,Battery Temp,104,2026-05-07 04:13:00
Prod_Diagnostic_19.txt,24-07-510,OBC,0XD519,SOC,27,2026-05-07 04:13:00
Prod_Diagnostic_19.txt,24-07-510,OBC,0XD519,Input Freq,547,2026-05-07 04:13:00
Prod_Diagnostic_19.txt,24-07-510,OBC,0XE83E,AC Voltage,892,2026-05-12 02:20:00
Prod_Diagnostic_19.txt,24-07-510,OBC,0XE83E,Charge Current,323,2026-05-12 02:20:00
Prod_Diagnostic_19.txt,24-07-510,OBC,0XE83E,Battery Temp,951,2026-05-12 02:20:00
Prod_Diagnostic_19.txt,24-07-510,OBC,0XE83E,SOC,236,2026-05-12 02:20:00
Prod_Diagnostic_19.txt,24-07-510,OBC,0XE83E,Input Freq,674,2026-05-12 02:20:00
Prod_Diagnostic_19.txt,24-07-510,OBC,0X43A2,AC Voltage,364,2026-05-08 06:49:00
Prod_Diagnostic_19.txt,24-07-510,OBC,0X43A2,Charge Current,28,2026-05-08 06:49:00
Prod_Diagnostic_19.txt,24-07-510,OBC,0X43A2,Battery Temp,141,2026-05-08 06:49:00
Prod_Diagnostic_19.txt,24-07-510,OBC,0X43A2,SOC,899,2026-05-08 06:49:00
Prod_Diagnostic_19.txt,24-07-510,OBC,0X43A2,Input Freq,921,2026-05-08 06:49:00
Prod_Diagnostic_19.txt,24-07-510,OBC,0X2F84,AC Voltage,450,2026-05-13 01:28:00
Prod_Diagnostic_19.txt,24-07-510,OBC,0X2F84,Charge Current,409,2026-05-13 01:28:00
Prod_Diagnostic_19.txt,24-07-510,OBC,0X2F84,Battery Temp,204,2026-05-13 01:28:00
Prod_Diagnostic_19.txt,24-07-510,OBC,0X2F84,SOC,211,2026-05-13 01:28:00
Prod_Diagnostic_19.txt,24-07-510,OBC,0X2F84,Input Freq,790,2026-05-13 01:28:00
Prod_Diagnostic_19.txt,24-07-510,OBC,0XA718,AC Voltage,125,2026-05-19 23:33:00
Prod_Diagnostic_19.txt,24-07-510,OBC,0XA718,Charge Current,167,2026-05-19 23:33:00
Prod_Diagnostic_19.txt,24-07-510,OBC,0XA718,Battery Temp,775,2026-05-19 23:33:00
Prod_Diagnostic_19.txt,24-07-510,OBC,0XA718,SOC,215,2026-05-19 23:33:00
Prod_Diagnostic_19.txt,24-07-510,OBC,0XA718,Input Freq,124,2026-05-19 23:33:00
Prod_Diagnostic_19.txt,24-07-510,TCM,0XCD9A,Gear,819,2026-05-07 06:05:00
Prod_Diagnostic_19.txt,24-07-510,TCM,0XCD9A,Oil Temp,520,2026-05-07 06:05:00
Prod_Diagnostic_19.txt,24-07-510,TCM,0XCD9A,Turbine Speed,369,2026-05-07 06:05:00
Prod_Diagnostic_19.txt,24-07-510,TCM,0XCD9A,Clutch Pressure,490,2026-05-07 06:05:00
Prod_Diagnostic_19.txt,24-07-510,TCM,0XCD9A,Output Speed,262,2026-05-07 06:05:00
Prod_Diagnostic_19.txt,24-07-510,TCM,0X2CAB,Gear,985,2026-05-26 13:25:00
Prod_Diagnostic_19.txt,24-07-510,TCM,0X2CAB,Oil Temp,879,2026-05-26 13:25:00
Prod_Diagnostic_19.txt,24-07-510,TCM,0X2CAB,Turbine Speed,103,2026-05-26 13:25:00
Prod_Diagnostic_19.txt,24-07-510,TCM,0X2CAB,Clutch Pressure,364,2026-05-26 13:25:00
Prod_Diagnostic_19.txt,24-07-510,TCM,0X2CAB,Output Speed,370,2026-05-26 13:25:00
Prod_Diagnostic_19.txt,24-07-510,TCM,0XE627,Gear,667,2026-05-08 22:05:00
Prod_Diagnostic_19.txt,24-07-510,TCM,0XE627,Oil Temp,660,2026-05-08 22:05:00
Prod_Diagnostic_19.txt,24-07-510,TCM,0XE627,Turbine Speed,830,2026-05-08 22:05:00
Prod_Diagnostic_19.txt,24-07-510,TCM,0XE627,Clutch Pressure,400,2026-05-08 22:05:00
Prod_Diagnostic_19.txt,24-07-510,TCM,0XE627,Output Speed,897,2026-05-08 22:05:00
Prod_Diagnostic_19.txt,24-07-510,TCM,0X140E,Gear,255,2026-05-02 04:54:00
Prod_Diagnostic_19.txt,24-07-510,TCM,0X140E,Oil Temp,182,2026-05-02 04:54:00
Prod_Diagnostic_19.txt,24-07-510,TCM,0X140E,Turbine Speed,579,2026-05-02 04:54:00
Prod_Diagnostic_19.txt,24-07-510,TCM,0X140E,Clutch Pressure,10,2026-05-02 04:54:00
Prod_Diagnostic_19.txt,24-07-510,TCM,0X140E,Output Speed,132,2026-05-02 04:54:00
Prod_Diagnostic_19.txt,24-07-510,TCM,0X37DF,Gear,215,2026-05-02 19:51:00
Prod_Diagnostic_19.txt,24-07-510,TCM,0X37DF,Oil Temp,888,2026-05-02 19:51:00
Prod_Diagnostic_19.txt,24-07-510,TCM,0X37DF,Turbine Speed,758,2026-05-02 19:51:00
Prod_Diagnostic_19.txt,24-07-510,TCM,0X37DF,Clutch Pressure,677,2026-05-02 19:51:00
Prod_Diagnostic_19.txt,24-07-510,TCM,0X37DF,Output Speed,301,2026-05-02 19:51:00
Prod_Diagnostic_19.txt,24-07-510,SRS,0XAE18,Vehicle Speed,760,2026-05-06 16:09:00
Prod_Diagnostic_19.txt,24-07-510,SRS,0XAE18,Seat Occupancy,829,2026-05-06 16:09:00
Prod_Diagnostic_19.txt,24-07-510,SRS,0XAE18,Crash Counter,830,2026-05-06 16:09:00
Prod_Diagnostic_19.txt,24-07-510,SRS,0XAE18,Supply Voltage,685,2026-05-06 16:09:00
Prod_Diagnostic_19.txt,24-07-510,SRS,0XAE18,Belt Status,186,2026-05-06 16:09:00
Prod_Diagnostic_19.txt,24-07-510,SRS,0XF10B,Vehicle Speed,641,2026-05-07 09:25:00
Prod_Diagnostic_19.txt,24-07-510,SRS,0XF10B,Seat Occupancy,383,2026-05-07 09:25:00
Prod_Diagnostic_19.txt,24-07-510,SRS,0XF10B,Crash Counter,931,2026-05-07 09:25:00
Prod_Diagnostic_19.txt,24-07-510,SRS,0XF10B,Supply Voltage,862,2026-05-07 09:25:00
Prod_Diagnostic_19.txt,24-07-510,SRS,0XF10B,Belt Status,272,2026-05-07 09:25:00
Prod_Diagnostic_19.txt,24-07-510,SRS,0X6231,Vehicle Speed,893,2026-05-16 01:47:00
Prod_Diagnostic_19.txt,24-07-510,SRS,0X6231,Seat Occupancy,148,2026-05-16 01:47:00
Prod_Diagnostic_19.txt,24-07-510,SRS,0X6231,Crash Counter,936,2026-05-16 01:47:00
Prod_Diagnostic_19.txt,24-07-510,SRS,0X6231,Supply Voltage,418,2026-05-16 01:47:00
Prod_Diagnostic_19.txt,24-07-510,SRS,0X6231,Belt Status,48,2026-05-16 01:47:00
Prod_Diagnostic_19.txt,24-07-510,SRS,0X7085,Vehicle Speed,358,2026-05-06 03:00:00
Prod_Diagnostic_19.txt,24-07-510,SRS,0X7085,Seat Occupancy,919,2026-05-06 03:00:00
Prod_Diagnostic_19.txt,24-07-510,SRS,0X7085,Crash Counter,229,2026-05-06 03:00:00
Prod_Diagnostic_19.txt,24-07-510,SRS,0X7085,Supply Voltage,95,2026-05-06 03:00:00
Prod_Diagnostic_19.txt,24-07-510,SRS,0X7085,Belt Status,430,2026-05-06 03:00:00
Prod_Diagnostic_19.txt,24-07-510,SRS,0X2CC6,Vehicle Speed,618,2026-05-15 04:54:00
Prod_Diagnostic_19.txt,24-07-510,SRS,0X2CC6,Seat Occupancy,829,2026-05-15 04:54:00
Prod_Diagnostic_19.txt,24-07-510,SRS,0X2CC6,Crash Counter,653,2026-05-15 04:54:00
Prod_Diagnostic_19.txt,24-07-510,SRS,0X2CC6,Supply Voltage,1,2026-05-15 04:54:00
Prod_Diagnostic_19.txt,24-07-510,SRS,0X2CC6,Belt Status,319,2026-05-15 04:54:00
Prod_Diagnostic_19.txt,24-07-510,ABS,0X8830,Wheel FL,734,2026-05-12 19:42:00
Prod_Diagnostic_19.txt,24-07-510,ABS,0X8830,Wheel FR,99,2026-05-12 19:42:00
Prod_Diagnostic_19.txt,24-07-510,ABS,0X8830,Brake Pressure,490,2026-05-12 19:42:00
Prod_Diagnostic_19.txt,24-07-510,ABS,0X8830,Yaw Rate,505,2026-05-12 19:42:00
Prod_Diagnostic_19.txt,24-07-510,ABS,0X8830,Vehicle Speed,767,2026-05-12 19:42:00
Prod_Diagnostic_19.txt,24-07-510,ABS,0X423F,Wheel FL,676,2026-05-26 04:14:00
Prod_Diagnostic_19.txt,24-07-510,ABS,0X423F,Wheel FR,85,2026-05-26 04:14:00
Prod_Diagnostic_19.txt,24-07-510,ABS,0X423F,Brake Pressure,762,2026-05-26 04:14:00
Prod_Diagnostic_19.txt,24-07-510,ABS,0X423F,Yaw Rate,98,2026-05-26 04:14:00
Prod_Diagnostic_19.txt,24-07-510,ABS,0X423F,Vehicle Speed,735,2026-05-26 04:14:00
Prod_Diagnostic_19.txt,24-07-510,ABS,0X5844,Wheel FL,676,2026-05-09 05:46:00
Prod_Diagnostic_19.txt,24-07-510,ABS,0X5844,Wheel FR,309,2026-05-09 05:46:00
Prod_Diagnostic_19.txt,24-07-510,ABS,0X5844,Brake Pressure,337,2026-05-09 05:46:00
Prod_Diagnostic_19.txt,24-07-510,ABS,0X5844,Yaw Rate,728,2026-05-09 05:46:00
Prod_Diagnostic_19.txt,24-07-510,ABS,0X5844,Vehicle Speed,998,2026-05-09 05:46:00
Prod_Diagnostic_19.txt,24-07-510,ABS,0XBB19,Wheel FL,433,2026-05-09 04:20:00
Prod_Diagnostic_19.txt,24-07-510,ABS,0XBB19,Wheel FR,384,2026-05-09 04:20:00
Prod_Diagnostic_19.txt,24-07-510,ABS,0XBB19,Brake Pressure,678,2026-05-09 04:20:00
Prod_Diagnostic_19.txt,24-07-510,ABS,0XBB19,Yaw Rate,149,2026-05-09 04:20:00
Prod_Diagnostic_19.txt,24-07-510,ABS,0XBB19,Vehicle Speed,594,2026-05-09 04:20:00
Prod_Diagnostic_19.txt,24-07-510,ABS,0XCF78,Wheel FL,650,2026-05-06 00:09:00
Prod_Diagnostic_19.txt,24-07-510,ABS,0XCF78,Wheel FR,35,2026-05-06 00:09:00
Prod_Diagnostic_19.txt,24-07-510,ABS,0XCF78,Brake Pressure,856,2026-05-06 00:09:00
Prod_Diagnostic_19.txt,24-07-510,ABS,0XCF78,Yaw Rate,814,2026-05-06 00:09:00
Prod_Diagnostic_19.txt,24-07-510,ABS,0XCF78,Vehicle Speed,244,2026-05-06 00:09:00
Prod_Diagnostic_19.txt,24-07-510,EPS,0X7592,Steering Angle,644,2026-05-16 11:12:00
Prod_Diagnostic_19.txt,24-07-510,EPS,0X7592,Driver Torque,891,2026-05-16 11:12:00
Prod_Diagnostic_19.txt,24-07-510,EPS,0X7592,Motor Current,837,2026-05-16 11:12:00
Prod_Diagnostic_19.txt,24-07-510,EPS,0X7592,Supply Voltage,995,2026-05-16 11:12:00
Prod_Diagnostic_19.txt,24-07-510,EPS,0X7592,Speed,592,2026-05-16 11:12:00
Prod_Diagnostic_19.txt,24-07-510,EPS,0X83BD,Steering Angle,763,2026-05-18 14:07:00
Prod_Diagnostic_19.txt,24-07-510,EPS,0X83BD,Driver Torque,287,2026-05-18 14:07:00
Prod_Diagnostic_19.txt,24-07-510,EPS,0X83BD,Motor Current,672,2026-05-18 14:07:00
Prod_Diagnostic_19.txt,24-07-510,EPS,0X83BD,Supply Voltage,787,2026-05-18 14:07:00
Prod_Diagnostic_19.txt,24-07-510,EPS,0X83BD,Speed,527,2026-05-18 14:07:00
Prod_Diagnostic_19.txt,24-07-510,EPS,0X6656,Steering Angle,680,2026-05-25 17:29:00
Prod_Diagnostic_19.txt,24-07-510,EPS,0X6656,Driver Torque,99,2026-05-25 17:29:00
Prod_Diagnostic_19.txt,24-07-510,EPS,0X6656,Motor Current,685,2026-05-25 17:29:00
Prod_Diagnostic_19.txt,24-07-510,EPS,0X6656,Supply Voltage,877,2026-05-25 17:29:00
Prod_Diagnostic_19.txt,24-07-510,EPS,0X6656,Speed,351,2026-05-25 17:29:00
Prod_Diagnostic_19.txt,24-07-510,EPS,0X534B,Steering Angle,233,2026-05-18 04:06:00
Prod_Diagnostic_19.txt,24-07-510,EPS,0X534B,Driver Torque,999,2026-05-18 04:06:00
Prod_Diagnostic_19.txt,24-07-510,EPS,0X534B,Motor Current,469,2026-05-18 04:06:00
Prod_Diagnostic_19.txt,24-07-510,EPS,0X534B,Supply Voltage,850,2026-05-18 04:06:00
Prod_Diagnostic_19.txt,24-07-510,EPS,0X534B,Speed,114,2026-05-18 04:06:00
Prod_Diagnostic_19.txt,24-07-510,EPS,0X9CEB,Steering Angle,567,2026-05-10 14:27:00
Prod_Diagnostic_19.txt,24-07-510,EPS,0X9CEB,Driver Torque,963,2026-05-10 14:27:00
Prod_Diagnostic_19.txt,24-07-510,EPS,0X9CEB,Motor Current,85,2026-05-10 14:27:00
Prod_Diagnostic_19.txt,24-07-510,EPS,0X9CEB,Supply Voltage,990,2026-05-10 14:27:00
Prod_Diagnostic_19.txt,24-07-510,EPS,0X9CEB,Speed,888,2026-05-10 14:27:00
Prod_Diagnostic_20.txt,25-03-420,TCU,0XBA66,RSSI,622,2026-05-20 18:24:00
Prod_Diagnostic_20.txt,25-03-420,TCU,0XBA66,GPS Status,532,2026-05-20 18:24:00
Prod_Diagnostic_20.txt,25-03-420,TCU,0XBA66,Network Type,892,2026-05-20 18:24:00
Prod_Diagnostic_20.txt,25-03-420,TCU,0XBA66,Speed,948,2026-05-20 18:24:00
Prod_Diagnostic_20.txt,25-03-420,TCU,0XBA66,Voltage,684,2026-05-20 18:24:00
Prod_Diagnostic_20.txt,25-03-420,TCU,0X1AC7,RSSI,990,2026-05-19 03:07:00
Prod_Diagnostic_20.txt,25-03-420,TCU,0X1AC7,GPS Status,783,2026-05-19 03:07:00
Prod_Diagnostic_20.txt,25-03-420,TCU,0X1AC7,Network Type,245,2026-05-19 03:07:00
Prod_Diagnostic_20.txt,25-03-420,TCU,0X1AC7,Speed,370,2026-05-19 03:07:00
Prod_Diagnostic_20.txt,25-03-420,TCU,0X1AC7,Voltage,595,2026-05-19 03:07:00
Prod_Diagnostic_20.txt,25-03-420,TCU,0X7BFD,RSSI,472,2026-05-21 14:54:00
Prod_Diagnostic_20.txt,25-03-420,TCU,0X7BFD,GPS Status,588,2026-05-21 14:54:00
Prod_Diagnostic_20.txt,25-03-420,TCU,0X7BFD,Network Type,885,2026-05-21 14:54:00
Prod_Diagnostic_20.txt,25-03-420,TCU,0X7BFD,Speed,536,2026-05-21 14:54:00
Prod_Diagnostic_20.txt,25-03-420,TCU,0X7BFD,Voltage,39,2026-05-21 14:54:00
Prod_Diagnostic_20.txt,25-03-420,TCU,0XE02B,RSSI,25,2026-05-07 18:11:00
Prod_Diagnostic_20.txt,25-03-420,TCU,0XE02B,GPS Status,646,2026-05-07 18:11:00
Prod_Diagnostic_20.txt,25-03-420,TCU,0XE02B,Network Type,969,2026-05-07 18:11:00
Prod_Diagnostic_20.txt,25-03-420,TCU,0XE02B,Speed,337,2026-05-07 18:11:00
Prod_Diagnostic_20.txt,25-03-420,TCU,0XE02B,Voltage,102,2026-05-07 18:11:00
Prod_Diagnostic_20.txt,25-03-420,TCU,0XFBB1,RSSI,361,2026-05-12 21:22:00
Prod_Diagnostic_20.txt,25-03-420,TCU,0XFBB1,GPS Status,997,2026-05-12 21:22:00
Prod_Diagnostic_20.txt,25-03-420,TCU,0XFBB1,Network Type,989,2026-05-12 21:22:00
Prod_Diagnostic_20.txt,25-03-420,TCU,0XFBB1,Speed,255,2026-05-12 21:22:00
Prod_Diagnostic_20.txt,25-03-420,TCU,0XFBB1,Voltage,284,2026-05-12 21:22:00
Prod_Diagnostic_20.txt,25-03-420,ECM,0XD8A1,RPM,572,2026-05-25 05:13:00
Prod_Diagnostic_20.txt,25-03-420,ECM,0XD8A1,Coolant Temp,790,2026-05-25 05:13:00
Prod_Diagnostic_20.txt,25-03-420,ECM,0XD8A1,Fuel Pressure,885,2026-05-25 05:13:00
Prod_Diagnostic_20.txt,25-03-420,ECM,0XD8A1,Boost Pressure,561,2026-05-25 05:13:00
Prod_Diagnostic_20.txt,25-03-420,ECM,0XD8A1,Engine Load,664,2026-05-25 05:13:00
Prod_Diagnostic_20.txt,25-03-420,ECM,0XCD9E,RPM,92,2026-05-28 15:54:00
Prod_Diagnostic_20.txt,25-03-420,ECM,0XCD9E,Coolant Temp,342,2026-05-28 15:54:00
Prod_Diagnostic_20.txt,25-03-420,ECM,0XCD9E,Fuel Pressure,361,2026-05-28 15:54:00
Prod_Diagnostic_20.txt,25-03-420,ECM,0XCD9E,Boost Pressure,632,2026-05-28 15:54:00
Prod_Diagnostic_20.txt,25-03-420,ECM,0XCD9E,Engine Load,552,2026-05-28 15:54:00
Prod_Diagnostic_20.txt,25-03-420,ECM,0X6108,RPM,655,2026-05-11 19:31:00
Prod_Diagnostic_20.txt,25-03-420,ECM,0X6108,Coolant Temp,191,2026-05-11 19:31:00
Prod_Diagnostic_20.txt,25-03-420,ECM,0X6108,Fuel Pressure,775,2026-05-11 19:31:00
Prod_Diagnostic_20.txt,25-03-420,ECM,0X6108,Boost Pressure,392,2026-05-11 19:31:00
Prod_Diagnostic_20.txt,25-03-420,ECM,0X6108,Engine Load,208,2026-05-11 19:31:00
Prod_Diagnostic_20.txt,25-03-420,ECM,0XEB21,RPM,371,2026-05-26 14:57:00
Prod_Diagnostic_20.txt,25-03-420,ECM,0XEB21,Coolant Temp,773,2026-05-26 14:57:00
Prod_Diagnostic_20.txt,25-03-420,ECM,0XEB21,Fuel Pressure,164,2026-05-26 14:57:00
Prod_Diagnostic_20.txt,25-03-420,ECM,0XEB21,Boost Pressure,983,2026-05-26 14:57:00
Prod_Diagnostic_20.txt,25-03-420,ECM,0XEB21,Engine Load,173,2026-05-26 14:57:00
Prod_Diagnostic_20.txt,25-03-420,ECM,0X1413,RPM,574,2026-05-17 22:41:00
Prod_Diagnostic_20.txt,25-03-420,ECM,0X1413,Coolant Temp,304,2026-05-17 22:41:00
Prod_Diagnostic_20.txt,25-03-420,ECM,0X1413,Fuel Pressure,775,2026-05-17 22:41:00
Prod_Diagnostic_20.txt,25-03-420,ECM,0X1413,Boost Pressure,574,2026-05-17 22:41:00
Prod_Diagnostic_20.txt,25-03-420,ECM,0X1413,Engine Load,552,2026-05-17 22:41:00
Prod_Diagnostic_20.txt,25-03-420,OBC,0X75E1,AC Voltage,613,2026-05-03 02:45:00
Prod_Diagnostic_20.txt,25-03-420,OBC,0X75E1,Charge Current,937,2026-05-03 02:45:00
Prod_Diagnostic_20.txt,25-03-420,OBC,0X75E1,Battery Temp,898,2026-05-03 02:45:00
Prod_Diagnostic_20.txt,25-03-420,OBC,0X75E1,SOC,680,2026-05-03 02:45:00
Prod_Diagnostic_20.txt,25-03-420,OBC,0X75E1,Input Freq,415,2026-05-03 02:45:00
Prod_Diagnostic_20.txt,25-03-420,OBC,0X3550,AC Voltage,395,2026-05-13 04:58:00
Prod_Diagnostic_20.txt,25-03-420,OBC,0X3550,Charge Current,107,2026-05-13 04:58:00
Prod_Diagnostic_20.txt,25-03-420,OBC,0X3550,Battery Temp,866,2026-05-13 04:58:00
Prod_Diagnostic_20.txt,25-03-420,OBC,0X3550,SOC,980,2026-05-13 04:58:00
Prod_Diagnostic_20.txt,25-03-420,OBC,0X3550,Input Freq,754,2026-05-13 04:58:00
Prod_Diagnostic_20.txt,25-03-420,OBC,0XAD09,AC Voltage,562,2026-05-15 01:15:00
Prod_Diagnostic_20.txt,25-03-420,OBC,0XAD09,Charge Current,159,2026-05-15 01:15:00
Prod_Diagnostic_20.txt,25-03-420,OBC,0XAD09,Battery Temp,684,2026-05-15 01:15:00
Prod_Diagnostic_20.txt,25-03-420,OBC,0XAD09,SOC,281,2026-05-15 01:15:00
Prod_Diagnostic_20.txt,25-03-420,OBC,0XAD09,Input Freq,27,2026-05-15 01:15:00
Prod_Diagnostic_20.txt,25-03-420,OBC,0X4976,AC Voltage,222,2026-05-15 20:51:00
Prod_Diagnostic_20.txt,25-03-420,OBC,0X4976,Charge Current,149,2026-05-15 20:51:00
Prod_Diagnostic_20.txt,25-03-420,OBC,0X4976,Battery Temp,13,2026-05-15 20:51:00
Prod_Diagnostic_20.txt,25-03-420,OBC,0X4976,SOC,304,2026-05-15 20:51:00
Prod_Diagnostic_20.txt,25-03-420,OBC,0X4976,Input Freq,250,2026-05-15 20:51:00
Prod_Diagnostic_20.txt,25-03-420,OBC,0XEB87,AC Voltage,197,2026-05-18 17:36:00
Prod_Diagnostic_20.txt,25-03-420,OBC,0XEB87,Charge Current,423,2026-05-18 17:36:00
Prod_Diagnostic_20.txt,25-03-420,OBC,0XEB87,Battery Temp,191,2026-05-18 17:36:00
Prod_Diagnostic_20.txt,25-03-420,OBC,0XEB87,SOC,869,2026-05-18 17:36:00
Prod_Diagnostic_20.txt,25-03-420,OBC,0XEB87,Input Freq,532,2026-05-18 17:36:00
Prod_Diagnostic_20.txt,25-03-420,BMS,0X764D,SOC,821,2026-05-23 11:51:00
Prod_Diagnostic_20.txt,25-03-420,BMS,0X764D,SOH,270,2026-05-23 11:51:00
Prod_Diagnostic_20.txt,25-03-420,BMS,0X764D,HV Voltage,442,2026-05-23 11:51:00
Prod_Diagnostic_20.txt,25-03-420,BMS,0X764D,Cell Temp Max,380,2026-05-23 11:51:00
Prod_Diagnostic_20.txt,25-03-420,BMS,0X764D,Cell Temp Min,374,2026-05-23 11:51:00
Prod_Diagnostic_20.txt,25-03-420,BMS,0X61F5,SOC,815,2026-05-11 22:15:00
Prod_Diagnostic_20.txt,25-03-420,BMS,0X61F5,SOH,552,2026-05-11 22:15:00
Prod_Diagnostic_20.txt,25-03-420,BMS,0X61F5,HV Voltage,593,2026-05-11 22:15:00
Prod_Diagnostic_20.txt,25-03-420,BMS,0X61F5,Cell Temp Max,132,2026-05-11 22:15:00
Prod_Diagnostic_20.txt,25-03-420,BMS,0X61F5,Cell Temp Min,99,2026-05-11 22:15:00
Prod_Diagnostic_20.txt,25-03-420,BMS,0XC556,SOC,738,2026-05-26 19:14:00
Prod_Diagnostic_20.txt,25-03-420,BMS,0XC556,SOH,357,2026-05-26 19:14:00
Prod_Diagnostic_20.txt,25-03-420,BMS,0XC556,HV Voltage,735,2026-05-26 19:14:00
Prod_Diagnostic_20.txt,25-03-420,BMS,0XC556,Cell Temp Max,719,2026-05-26 19:14:00
Prod_Diagnostic_20.txt,25-03-420,BMS,0XC556,Cell Temp Min,661,2026-05-26 19:14:00
Prod_Diagnostic_20.txt,25-03-420,BMS,0XE232,SOC,634,2026-05-27 01:29:00
Prod_Diagnostic_20.txt,25-03-420,BMS,0XE232,SOH,449,2026-05-27 01:29:00
Prod_Diagnostic_20.txt,25-03-420,BMS,0XE232,HV Voltage,510,2026-05-27 01:29:00
Prod_Diagnostic_20.txt,25-03-420,BMS,0XE232,Cell Temp Max,606,2026-05-27 01:29:00
Prod_Diagnostic_20.txt,25-03-420,BMS,0XE232,Cell Temp Min,447,2026-05-27 01:29:00
Prod_Diagnostic_20.txt,25-03-420,BMS,0X3BDD,SOC,356,2026-05-21 01:57:00
Prod_Diagnostic_20.txt,25-03-420,BMS,0X3BDD,SOH,489,2026-05-21 01:57:00
Prod_Diagnostic_20.txt,25-03-420,BMS,0X3BDD,HV Voltage,889,2026-05-21 01:57:00
Prod_Diagnostic_20.txt,25-03-420,BMS,0X3BDD,Cell Temp Max,724,2026-05-21 01:57:00
Prod_Diagnostic_20.txt,25-03-420,BMS,0X3BDD,Cell Temp Min,152,2026-05-21 01:57:00
Prod_Diagnostic_20.txt,25-03-420,RADAR,0XBE98,Target Distance,731,2026-05-09 23:01:00
Prod_Diagnostic_20.txt,25-03-420,RADAR,0XBE98,Relative Speed,613,2026-05-09 23:01:00
Prod_Diagnostic_20.txt,25-03-420,RADAR,0XBE98,Object Count,503,2026-05-09 23:01:00
Prod_Diagnostic_20.txt,25-03-420,RADAR,0XBE98,Speed,442,2026-05-09 23:01:00
Prod_Diagnostic_20.txt,25-03-420,RADAR,0XBE98,Temperature,722,2026-05-09 23:01:00
Prod_Diagnostic_20.txt,25-03-420,RADAR,0X7570,Target Distance,312,2026-05-18 22:43:00
Prod_Diagnostic_20.txt,25-03-420,RADAR,0X7570,Relative Speed,339,2026-05-18 22:43:00
Prod_Diagnostic_20.txt,25-03-420,RADAR,0X7570,Object Count,239,2026-05-18 22:43:00
Prod_Diagnostic_20.txt,25-03-420,RADAR,0X7570,Speed,584,2026-05-18 22:43:00
Prod_Diagnostic_20.txt,25-03-420,RADAR,0X7570,Temperature,818,2026-05-18 22:43:00
Prod_Diagnostic_20.txt,25-03-420,RADAR,0X783A,Target Distance,55,2026-05-11 00:39:00
Prod_Diagnostic_20.txt,25-03-420,RADAR,0X783A,Relative Speed,730,2026-05-11 00:39:00
Prod_Diagnostic_20.txt,25-03-420,RADAR,0X783A,Object Count,773,2026-05-11 00:39:00
Prod_Diagnostic_20.txt,25-03-420,RADAR,0X783A,Speed,367,2026-05-11 00:39:00
Prod_Diagnostic_20.txt,25-03-420,RADAR,0X783A,Temperature,602,2026-05-11 00:39:00
Prod_Diagnostic_20.txt,25-03-420,RADAR,0XD64D,Target Distance,751,2026-05-14 23:10:00
Prod_Diagnostic_20.txt,25-03-420,RADAR,0XD64D,Relative Speed,200,2026-05-14 23:10:00
Prod_Diagnostic_20.txt,25-03-420,RADAR,0XD64D,Object Count,255,2026-05-14 23:10:00
Prod_Diagnostic_20.txt,25-03-420,RADAR,0XD64D,Speed,616,2026-05-14 23:10:00
Prod_Diagnostic_20.txt,25-03-420,RADAR,0XD64D,Temperature,793,2026-05-14 23:10:00
Prod_Diagnostic_20.txt,25-03-420,RADAR,0XE5F3,Target Distance,92,2026-05-24 03:21:00
Prod_Diagnostic_20.txt,25-03-420,RADAR,0XE5F3,Relative Speed,97,2026-05-24 03:21:00
Prod_Diagnostic_20.txt,25-03-420,RADAR,0XE5F3,Object Count,969,2026-05-24 03:21:00
Prod_Diagnostic_20.txt,25-03-420,RADAR,0XE5F3,Speed,414,2026-05-24 03:21:00
Prod_Diagnostic_20.txt,25-03-420,RADAR,0XE5F3,Temperature,588,2026-05-24 03:21:00
Prod_Diagnostic_20.txt,25-03-420,BCM,0XDE0E,Battery Voltage,99,2026-05-28 10:11:00
Prod_Diagnostic_20.txt,25-03-420,BCM,0XDE0E,Door Status,319,2026-05-28 10:11:00
Prod_Diagnostic_20.txt,25-03-420,BCM,0XDE0E,Lock State,364,2026-05-28 10:11:00
Prod_Diagnostic_20.txt,25-03-420,BCM,0XDE0E,Ignition,182,2026-05-28 10:11:00
Prod_Diagnostic_20.txt,25-03-420,BCM,0XDE0E,Window Pos,725,2026-05-28 10:11:00
Prod_Diagnostic_20.txt,25-03-420,BCM,0XF10A,Battery Voltage,233,2026-05-09 12:12:00
Prod_Diagnostic_20.txt,25-03-420,BCM,0XF10A,Door Status,360,2026-05-09 12:12:00
Prod_Diagnostic_20.txt,25-03-420,BCM,0XF10A,Lock State,663,2026-05-09 12:12:00
Prod_Diagnostic_20.txt,25-03-420,BCM,0XF10A,Ignition,649,2026-05-09 12:12:00
Prod_Diagnostic_20.txt,25-03-420,BCM,0XF10A,Window Pos,84,2026-05-09 12:12:00
Prod_Diagnostic_20.txt,25-03-420,BCM,0X83A4,Battery Voltage,61,2026-05-20 01:35:00
Prod_Diagnostic_20.txt,25-03-420,BCM,0X83A4,Door Status,700,2026-05-20 01:35:00
Prod_Diagnostic_20.txt,25-03-420,BCM,0X83A4,Lock State,383,2026-05-20 01:35:00
Prod_Diagnostic_20.txt,25-03-420,BCM,0X83A4,Ignition,98,2026-05-20 01:35:00
Prod_Diagnostic_20.txt,25-03-420,BCM,0X83A4,Window Pos,173,2026-05-20 01:35:00
Prod_Diagnostic_20.txt,25-03-420,BCM,0X9774,Battery Voltage,927,2026-05-10 00:51:00
Prod_Diagnostic_20.txt,25-03-420,BCM,0X9774,Door Status,582,2026-05-10 00:51:00
Prod_Diagnostic_20.txt,25-03-420,BCM,0X9774,Lock State,577,2026-05-10 00:51:00
Prod_Diagnostic_20.txt,25-03-420,BCM,0X9774,Ignition,384,2026-05-10 00:51:00
Prod_Diagnostic_20.txt,25-03-420,BCM,0X9774,Window Pos,880,2026-05-10 00:51:00
Prod_Diagnostic_20.txt,25-03-420,BCM,0X3C21,Battery Voltage,354,2026-05-06 17:13:00
Prod_Diagnostic_20.txt,25-03-420,BCM,0X3C21,Door Status,100,2026-05-06 17:13:00
Prod_Diagnostic_20.txt,25-03-420,BCM,0X3C21,Lock State,894,2026-05-06 17:13:00
Prod_Diagnostic_20.txt,25-03-420,BCM,0X3C21,Ignition,700,2026-05-06 17:13:00
Prod_Diagnostic_20.txt,25-03-420,BCM,0X3C21,Window Pos,935,2026-05-06 17:13:00
Prod_Diagnostic_20.txt,25-03-420,ABS,0XA987,Wheel FL,153,2026-05-23 05:32:00
Prod_Diagnostic_20.txt,25-03-420,ABS,0XA987,Wheel FR,834,2026-05-23 05:32:00
Prod_Diagnostic_20.txt,25-03-420,ABS,0XA987,Brake Pressure,839,2026-05-23 05:32:00
Prod_Diagnostic_20.txt,25-03-420,ABS,0XA987,Yaw Rate,456,2026-05-23 05:32:00
Prod_Diagnostic_20.txt,25-03-420,ABS,0XA987,Vehicle Speed,32,2026-05-23 05:32:00
Prod_Diagnostic_20.txt,25-03-420,ABS,0X19ED,Wheel FL,185,2026-05-04 11:43:00
Prod_Diagnostic_20.txt,25-03-420,ABS,0X19ED,Wheel FR,605,2026-05-04 11:43:00
Prod_Diagnostic_20.txt,25-03-420,ABS,0X19ED,Brake Pressure,531,2026-05-04 11:43:00
Prod_Diagnostic_20.txt,25-03-420,ABS,0X19ED,Yaw Rate,172,2026-05-04 11:43:00
Prod_Diagnostic_20.txt,25-03-420,ABS,0X19ED,Vehicle Speed,922,2026-05-04 11:43:00
Prod_Diagnostic_20.txt,25-03-420,ABS,0X8F66,Wheel FL,675,2026-05-11 14:59:00
Prod_Diagnostic_20.txt,25-03-420,ABS,0X8F66,Wheel FR,562,2026-05-11 14:59:00
Prod_Diagnostic_20.txt,25-03-420,ABS,0X8F66,Brake Pressure,852,2026-05-11 14:59:00
Prod_Diagnostic_20.txt,25-03-420,ABS,0X8F66,Yaw Rate,399,2026-05-11 14:59:00
Prod_Diagnostic_20.txt,25-03-420,ABS,0X8F66,Vehicle Speed,803,2026-05-11 14:59:00
Prod_Diagnostic_20.txt,25-03-420,ABS,0X2DCB,Wheel FL,246,2026-05-08 11:09:00
Prod_Diagnostic_20.txt,25-03-420,ABS,0X2DCB,Wheel FR,984,2026-05-08 11:09:00
Prod_Diagnostic_20.txt,25-03-420,ABS,0X2DCB,Brake Pressure,838,2026-05-08 11:09:00
Prod_Diagnostic_20.txt,25-03-420,ABS,0X2DCB,Yaw Rate,503,2026-05-08 11:09:00
Prod_Diagnostic_20.txt,25-03-420,ABS,0X2DCB,Vehicle Speed,193,2026-05-08 11:09:00
Prod_Diagnostic_20.txt,25-03-420,ABS,0X1AA5,Wheel FL,680,2026-05-04 16:05:00
Prod_Diagnostic_20.txt,25-03-420,ABS,0X1AA5,Wheel FR,671,2026-05-04 16:05:00
Prod_Diagnostic_20.txt,25-03-420,ABS,0X1AA5,Brake Pressure,329,2026-05-04 16:05:00
Prod_Diagnostic_20.txt,25-03-420,ABS,0X1AA5,Yaw Rate,934,2026-05-04 16:05:00
Prod_Diagnostic_20.txt,25-03-420,ABS,0X1AA5,Vehicle Speed,540,2026-05-04 16:05:00
Prod_Diagnostic_20.txt,25-03-420,SRS,0XA338,Vehicle Speed,206,2026-05-25 17:41:00
Prod_Diagnostic_20.txt,25-03-420,SRS,0XA338,Seat Occupancy,290,2026-05-25 17:41:00
Prod_Diagnostic_20.txt,25-03-420,SRS,0XA338,Crash Counter,329,2026-05-25 17:41:00
Prod_Diagnostic_20.txt,25-03-420,SRS,0XA338,Supply Voltage,139,2026-05-25 17:41:00
Prod_Diagnostic_20.txt,25-03-420,SRS,0XA338,Belt Status,459,2026-05-25 17:41:00
Prod_Diagnostic_20.txt,25-03-420,SRS,0X5AFF,Vehicle Speed,25,2026-05-13 02:31:00
Prod_Diagnostic_20.txt,25-03-420,SRS,0X5AFF,Seat Occupancy,504,2026-05-13 02:31:00
Prod_Diagnostic_20.txt,25-03-420,SRS,0X5AFF,Crash Counter,107,2026-05-13 02:31:00
Prod_Diagnostic_20.txt,25-03-420,SRS,0X5AFF,Supply Voltage,330,2026-05-13 02:31:00
Prod_Diagnostic_20.txt,25-03-420,SRS,0X5AFF,Belt Status,575,2026-05-13 02:31:00
Prod_Diagnostic_20.txt,25-03-420,SRS,0XAC12,Vehicle Speed,57,2026-05-25 21:44:00
Prod_Diagnostic_20.txt,25-03-420,SRS,0XAC12,Seat Occupancy,541,2026-05-25 21:44:00
Prod_Diagnostic_20.txt,25-03-420,SRS,0XAC12,Crash Counter,852,2026-05-25 21:44:00
Prod_Diagnostic_20.txt,25-03-420,SRS,0XAC12,Supply Voltage,43,2026-05-25 21:44:00
Prod_Diagnostic_20.txt,25-03-420,SRS,0XAC12,Belt Status,193,2026-05-25 21:44:00
Prod_Diagnostic_20.txt,25-03-420,SRS,0X5E9F,Vehicle Speed,757,2026-05-06 20:20:00
Prod_Diagnostic_20.txt,25-03-420,SRS,0X5E9F,Seat Occupancy,50,2026-05-06 20:20:00
Prod_Diagnostic_20.txt,25-03-420,SRS,0X5E9F,Crash Counter,548,2026-05-06 20:20:00
Prod_Diagnostic_20.txt,25-03-420,SRS,0X5E9F,Supply Voltage,29,2026-05-06 20:20:00
Prod_Diagnostic_20.txt,25-03-420,SRS,0X5E9F,Belt Status,49,2026-05-06 20:20:00
Prod_Diagnostic_20.txt,25-03-420,SRS,0X7288,Vehicle Speed,445,2026-05-27 21:55:00
Prod_Diagnostic_20.txt,25-03-420,SRS,0X7288,Seat Occupancy,757,2026-05-27 21:55:00
Prod_Diagnostic_20.txt,25-03-420,SRS,0X7288,Crash Counter,521,2026-05-27 21:55:00
Prod_Diagnostic_20.txt,25-03-420,SRS,0X7288,Supply Voltage,537,2026-05-27 21:55:00
Prod_Diagnostic_20.txt,25-03-420,SRS,0X7288,Belt Status,870,2026-05-27 21:55:00
Prod_Diagnostic_20.txt,25-03-420,TCM,0X923D,Gear,914,2026-05-04 14:11:00
Prod_Diagnostic_20.txt,25-03-420,TCM,0X923D,Oil Temp,227,2026-05-04 14:11:00
Prod_Diagnostic_20.txt,25-03-420,TCM,0X923D,Turbine Speed,730,2026-05-04 14:11:00
Prod_Diagnostic_20.txt,25-03-420,TCM,0X923D,Clutch Pressure,328,2026-05-04 14:11:00
Prod_Diagnostic_20.txt,25-03-420,TCM,0X923D,Output Speed,75,2026-05-04 14:11:00
Prod_Diagnostic_20.txt,25-03-420,TCM,0X8ECA,Gear,391,2026-05-01 01:59:00
Prod_Diagnostic_20.txt,25-03-420,TCM,0X8ECA,Oil Temp,211,2026-05-01 01:59:00
Prod_Diagnostic_20.txt,25-03-420,TCM,0X8ECA,Turbine Speed,922,2026-05-01 01:59:00
Prod_Diagnostic_20.txt,25-03-420,TCM,0X8ECA,Clutch Pressure,706,2026-05-01 01:59:00
Prod_Diagnostic_20.txt,25-03-420,TCM,0X8ECA,Output Speed,120,2026-05-01 01:59:00
Prod_Diagnostic_20.txt,25-03-420,TCM,0X1136,Gear,940,2026-05-13 07:23:00
Prod_Diagnostic_20.txt,25-03-420,TCM,0X1136,Oil Temp,858,2026-05-13 07:23:00
Prod_Diagnostic_20.txt,25-03-420,TCM,0X1136,Turbine Speed,412,2026-05-13 07:23:00
Prod_Diagnostic_20.txt,25-03-420,TCM,0X1136,Clutch Pressure,46,2026-05-13 07:23:00
Prod_Diagnostic_20.txt,25-03-420,TCM,0X1136,Output Speed,160,2026-05-13 07:23:00
Prod_Diagnostic_20.txt,25-03-420,TCM,0XA947,Gear,885,2026-05-22 18:45:00
Prod_Diagnostic_20.txt,25-03-420,TCM,0XA947,Oil Temp,924,2026-05-22 18:45:00
Prod_Diagnostic_20.txt,25-03-420,TCM,0XA947,Turbine Speed,642,2026-05-22 18:45:00
Prod_Diagnostic_20.txt,25-03-420,TCM,0XA947,Clutch Pressure,318,2026-05-22 18:45:00
Prod_Diagnostic_20.txt,25-03-420,TCM,0XA947,Output Speed,210,2026-05-22 18:45:00
Prod_Diagnostic_20.txt,25-03-420,TCM,0X78C1,Gear,923,2026-05-13 08:53:00
Prod_Diagnostic_20.txt,25-03-420,TCM,0X78C1,Oil Temp,195,2026-05-13 08:53:00
Prod_Diagnostic_20.txt,25-03-420,TCM,0X78C1,Turbine Speed,837,2026-05-13 08:53:00
Prod_Diagnostic_20.txt,25-03-420,TCM,0X78C1,Clutch Pressure,798,2026-05-13 08:53:00
Prod_Diagnostic_20.txt,25-03-420,TCM,0X78C1,Output Speed,500,2026-05-13 08:53:00
Prod_Diagnostic_20.txt,25-03-420,ADAS,0XA9A2,CPU Load,679,2026-05-23 14:08:00
Prod_Diagnostic_20.txt,25-03-420,ADAS,0XA9A2,Lane State,707,2026-05-23 14:08:00
Prod_Diagnostic_20.txt,25-03-420,ADAS,0XA9A2,Object Count,229,2026-05-23 14:08:00
Prod_Diagnostic_20.txt,25-03-420,ADAS,0XA9A2,Voltage,73,2026-05-23 14:08:00
Prod_Diagnostic_20.txt,25-03-420,ADAS,0XA9A2,Speed,653,2026-05-23 14:08:00
Prod_Diagnostic_20.txt,25-03-420,ADAS,0X2D82,CPU Load,967,2026-05-18 10:10:00
Prod_Diagnostic_20.txt,25-03-420,ADAS,0X2D82,Lane State,758,2026-05-18 10:10:00
Prod_Diagnostic_20.txt,25-03-420,ADAS,0X2D82,Object Count,263,2026-05-18 10:10:00
Prod_Diagnostic_20.txt,25-03-420,ADAS,0X2D82,Voltage,979,2026-05-18 10:10:00
Prod_Diagnostic_20.txt,25-03-420,ADAS,0X2D82,Speed,698,2026-05-18 10:10:00
Prod_Diagnostic_20.txt,25-03-420,ADAS,0X58E9,CPU Load,123,2026-05-09 03:48:00
Prod_Diagnostic_20.txt,25-03-420,ADAS,0X58E9,Lane State,405,2026-05-09 03:48:00
Prod_Diagnostic_20.txt,25-03-420,ADAS,0X58E9,Object Count,843,2026-05-09 03:48:00
Prod_Diagnostic_20.txt,25-03-420,ADAS,0X58E9,Voltage,907,2026-05-09 03:48:00
Prod_Diagnostic_20.txt,25-03-420,ADAS,0X58E9,Speed,906,2026-05-09 03:48:00
Prod_Diagnostic_20.txt,25-03-420,ADAS,0X2625,CPU Load,491,2026-05-17 01:30:00
Prod_Diagnostic_20.txt,25-03-420,ADAS,0X2625,Lane State,112,2026-05-17 01:30:00
Prod_Diagnostic_20.txt,25-03-420,ADAS,0X2625,Object Count,115,2026-05-17 01:30:00
Prod_Diagnostic_20.txt,25-03-420,ADAS,0X2625,Voltage,235,2026-05-17 01:30:00
Prod_Diagnostic_20.txt,25-03-420,ADAS,0X2625,Speed,39,2026-05-17 01:30:00
Prod_Diagnostic_20.txt,25-03-420,ADAS,0X3F39,CPU Load,449,2026-05-14 19:23:00
Prod_Diagnostic_20.txt,25-03-420,ADAS,0X3F39,Lane State,757,2026-05-14 19:23:00
Prod_Diagnostic_20.txt,25-03-420,ADAS,0X3F39,Object Count,147,2026-05-14 19:23:00
Prod_Diagnostic_20.txt,25-03-420,ADAS,0X3F39,Voltage,453,2026-05-14 19:23:00
Prod_Diagnostic_20.txt,25-03-420,ADAS,0X3F39,Speed,612,2026-05-14 19:23:00
Prod_Diagnostic_20.txt,25-03-420,FCAM,0XB9B2,Lane Confidence,583,2026-05-24 10:02:00
Prod_Diagnostic_20.txt,25-03-420,FCAM,0XB9B2,Visibility,15,2026-05-24 10:02:00
Prod_Diagnostic_20.txt,25-03-420,FCAM,0XB9B2,Image Quality,972,2026-05-24 10:02:00
Prod_Diagnostic_20.txt,25-03-420,FCAM,0XB9B2,Speed,157,2026-05-24 10:02:00
Prod_Diagnostic_20.txt,25-03-420,FCAM,0XB9B2,Light Level,350,2026-05-24 10:02:00
Prod_Diagnostic_20.txt,25-03-420,FCAM,0XFBFD,Lane Confidence,390,2026-05-21 01:25:00
Prod_Diagnostic_20.txt,25-03-420,FCAM,0XFBFD,Visibility,157,2026-05-21 01:25:00
Prod_Diagnostic_20.txt,25-03-420,FCAM,0XFBFD,Image Quality,970,2026-05-21 01:25:00
Prod_Diagnostic_20.txt,25-03-420,FCAM,0XFBFD,Speed,299,2026-05-21 01:25:00
Prod_Diagnostic_20.txt,25-03-420,FCAM,0XFBFD,Light Level,518,2026-05-21 01:25:00
Prod_Diagnostic_20.txt,25-03-420,FCAM,0X49A9,Lane Confidence,26,2026-05-22 23:28:00
Prod_Diagnostic_20.txt,25-03-420,FCAM,0X49A9,Visibility,893,2026-05-22 23:28:00
Prod_Diagnostic_20.txt,25-03-420,FCAM,0X49A9,Image Quality,452,2026-05-22 23:28:00
Prod_Diagnostic_20.txt,25-03-420,FCAM,0X49A9,Speed,72,2026-05-22 23:28:00
Prod_Diagnostic_20.txt,25-03-420,FCAM,0X49A9,Light Level,864,2026-05-22 23:28:00
Prod_Diagnostic_20.txt,25-03-420,FCAM,0XAA06,Lane Confidence,59,2026-05-05 17:20:00
Prod_Diagnostic_20.txt,25-03-420,FCAM,0XAA06,Visibility,115,2026-05-05 17:20:00
Prod_Diagnostic_20.txt,25-03-420,FCAM,0XAA06,Image Quality,702,2026-05-05 17:20:00
Prod_Diagnostic_20.txt,25-03-420,FCAM,0XAA06,Speed,67,2026-05-05 17:20:00
Prod_Diagnostic_20.txt,25-03-420,FCAM,0XAA06,Light Level,420,2026-05-05 17:20:00
Prod_Diagnostic_20.txt,25-03-420,FCAM,0X98C6,Lane Confidence,924,2026-05-12 01:09:00
Prod_Diagnostic_20.txt,25-03-420,FCAM,0X98C6,Visibility,107,2026-05-12 01:09:00
Prod_Diagnostic_20.txt,25-03-420,FCAM,0X98C6,Image Quality,701,2026-05-12 01:09:00
Prod_Diagnostic_20.txt,25-03-420,FCAM,0X98C6,Speed,240,2026-05-12 01:09:00
Prod_Diagnostic_20.txt,25-03-420,FCAM,0X98C6,Light Level,7,2026-05-12 01:09:00
Prod_Diagnostic_20.txt,25-03-420,HVAC,0X10E0,Cabin Temp,644,2026-05-04 07:48:00
Prod_Diagnostic_20.txt,25-03-420,HVAC,0X10E0,Blower Speed,37,2026-05-04 07:48:00
Prod_Diagnostic_20.txt,25-03-420,HVAC,0X10E0,Evap Temp,578,2026-05-04 07:48:00
Prod_Diagnostic_20.txt,25-03-420,HVAC,0X10E0,Ambient Temp,559,2026-05-04 07:48:00
Prod_Diagnostic_20.txt,25-03-420,HVAC,0X10E0,AC Pressure,76,2026-05-04 07:48:00
Prod_Diagnostic_20.txt,25-03-420,HVAC,0XB61B,Cabin Temp,397,2026-05-10 21:39:00
Prod_Diagnostic_20.txt,25-03-420,HVAC,0XB61B,Blower Speed,461,2026-05-10 21:39:00
Prod_Diagnostic_20.txt,25-03-420,HVAC,0XB61B,Evap Temp,933,2026-05-10 21:39:00
Prod_Diagnostic_20.txt,25-03-420,HVAC,0XB61B,Ambient Temp,767,2026-05-10 21:39:00
Prod_Diagnostic_20.txt,25-03-420,HVAC,0XB61B,AC Pressure,244,2026-05-10 21:39:00
Prod_Diagnostic_20.txt,25-03-420,HVAC,0XACD3,Cabin Temp,550,2026-05-16 04:29:00
Prod_Diagnostic_20.txt,25-03-420,HVAC,0XACD3,Blower Speed,901,2026-05-16 04:29:00
Prod_Diagnostic_20.txt,25-03-420,HVAC,0XACD3,Evap Temp,369,2026-05-16 04:29:00
Prod_Diagnostic_20.txt,25-03-420,HVAC,0XACD3,Ambient Temp,230,2026-05-16 04:29:00
Prod_Diagnostic_20.txt,25-03-420,HVAC,0XACD3,AC Pressure,148,2026-05-16 04:29:00
Prod_Diagnostic_20.txt,25-03-420,HVAC,0XB318,Cabin Temp,22,2026-05-06 11:47:00
Prod_Diagnostic_20.txt,25-03-420,HVAC,0XB318,Blower Speed,443,2026-05-06 11:47:00
Prod_Diagnostic_20.txt,25-03-420,HVAC,0XB318,Evap Temp,825,2026-05-06 11:47:00
Prod_Diagnostic_20.txt,25-03-420,HVAC,0XB318,Ambient Temp,308,2026-05-06 11:47:00
Prod_Diagnostic_20.txt,25-03-420,HVAC,0XB318,AC Pressure,148,2026-05-06 11:47:00
Prod_Diagnostic_20.txt,25-03-420,HVAC,0X85BE,Cabin Temp,642,2026-05-13 04:53:00
Prod_Diagnostic_20.txt,25-03-420,HVAC,0X85BE,Blower Speed,362,2026-05-13 04:53:00
Prod_Diagnostic_20.txt,25-03-420,HVAC,0X85BE,Evap Temp,214,2026-05-13 04:53:00
Prod_Diagnostic_20.txt,25-03-420,HVAC,0X85BE,Ambient Temp,965,2026-05-13 04:53:00
Prod_Diagnostic_20.txt,25-03-420,HVAC,0X85BE,AC Pressure,416,2026-05-13 04:53:00
