FileName,SW_I_Step,ECUName,DTCCode,Description,FaultCategory,Status,OccurrenceCounter,AgingCounter,Priority,EventTimestamp,RiskScore,RSSI,GPS_Status,Network_Type,Speed,Voltage,CAN_Load,Eth_Status,Bus_Errors,Ignition,RPM,Coolant_Temp,Fuel_Pressure,Boost_Pressure,Engine_Load,AC_Voltage,Charge_Current,Battery_Temp,SOC,Input_Freq,Battery_Voltage,Door_Status,Lock_State,Window_Pos,Lane_Confidence,Visibility,Image_Quality,Light_Level,Cabin_Temp,Blower_Speed,Evap_Temp,Ambient_Temp,AC_Pressure,Gear,Oil_Temp,Turbine_Speed,Clutch_Pressure,Output_Speed,CPU_Load,Lane_State,Object_Count,Steering_Angle,Driver_Torque,Motor_Current,Supply_Voltage,Wheel_FL,Wheel_FR,Brake_Pressure,Yaw_Rate,Vehicle_Speed,Target_Distance,Relative_Speed,Temperature,SOH,HV_Voltage,Cell_Temp_Max,Cell_Temp_Min,Seat_Occupancy,Crash_Counter,Belt_Status
Prod_Diagnostic_01.txt,24-07-510,TCU,0X9026,Sensor range fault,Sensor,Active,33,3,3,2026-05-27 20:32:00,393,624.0,204.0,157.0,383.0,781.0,,,,,,,,,,,,,,,,,,,,,,,,,,,,,,,,,,,,,,,,,,,,,,,,,,,,,,
Prod_Diagnostic_01.txt,24-07-510,TCU,0X9A14,Voltage fault,Voltage,Intermittent,1,19,3,2026-05-16 00:07:00,261,952.0,372.0,900.0,852.0,827.0,,,,,,,,,,,,,,,,,,,,,,,,,,,,,,,,,,,,,,,,,,,,,,,,,,,,,,
Prod_Diagnostic_01.txt,24-07-510,TCU,0X4D4C,Sensor range fault,Sensor,Active,16,18,1,2026-05-03 23:31:00,336,836.0,71.0,779.0,546.0,785.0,,,,,,,,,,,,,,,,,,,,,,,,,,,,,,,,,,,,,,,,,,,,,,,,,,,,,,
Prod_Diagnostic_01.txt,24-07-510,TCU,0X30DE,Voltage fault,Voltage,Intermittent,31,17,2,2026-05-09 16:55:00,271,622.0,434.0,988.0,217.0,952.0,,,,,,,,,,,,,,,,,,,,,,,,,,,,,,,,,,,,,,,,,,,,,,,,,,,,,,
Prod_Diagnostic_01.txt,24-07-510,TCU,0XD159,TCU performance issue 5,Performance,Intermittent,45,6,3,2026-05-13 21:41:00,305,383.0,449.0,922.0,530.0,463.0,,,,,,,,,,,,,,,,,,,,,,,,,,,,,,,,,,,,,,,,,,,,,,,,,,,,,,
Prod_Diagnostic_01.txt,24-07-510,GW,0X4F76,Communication fault,Communication,Active,5,10,1,2026-05-19 17:14:00,325,,,,,8.0,603.0,226.0,73.0,725.0,,,,,,,,,,,,,,,,,,,,,,,,,,,,,,,,,,,,,,,,,,,,,,,,,,
Prod_Diagnostic_01.txt,24-07-510,GW,0X4A9B,Communication fault,Communication,Active,3,10,1,2026-05-17 07:17:00,323,,,,,220.0,686.0,498.0,553.0,136.0,,,,,,,,,,,,,,,,,,,,,,,,,,,,,,,,,,,,,,,,,,,,,,,,,,
Prod_Diagnostic_01.txt,24-07-510,GW,0XA382,GW performance issue 3,Performance,Stored,16,15,4,2026-05-07 03:06:00,196,,,,,363.0,675.0,442.0,434.0,421.0,,,,,,,,,,,,,,,,,,,,,,,,,,,,,,,,,,,,,,,,,,,,,,,,,,
Prod_Diagnostic_01.txt,24-07-510,GW,0XED24,GW specific fault 4,ECU Specific/Other,Intermittent,4,20,1,2026-05-02 12:46:00,224,,,,,883.0,348.0,820.0,112.0,255.0,,,,,,,,,,,,,,,,,,,,,,,,,,,,,,,,,,,,,,,,,,,,,,,,,,
Prod_Diagnostic_01.txt,24-07-510,GW,0X40B1,Voltage fault,Voltage,Intermittent,29,4,4,2026-05-06 08:29:00,309,,,,,946.0,256.0,896.0,78.0,454.0,,,,,,,,,,,,,,,,,,,,,,,,,,,,,,,,,,,,,,,,,,,,,,,,,,
Prod_Diagnostic_01.txt,24-07-510,ECM,0X2910,ECM performance issue 1,Performance,Active,42,17,1,2026-05-03 07:10:00,362,,,,,,,,,,417.0,498.0,493.0,219.0,886.0,,,,,,,,,,,,,,,,,,,,,,,,,,,,,,,,,,,,,,,,,,,,,
Prod_Diagnostic_01.txt,24-07-510,ECM,0XF706,ECM specific fault 2,ECU Specific/Other,Active,11,12,1,2026-05-13 08:59:00,331,,,,,,,,,,803.0,804.0,466.0,293.0,434.0,,,,,,,,,,,,,,,,,,,,,,,,,,,,,,,,,,,,,,,,,,,,,
Prod_Diagnostic_01.txt,24-07-510,ECM,0XB970,ECM performance issue 3,Performance,Intermittent,32,4,2,2026-05-10 06:03:00,272,,,,,,,,,,594.0,754.0,556.0,63.0,766.0,,,,,,,,,,,,,,,,,,,,,,,,,,,,,,,,,,,,,,,,,,,,,
Prod_Diagnostic_01.txt,24-07-510,ECM,0X1EA2,Sensor range fault,Sensor,Active,38,15,5,2026-05-28 16:10:00,438,,,,,,,,,,59.0,984.0,521.0,83.0,872.0,,,,,,,,,,,,,,,,,,,,,,,,,,,,,,,,,,,,,,,,,,,,,
Prod_Diagnostic_01.txt,24-07-510,ECM,0X218A,Voltage fault,Voltage,Intermittent,5,7,4,2026-05-04 18:15:00,285,,,,,,,,,,593.0,609.0,41.0,635.0,84.0,,,,,,,,,,,,,,,,,,,,,,,,,,,,,,,,,,,,,,,,,,,,,
Prod_Diagnostic_01.txt,24-07-510,OBC,0XB849,OBC specific fault 1,ECU Specific/Other,Intermittent,37,16,3,2026-05-09 06:42:00,297,,,,,,,,,,,,,,,734.0,322.0,245.0,272.0,406.0,,,,,,,,,,,,,,,,,,,,,,,,,,,,,,,,,,,,,,,,
Prod_Diagnostic_01.txt,24-07-510,OBC,0XBBF3,Voltage fault,Voltage,Intermittent,20,14,3,2026-05-25 02:00:00,280,,,,,,,,,,,,,,,470.0,637.0,577.0,103.0,76.0,,,,,,,,,,,,,,,,,,,,,,,,,,,,,,,,,,,,,,,,
Prod_Diagnostic_01.txt,24-07-510,OBC,0X4691,OBC performance issue 3,Performance,Intermittent,17,4,3,2026-05-03 07:23:00,277,,,,,,,,,,,,,,,292.0,162.0,449.0,854.0,557.0,,,,,,,,,,,,,,,,,,,,,,,,,,,,,,,,,,,,,,,,
Prod_Diagnostic_01.txt,24-07-510,OBC,0XAC96,Sensor range fault,Sensor,Intermittent,34,0,5,2026-05-10 21:06:00,334,,,,,,,,,,,,,,,962.0,900.0,138.0,271.0,119.0,,,,,,,,,,,,,,,,,,,,,,,,,,,,,,,,,,,,,,,,
Prod_Diagnostic_01.txt,24-07-510,OBC,0XCE0F,Communication fault,Communication,Intermittent,10,8,3,2026-05-20 06:45:00,270,,,,,,,,,,,,,,,352.0,209.0,704.0,650.0,874.0,,,,,,,,,,,,,,,,,,,,,,,,,,,,,,,,,,,,,,,,
Prod_Diagnostic_01.txt,24-07-510,BCM,0X9162,Sensor range fault,Sensor,Stored,17,1,1,2026-05-21 13:53:00,137,,,,,,,,,342.0,,,,,,,,,,,284.0,46.0,4.0,790.0,,,,,,,,,,,,,,,,,,,,,,,,,,,,,,,,,,,,
Prod_Diagnostic_01.txt,24-07-510,BCM,0XB319,Voltage fault,Voltage,Stored,11,14,5,2026-05-23 13:35:00,211,,,,,,,,,968.0,,,,,,,,,,,10.0,115.0,78.0,905.0,,,,,,,,,,,,,,,,,,,,,,,,,,,,,,,,,,,,
Prod_Diagnostic_01.txt,24-07-510,BCM,0X9BAB,Voltage fault,Voltage,Active,24,18,5,2026-05-05 13:08:00,424,,,,,,,,,921.0,,,,,,,,,,,43.0,316.0,374.0,956.0,,,,,,,,,,,,,,,,,,,,,,,,,,,,,,,,,,,,
Prod_Diagnostic_01.txt,24-07-510,BCM,0XF61F,Communication fault,Communication,Stored,14,7,1,2026-05-12 17:56:00,134,,,,,,,,,636.0,,,,,,,,,,,896.0,417.0,998.0,768.0,,,,,,,,,,,,,,,,,,,,,,,,,,,,,,,,,,,,
Prod_Diagnostic_01.txt,24-07-510,BCM,0XFCFE,Voltage fault,Voltage,Active,11,5,4,2026-05-01 05:47:00,391,,,,,,,,,954.0,,,,,,,,,,,947.0,341.0,802.0,422.0,,,,,,,,,,,,,,,,,,,,,,,,,,,,,,,,,,,,
Prod_Diagnostic_01.txt,24-07-510,FCAM,0X544D,Voltage fault,Voltage,Active,45,3,4,2026-05-28 01:54:00,425,,,,837.0,,,,,,,,,,,,,,,,,,,,482.0,228.0,205.0,941.0,,,,,,,,,,,,,,,,,,,,,,,,,,,,,,,,
Prod_Diagnostic_01.txt,24-07-510,FCAM,0X6983,FCAM specific fault 2,ECU Specific/Other,Stored,15,7,1,2026-05-22 06:25:00,135,,,,72.0,,,,,,,,,,,,,,,,,,,,337.0,286.0,886.0,991.0,,,,,,,,,,,,,,,,,,,,,,,,,,,,,,,,
Prod_Diagnostic_01.txt,24-07-510,FCAM,0X69E4,Sensor range fault,Sensor,Intermittent,33,12,5,2026-05-11 00:07:00,333,,,,183.0,,,,,,,,,,,,,,,,,,,,899.0,994.0,268.0,595.0,,,,,,,,,,,,,,,,,,,,,,,,,,,,,,,,
Prod_Diagnostic_01.txt,24-07-510,FCAM,0X19CB,Sensor range fault,Sensor,Active,39,13,3,2026-05-24 10:27:00,399,,,,395.0,,,,,,,,,,,,,,,,,,,,621.0,524.0,119.0,922.0,,,,,,,,,,,,,,,,,,,,,,,,,,,,,,,,
Prod_Diagnostic_01.txt,24-07-510,FCAM,0X40A9,FCAM performance issue 5,Performance,Stored,3,13,1,2026-05-17 17:43:00,123,,,,755.0,,,,,,,,,,,,,,,,,,,,737.0,963.0,760.0,687.0,,,,,,,,,,,,,,,,,,,,,,,,,,,,,,,,
Prod_Diagnostic_01.txt,24-07-510,HVAC,0X6D3D,Voltage fault,Voltage,Stored,5,10,5,2026-05-11 21:54:00,205,,,,,,,,,,,,,,,,,,,,,,,,,,,,128.0,738.0,922.0,308.0,520.0,,,,,,,,,,,,,,,,,,,,,,,,,,,
Prod_Diagnostic_01.txt,24-07-510,HVAC,0XBAB9,Sensor range fault,Sensor,Stored,21,12,3,2026-05-18 04:12:00,181,,,,,,,,,,,,,,,,,,,,,,,,,,,,431.0,681.0,963.0,389.0,694.0,,,,,,,,,,,,,,,,,,,,,,,,,,,
Prod_Diagnostic_01.txt,24-07-510,HVAC,0XAD92,Voltage fault,Voltage,Intermittent,20,12,5,2026-05-27 00:19:00,320,,,,,,,,,,,,,,,,,,,,,,,,,,,,294.0,216.0,441.0,805.0,594.0,,,,,,,,,,,,,,,,,,,,,,,,,,,
Prod_Diagnostic_01.txt,24-07-510,HVAC,0XB79A,HVAC performance issue 4,Performance,Stored,30,14,4,2026-05-22 06:32:00,210,,,,,,,,,,,,,,,,,,,,,,,,,,,,485.0,813.0,923.0,983.0,816.0,,,,,,,,,,,,,,,,,,,,,,,,,,,
Prod_Diagnostic_01.txt,24-07-510,HVAC,0XB8AA,Voltage fault,Voltage,Active,19,16,5,2026-05-11 02:52:00,419,,,,,,,,,,,,,,,,,,,,,,,,,,,,975.0,770.0,241.0,689.0,318.0,,,,,,,,,,,,,,,,,,,,,,,,,,,
Prod_Diagnostic_01.txt,24-07-510,TCM,0XDE7A,Voltage fault,Voltage,Active,10,0,1,2026-05-08 15:39:00,330,,,,,,,,,,,,,,,,,,,,,,,,,,,,,,,,,871.0,787.0,75.0,467.0,425.0,,,,,,,,,,,,,,,,,,,,,,
Prod_Diagnostic_01.txt,24-07-510,TCM,0X41C6,TCM performance issue 2,Performance,Intermittent,45,12,4,2026-05-13 07:09:00,325,,,,,,,,,,,,,,,,,,,,,,,,,,,,,,,,,672.0,705.0,6.0,915.0,769.0,,,,,,,,,,,,,,,,,,,,,,
Prod_Diagnostic_01.txt,24-07-510,TCM,0XD746,Communication fault,Communication,Stored,15,5,5,2026-05-15 01:35:00,215,,,,,,,,,,,,,,,,,,,,,,,,,,,,,,,,,256.0,940.0,869.0,125.0,468.0,,,,,,,,,,,,,,,,,,,,,,
Prod_Diagnostic_01.txt,24-07-510,TCM,0XDD29,Voltage fault,Voltage,Stored,43,16,5,2026-05-20 10:48:00,243,,,,,,,,,,,,,,,,,,,,,,,,,,,,,,,,,913.0,454.0,628.0,835.0,737.0,,,,,,,,,,,,,,,,,,,,,,
Prod_Diagnostic_01.txt,24-07-510,TCM,0X7D3E,TCM performance issue 5,Performance,Intermittent,29,5,4,2026-05-15 08:48:00,309,,,,,,,,,,,,,,,,,,,,,,,,,,,,,,,,,254.0,861.0,653.0,284.0,785.0,,,,,,,,,,,,,,,,,,,,,,
Prod_Diagnostic_01.txt,24-07-510,ADAS,0X8C0E,ADAS performance issue 1,Performance,Intermittent,16,8,4,2026-05-03 22:18:00,296,,,,915.0,328.0,,,,,,,,,,,,,,,,,,,,,,,,,,,,,,,,,241.0,279.0,344.0,,,,,,,,,,,,,,,,,,,
Prod_Diagnostic_01.txt,24-07-510,ADAS,0X24A0,ADAS performance issue 2,Performance,Active,10,7,4,2026-05-23 04:45:00,390,,,,339.0,418.0,,,,,,,,,,,,,,,,,,,,,,,,,,,,,,,,,220.0,66.0,425.0,,,,,,,,,,,,,,,,,,,
Prod_Diagnostic_01.txt,24-07-510,ADAS,0X8746,ADAS performance issue 3,Performance,Stored,4,6,4,2026-05-13 18:44:00,184,,,,590.0,784.0,,,,,,,,,,,,,,,,,,,,,,,,,,,,,,,,,21.0,878.0,902.0,,,,,,,,,,,,,,,,,,,
Prod_Diagnostic_01.txt,24-07-510,ADAS,0X8A1B,ADAS specific fault 4,ECU Specific/Other,Active,23,9,4,2026-05-28 13:34:00,403,,,,618.0,820.0,,,,,,,,,,,,,,,,,,,,,,,,,,,,,,,,,766.0,753.0,560.0,,,,,,,,,,,,,,,,,,,
Prod_Diagnostic_01.txt,24-07-510,ADAS,0X8CFC,Voltage fault,Voltage,Active,18,13,4,2026-05-01 12:21:00,398,,,,742.0,415.0,,,,,,,,,,,,,,,,,,,,,,,,,,,,,,,,,685.0,696.0,818.0,,,,,,,,,,,,,,,,,,,
Prod_Diagnostic_01.txt,24-07-510,EPS,0XE72B,Voltage fault,Voltage,Stored,9,19,5,2026-05-01 12:37:00,209,,,,659.0,,,,,,,,,,,,,,,,,,,,,,,,,,,,,,,,,,,,,578.0,679.0,28.0,86.0,,,,,,,,,,,,,,,
Prod_Diagnostic_01.txt,24-07-510,EPS,0X32BD,EPS specific fault 2,ECU Specific/Other,Stored,12,1,3,2026-05-13 10:13:00,172,,,,901.0,,,,,,,,,,,,,,,,,,,,,,,,,,,,,,,,,,,,,466.0,335.0,346.0,780.0,,,,,,,,,,,,,,,
Prod_Diagnostic_01.txt,24-07-510,EPS,0X573B,EPS specific fault 3,ECU Specific/Other,Stored,17,2,4,2026-05-01 23:34:00,197,,,,666.0,,,,,,,,,,,,,,,,,,,,,,,,,,,,,,,,,,,,,54.0,975.0,359.0,230.0,,,,,,,,,,,,,,,
Prod_Diagnostic_01.txt,24-07-510,EPS,0XD7FE,Communication fault,Communication,Intermittent,3,0,2,2026-05-07 00:39:00,243,,,,686.0,,,,,,,,,,,,,,,,,,,,,,,,,,,,,,,,,,,,,157.0,245.0,130.0,485.0,,,,,,,,,,,,,,,
Prod_Diagnostic_01.txt,24-07-510,EPS,0XA060,Communication fault,Communication,Active,30,8,3,2026-05-06 19:38:00,390,,,,797.0,,,,,,,,,,,,,,,,,,,,,,,,,,,,,,,,,,,,,987.0,766.0,736.0,118.0,,,,,,,,,,,,,,,
Prod_Diagnostic_01.txt,24-07-510,ABS,0X5FA0,Voltage fault,Voltage,Active,38,0,3,2026-05-19 21:58:00,398,,,,,,,,,,,,,,,,,,,,,,,,,,,,,,,,,,,,,,,,,,,,,982.0,385.0,407.0,965.0,733.0,,,,,,,,,,
Prod_Diagnostic_01.txt,24-07-510,ABS,0X2374,Voltage fault,Voltage,Intermittent,45,20,2,2026-05-04 22:49:00,285,,,,,,,,,,,,,,,,,,,,,,,,,,,,,,,,,,,,,,,,,,,,,309.0,871.0,701.0,615.0,825.0,,,,,,,,,,
Prod_Diagnostic_01.txt,24-07-510,ABS,0XDBD5,Communication fault,Communication,Intermittent,3,11,5,2026-05-14 21:23:00,303,,,,,,,,,,,,,,,,,,,,,,,,,,,,,,,,,,,,,,,,,,,,,71.0,519.0,664.0,350.0,13.0,,,,,,,,,,
Prod_Diagnostic_01.txt,24-07-510,ABS,0XE284,ABS specific fault 4,ECU Specific/Other,Stored,7,13,3,2026-05-21 14:45:00,167,,,,,,,,,,,,,,,,,,,,,,,,,,,,,,,,,,,,,,,,,,,,,157.0,446.0,181.0,752.0,535.0,,,,,,,,,,
Prod_Diagnostic_01.txt,24-07-510,ABS,0XADAC,Sensor range fault,Sensor,Intermittent,50,15,4,2026-05-14 23:37:00,330,,,,,,,,,,,,,,,,,,,,,,,,,,,,,,,,,,,,,,,,,,,,,275.0,331.0,873.0,252.0,851.0,,,,,,,,,,
Prod_Diagnostic_01.txt,24-07-510,RADAR,0X5767,Communication fault,Communication,Stored,16,14,5,2026-05-20 21:24:00,216,,,,872.0,,,,,,,,,,,,,,,,,,,,,,,,,,,,,,,,,,,,507.0,,,,,,,,,,345.0,30.0,333.0,,,,,,,
Prod_Diagnostic_01.txt,24-07-510,RADAR,0X8CD0,Voltage fault,Voltage,Active,23,8,3,2026-05-09 19:44:00,383,,,,11.0,,,,,,,,,,,,,,,,,,,,,,,,,,,,,,,,,,,,570.0,,,,,,,,,,902.0,283.0,530.0,,,,,,,
Prod_Diagnostic_01.txt,24-07-510,RADAR,0X25EA,Voltage fault,Voltage,Active,47,13,4,2026-05-18 07:44:00,427,,,,503.0,,,,,,,,,,,,,,,,,,,,,,,,,,,,,,,,,,,,729.0,,,,,,,,,,488.0,662.0,459.0,,,,,,,
Prod_Diagnostic_01.txt,24-07-510,RADAR,0X27D2,Communication fault,Communication,Stored,15,12,2,2026-05-10 21:37:00,155,,,,544.0,,,,,,,,,,,,,,,,,,,,,,,,,,,,,,,,,,,,567.0,,,,,,,,,,378.0,485.0,353.0,,,,,,,
Prod_Diagnostic_01.txt,24-07-510,RADAR,0XCEF5,RADAR specific fault 5,ECU Specific/Other,Intermittent,22,11,4,2026-05-09 09:16:00,302,,,,198.0,,,,,,,,,,,,,,,,,,,,,,,,,,,,,,,,,,,,739.0,,,,,,,,,,237.0,124.0,324.0,,,,,,,
Prod_Diagnostic_02.txt,24-07-510,BCM,0X275B,BCM specific fault 1,ECU Specific/Other,Stored,23,13,3,2026-05-11 21:06:00,183,,,,,,,,,422.0,,,,,,,,,,,879.0,165.0,338.0,711.0,,,,,,,,,,,,,,,,,,,,,,,,,,,,,,,,,,,,
Prod_Diagnostic_02.txt,24-07-510,BCM,0X59C8,BCM specific fault 2,ECU Specific/Other,Intermittent,26,17,1,2026-05-15 02:20:00,246,,,,,,,,,994.0,,,,,,,,,,,259.0,332.0,119.0,792.0,,,,,,,,,,,,,,,,,,,,,,,,,,,,,,,,,,,,
Prod_Diagnostic_02.txt,24-07-510,BCM,0XED6A,BCM specific fault 3,ECU Specific/Other,Intermittent,1,17,4,2026-05-14 01:12:00,281,,,,,,,,,775.0,,,,,,,,,,,531.0,371.0,638.0,511.0,,,,,,,,,,,,,,,,,,,,,,,,,,,,,,,,,,,,
Prod_Diagnostic_02.txt,24-07-510,BCM,0XD28E,BCM specific fault 4,ECU Specific/Other,Active,14,8,5,2026-05-05 09:28:00,414,,,,,,,,,125.0,,,,,,,,,,,902.0,716.0,497.0,30.0,,,,,,,,,,,,,,,,,,,,,,,,,,,,,,,,,,,,
Prod_Diagnostic_02.txt,24-07-510,BCM,0XDC9F,BCM performance issue 5,Performance,Active,46,5,3,2026-05-18 00:35:00,406,,,,,,,,,862.0,,,,,,,,,,,418.0,96.0,231.0,935.0,,,,,,,,,,,,,,,,,,,,,,,,,,,,,,,,,,,,
Prod_Diagnostic_02.txt,24-07-510,BMS,0X8621,Communication fault,Communication,Active,42,4,4,2026-05-23 09:32:00,422,,,,,,,,,,,,,,,,,,723.0,,,,,,,,,,,,,,,,,,,,,,,,,,,,,,,,,,,280.0,426.0,855.0,495.0,,,
Prod_Diagnostic_02.txt,24-07-510,BMS,0X4E65,BMS specific fault 2,ECU Specific/Other,Stored,36,4,4,2026-05-07 19:32:00,216,,,,,,,,,,,,,,,,,,765.0,,,,,,,,,,,,,,,,,,,,,,,,,,,,,,,,,,,901.0,140.0,885.0,72.0,,,
Prod_Diagnostic_02.txt,24-07-510,BMS,0XD5CE,Sensor range fault,Sensor,Stored,22,16,3,2026-05-27 00:18:00,182,,,,,,,,,,,,,,,,,,744.0,,,,,,,,,,,,,,,,,,,,,,,,,,,,,,,,,,,306.0,858.0,602.0,594.0,,,
Prod_Diagnostic_02.txt,24-07-510,BMS,0XED81,BMS specific fault 4,ECU Specific/Other,Active,29,17,4,2026-05-12 10:35:00,409,,,,,,,,,,,,,,,,,,782.0,,,,,,,,,,,,,,,,,,,,,,,,,,,,,,,,,,,557.0,387.0,467.0,956.0,,,
Prod_Diagnostic_02.txt,24-07-510,BMS,0XEE9E,Sensor range fault,Sensor,Active,45,7,5,2026-05-13 07:54:00,445,,,,,,,,,,,,,,,,,,795.0,,,,,,,,,,,,,,,,,,,,,,,,,,,,,,,,,,,421.0,45.0,326.0,763.0,,,
Prod_Diagnostic_02.txt,24-07-510,ABS,0XC489,ABS specific fault 1,ECU Specific/Other,Stored,25,20,2,2026-05-16 01:08:00,165,,,,,,,,,,,,,,,,,,,,,,,,,,,,,,,,,,,,,,,,,,,,,515.0,989.0,605.0,340.0,891.0,,,,,,,,,,
Prod_Diagnostic_02.txt,24-07-510,ABS,0XEFCA,Communication fault,Communication,Stored,7,16,4,2026-05-01 23:09:00,187,,,,,,,,,,,,,,,,,,,,,,,,,,,,,,,,,,,,,,,,,,,,,420.0,892.0,671.0,994.0,159.0,,,,,,,,,,
Prod_Diagnostic_02.txt,24-07-510,ABS,0X8830,Communication fault,Communication,Stored,22,19,4,2026-05-21 02:54:00,202,,,,,,,,,,,,,,,,,,,,,,,,,,,,,,,,,,,,,,,,,,,,,337.0,873.0,691.0,880.0,547.0,,,,,,,,,,
Prod_Diagnostic_02.txt,24-07-510,ABS,0X6110,ABS specific fault 4,ECU Specific/Other,Intermittent,46,15,5,2026-05-02 19:04:00,346,,,,,,,,,,,,,,,,,,,,,,,,,,,,,,,,,,,,,,,,,,,,,241.0,647.0,701.0,944.0,295.0,,,,,,,,,,
Prod_Diagnostic_02.txt,24-07-510,ABS,0XCF2C,Voltage fault,Voltage,Active,28,3,1,2026-05-15 05:44:00,348,,,,,,,,,,,,,,,,,,,,,,,,,,,,,,,,,,,,,,,,,,,,,307.0,926.0,30.0,48.0,333.0,,,,,,,,,,
Prod_Diagnostic_02.txt,24-07-510,EPS,0X5B1A,Communication fault,Communication,Stored,24,13,2,2026-05-08 16:26:00,164,,,,175.0,,,,,,,,,,,,,,,,,,,,,,,,,,,,,,,,,,,,,580.0,699.0,812.0,185.0,,,,,,,,,,,,,,,
Prod_Diagnostic_02.txt,24-07-510,EPS,0X2437,Voltage fault,Voltage,Intermittent,25,19,2,2026-05-16 18:09:00,265,,,,471.0,,,,,,,,,,,,,,,,,,,,,,,,,,,,,,,,,,,,,238.0,473.0,654.0,261.0,,,,,,,,,,,,,,,
Prod_Diagnostic_02.txt,24-07-510,EPS,0XBAB6,Sensor range fault,Sensor,Active,30,9,5,2026-05-06 02:28:00,430,,,,655.0,,,,,,,,,,,,,,,,,,,,,,,,,,,,,,,,,,,,,968.0,354.0,602.0,307.0,,,,,,,,,,,,,,,
Prod_Diagnostic_02.txt,24-07-510,EPS,0XC0B8,EPS specific fault 4,ECU Specific/Other,Stored,30,9,2,2026-05-13 15:06:00,170,,,,589.0,,,,,,,,,,,,,,,,,,,,,,,,,,,,,,,,,,,,,243.0,391.0,586.0,368.0,,,,,,,,,,,,,,,
Prod_Diagnostic_02.txt,24-07-510,EPS,0XC303,Sensor range fault,Sensor,Stored,2,12,3,2026-05-01 18:55:00,162,,,,51.0,,,,,,,,,,,,,,,,,,,,,,,,,,,,,,,,,,,,,703.0,797.0,763.0,997.0,,,,,,,,,,,,,,,
Prod_Diagnostic_02.txt,24-07-510,ECM,0XCEC3,ECM performance issue 1,Performance,Stored,19,7,5,2026-05-26 11:14:00,219,,,,,,,,,,652.0,195.0,636.0,257.0,695.0,,,,,,,,,,,,,,,,,,,,,,,,,,,,,,,,,,,,,,,,,,,,,
Prod_Diagnostic_02.txt,24-07-510,ECM,0XB0D4,Voltage fault,Voltage,Active,41,20,1,2026-05-10 14:02:00,361,,,,,,,,,,594.0,374.0,750.0,135.0,93.0,,,,,,,,,,,,,,,,,,,,,,,,,,,,,,,,,,,,,,,,,,,,,
Prod_Diagnostic_02.txt,24-07-510,ECM,0X63A3,Sensor range fault,Sensor,Intermittent,27,5,2,2026-05-05 17:56:00,267,,,,,,,,,,995.0,375.0,544.0,514.0,936.0,,,,,,,,,,,,,,,,,,,,,,,,,,,,,,,,,,,,,,,,,,,,,
Prod_Diagnostic_02.txt,24-07-510,ECM,0XE499,Sensor range fault,Sensor,Active,17,15,3,2026-05-24 10:51:00,377,,,,,,,,,,118.0,480.0,987.0,78.0,145.0,,,,,,,,,,,,,,,,,,,,,,,,,,,,,,,,,,,,,,,,,,,,,
Prod_Diagnostic_02.txt,24-07-510,ECM,0XEC32,Voltage fault,Voltage,Intermittent,47,12,5,2026-05-12 02:50:00,347,,,,,,,,,,405.0,15.0,271.0,550.0,127.0,,,,,,,,,,,,,,,,,,,,,,,,,,,,,,,,,,,,,,,,,,,,,
Prod_Diagnostic_02.txt,24-07-510,TCU,0X6E5B,TCU specific fault 1,ECU Specific/Other,Intermittent,48,8,5,2026-05-13 20:23:00,348,111.0,692.0,240.0,483.0,26.0,,,,,,,,,,,,,,,,,,,,,,,,,,,,,,,,,,,,,,,,,,,,,,,,,,,,,,
Prod_Diagnostic_02.txt,24-07-510,TCU,0XF25D,TCU performance issue 2,Performance,Intermittent,21,19,2,2026-05-21 02:40:00,261,844.0,476.0,932.0,718.0,310.0,,,,,,,,,,,,,,,,,,,,,,,,,,,,,,,,,,,,,,,,,,,,,,,,,,,,,,
Prod_Diagnostic_02.txt,24-07-510,TCU,0X2DDE,TCU specific fault 3,ECU Specific/Other,Active,3,1,3,2026-05-16 03:06:00,363,241.0,909.0,551.0,139.0,398.0,,,,,,,,,,,,,,,,,,,,,,,,,,,,,,,,,,,,,,,,,,,,,,,,,,,,,,
Prod_Diagnostic_02.txt,24-07-510,TCU,0X6EFA,TCU specific fault 4,ECU Specific/Other,Intermittent,48,17,4,2026-05-19 23:46:00,328,159.0,907.0,425.0,671.0,102.0,,,,,,,,,,,,,,,,,,,,,,,,,,,,,,,,,,,,,,,,,,,,,,,,,,,,,,
Prod_Diagnostic_02.txt,24-07-510,TCU,0XAD9B,TCU specific fault 5,ECU Specific/Other,Stored,18,1,3,2026-05-07 14:28:00,178,974.0,242.0,876.0,372.0,102.0,,,,,,,,,,,,,,,,,,,,,,,,,,,,,,,,,,,,,,,,,,,,,,,,,,,,,,
Prod_Diagnostic_02.txt,24-07-510,RADAR,0X9B62,Sensor range fault,Sensor,Intermittent,23,1,4,2026-05-09 06:07:00,303,,,,466.0,,,,,,,,,,,,,,,,,,,,,,,,,,,,,,,,,,,,844.0,,,,,,,,,,972.0,869.0,94.0,,,,,,,
Prod_Diagnostic_02.txt,24-07-510,RADAR,0XB446,Voltage fault,Voltage,Intermittent,39,0,1,2026-05-26 10:15:00,259,,,,211.0,,,,,,,,,,,,,,,,,,,,,,,,,,,,,,,,,,,,579.0,,,,,,,,,,129.0,806.0,71.0,,,,,,,
Prod_Diagnostic_02.txt,24-07-510,RADAR,0X4508,RADAR performance issue 3,Performance,Intermittent,14,7,3,2026-05-25 04:50:00,274,,,,284.0,,,,,,,,,,,,,,,,,,,,,,,,,,,,,,,,,,,,3.0,,,,,,,,,,923.0,611.0,880.0,,,,,,,
Prod_Diagnostic_02.txt,24-07-510,RADAR,0X3147,Voltage fault,Voltage,Intermittent,17,5,1,2026-05-22 00:08:00,237,,,,808.0,,,,,,,,,,,,,,,,,,,,,,,,,,,,,,,,,,,,809.0,,,,,,,,,,16.0,367.0,244.0,,,,,,,
Prod_Diagnostic_02.txt,24-07-510,RADAR,0X62E2,RADAR performance issue 5,Performance,Active,12,8,1,2026-05-05 23:26:00,332,,,,66.0,,,,,,,,,,,,,,,,,,,,,,,,,,,,,,,,,,,,764.0,,,,,,,,,,539.0,117.0,488.0,,,,,,,
Prod_Diagnostic_02.txt,24-07-510,SRS,0XD72C,SRS specific fault 1,ECU Specific/Other,Stored,33,18,1,2026-05-15 16:14:00,153,,,,,,,,,,,,,,,,,,,,,,,,,,,,,,,,,,,,,,,,,,,,745.0,,,,,969.0,,,,,,,,630.0,45.0,803.0
Prod_Diagnostic_02.txt,24-07-510,SRS,0X5D37,SRS performance issue 2,Performance,Stored,42,0,1,2026-05-16 12:27:00,162,,,,,,,,,,,,,,,,,,,,,,,,,,,,,,,,,,,,,,,,,,,,730.0,,,,,703.0,,,,,,,,111.0,503.0,932.0
Prod_Diagnostic_02.txt,24-07-510,SRS,0X22D0,SRS specific fault 3,ECU Specific/Other,Active,21,19,2,2026-05-03 04:17:00,361,,,,,,,,,,,,,,,,,,,,,,,,,,,,,,,,,,,,,,,,,,,,562.0,,,,,640.0,,,,,,,,649.0,600.0,730.0
Prod_Diagnostic_02.txt,24-07-510,SRS,0X7182,Sensor range fault,Sensor,Intermittent,34,9,4,2026-05-17 19:27:00,314,,,,,,,,,,,,,,,,,,,,,,,,,,,,,,,,,,,,,,,,,,,,118.0,,,,,102.0,,,,,,,,813.0,719.0,874.0
Prod_Diagnostic_02.txt,24-07-510,SRS,0XC888,SRS performance issue 5,Performance,Active,28,14,2,2026-05-14 10:52:00,368,,,,,,,,,,,,,,,,,,,,,,,,,,,,,,,,,,,,,,,,,,,,748.0,,,,,465.0,,,,,,,,409.0,426.0,98.0
Prod_Diagnostic_02.txt,24-07-510,GW,0X7D40,Sensor range fault,Sensor,Stored,43,8,3,2026-05-05 21:59:00,203,,,,,94.0,486.0,69.0,852.0,88.0,,,,,,,,,,,,,,,,,,,,,,,,,,,,,,,,,,,,,,,,,,,,,,,,,,
Prod_Diagnostic_02.txt,24-07-510,GW,0X7E8F,Communication fault,Communication,Active,48,11,2,2026-05-18 01:37:00,388,,,,,576.0,980.0,576.0,338.0,687.0,,,,,,,,,,,,,,,,,,,,,,,,,,,,,,,,,,,,,,,,,,,,,,,,,,
Prod_Diagnostic_02.txt,24-07-510,GW,0X792A,Communication fault,Communication,Stored,43,13,1,2026-05-10 19:19:00,163,,,,,592.0,361.0,107.0,520.0,218.0,,,,,,,,,,,,,,,,,,,,,,,,,,,,,,,,,,,,,,,,,,,,,,,,,,
Prod_Diagnostic_02.txt,24-07-510,GW,0XB81F,Voltage fault,Voltage,Stored,15,3,3,2026-05-28 17:23:00,175,,,,,286.0,118.0,781.0,588.0,232.0,,,,,,,,,,,,,,,,,,,,,,,,,,,,,,,,,,,,,,,,,,,,,,,,,,
Prod_Diagnostic_02.txt,24-07-510,GW,0XE85C,GW specific fault 5,ECU Specific/Other,Intermittent,50,19,5,2026-05-22 20:35:00,350,,,,,952.0,27.0,624.0,674.0,850.0,,,,,,,,,,,,,,,,,,,,,,,,,,,,,,,,,,,,,,,,,,,,,,,,,,
Prod_Diagnostic_02.txt,24-07-510,ADAS,0X1769,Sensor range fault,Sensor,Active,18,9,3,2026-05-12 00:11:00,378,,,,411.0,674.0,,,,,,,,,,,,,,,,,,,,,,,,,,,,,,,,,891.0,147.0,580.0,,,,,,,,,,,,,,,,,,,
Prod_Diagnostic_02.txt,24-07-510,ADAS,0X3451,Communication fault,Communication,Intermittent,41,0,1,2026-05-24 16:13:00,261,,,,162.0,350.0,,,,,,,,,,,,,,,,,,,,,,,,,,,,,,,,,386.0,430.0,465.0,,,,,,,,,,,,,,,,,,,
Prod_Diagnostic_02.txt,24-07-510,ADAS,0X5FC7,Sensor range fault,Sensor,Intermittent,21,18,5,2026-05-03 01:09:00,321,,,,691.0,51.0,,,,,,,,,,,,,,,,,,,,,,,,,,,,,,,,,162.0,773.0,633.0,,,,,,,,,,,,,,,,,,,
Prod_Diagnostic_02.txt,24-07-510,ADAS,0X55A8,Communication fault,Communication,Stored,43,13,4,2026-05-20 14:26:00,223,,,,117.0,525.0,,,,,,,,,,,,,,,,,,,,,,,,,,,,,,,,,280.0,221.0,774.0,,,,,,,,,,,,,,,,,,,
Prod_Diagnostic_02.txt,24-07-510,ADAS,0X7E0E,Sensor range fault,Sensor,Active,19,18,4,2026-05-17 21:19:00,399,,,,57.0,614.0,,,,,,,,,,,,,,,,,,,,,,,,,,,,,,,,,47.0,226.0,405.0,,,,,,,,,,,,,,,,,,,
Prod_Diagnostic_02.txt,24-07-510,HVAC,0X4455,Communication fault,Communication,Stored,14,4,3,2026-05-10 10:07:00,174,,,,,,,,,,,,,,,,,,,,,,,,,,,,8.0,510.0,765.0,441.0,180.0,,,,,,,,,,,,,,,,,,,,,,,,,,,
Prod_Diagnostic_02.txt,24-07-510,HVAC,0X7155,Voltage fault,Voltage,Intermittent,46,7,5,2026-05-18 21:51:00,346,,,,,,,,,,,,,,,,,,,,,,,,,,,,363.0,74.0,407.0,883.0,760.0,,,,,,,,,,,,,,,,,,,,,,,,,,,
Prod_Diagnostic_02.txt,24-07-510,HVAC,0X7FAC,Communication fault,Communication,Active,30,2,3,2026-05-19 13:36:00,390,,,,,,,,,,,,,,,,,,,,,,,,,,,,415.0,727.0,656.0,428.0,297.0,,,,,,,,,,,,,,,,,,,,,,,,,,,
Prod_Diagnostic_02.txt,24-07-510,HVAC,0X77B0,Communication fault,Communication,Active,21,5,5,2026-05-15 22:58:00,421,,,,,,,,,,,,,,,,,,,,,,,,,,,,371.0,91.0,448.0,865.0,109.0,,,,,,,,,,,,,,,,,,,,,,,,,,,
Prod_Diagnostic_02.txt,24-07-510,HVAC,0X7F88,Voltage fault,Voltage,Intermittent,26,16,1,2026-05-13 09:47:00,246,,,,,,,,,,,,,,,,,,,,,,,,,,,,348.0,227.0,342.0,798.0,173.0,,,,,,,,,,,,,,,,,,,,,,,,,,,
Prod_Diagnostic_02.txt,24-07-510,OBC,0X92AF,Communication fault,Communication,Intermittent,8,16,5,2026-05-07 11:22:00,308,,,,,,,,,,,,,,,745.0,982.0,839.0,661.0,835.0,,,,,,,,,,,,,,,,,,,,,,,,,,,,,,,,,,,,,,,,
Prod_Diagnostic_02.txt,24-07-510,OBC,0X4C7C,Voltage fault,Voltage,Active,10,8,2,2026-05-06 19:09:00,350,,,,,,,,,,,,,,,779.0,778.0,672.0,78.0,182.0,,,,,,,,,,,,,,,,,,,,,,,,,,,,,,,,,,,,,,,,
Prod_Diagnostic_02.txt,24-07-510,OBC,0X86C5,OBC specific fault 3,ECU Specific/Other,Intermittent,49,18,4,2026-05-22 18:41:00,329,,,,,,,,,,,,,,,651.0,640.0,331.0,885.0,995.0,,,,,,,,,,,,,,,,,,,,,,,,,,,,,,,,,,,,,,,,
Prod_Diagnostic_02.txt,24-07-510,OBC,0X36A5,Sensor range fault,Sensor,Stored,5,15,4,2026-05-21 09:50:00,185,,,,,,,,,,,,,,,282.0,606.0,58.0,361.0,520.0,,,,,,,,,,,,,,,,,,,,,,,,,,,,,,,,,,,,,,,,
Prod_Diagnostic_02.txt,24-07-510,OBC,0X5F76,Communication fault,Communication,Stored,29,1,1,2026-05-12 09:04:00,149,,,,,,,,,,,,,,,661.0,885.0,876.0,93.0,630.0,,,,,,,,,,,,,,,,,,,,,,,,,,,,,,,,,,,,,,,,
Prod_Diagnostic_03.txt,25-11-601,RADAR,0X7A36,Communication fault,Communication,Active,26,16,3,2026-05-08 12:05:00,386,,,,327.0,,,,,,,,,,,,,,,,,,,,,,,,,,,,,,,,,,,,29.0,,,,,,,,,,384.0,230.0,954.0,,,,,,,
Prod_Diagnostic_03.txt,25-11-601,RADAR,0XE6D4,Communication fault,Communication,Intermittent,42,10,2,2026-05-05 01:18:00,282,,,,713.0,,,,,,,,,,,,,,,,,,,,,,,,,,,,,,,,,,,,484.0,,,,,,,,,,940.0,850.0,852.0,,,,,,,
Prod_Diagnostic_03.txt,25-11-601,RADAR,0XD243,Voltage fault,Voltage,Intermittent,31,14,5,2026-05-01 02:01:00,331,,,,154.0,,,,,,,,,,,,,,,,,,,,,,,,,,,,,,,,,,,,856.0,,,,,,,,,,263.0,221.0,562.0,,,,,,,
Prod_Diagnostic_03.txt,25-11-601,RADAR,0X971C,RADAR performance issue 4,Performance,Stored,8,9,2,2026-05-10 03:03:00,148,,,,813.0,,,,,,,,,,,,,,,,,,,,,,,,,,,,,,,,,,,,655.0,,,,,,,,,,245.0,430.0,638.0,,,,,,,
Prod_Diagnostic_03.txt,25-11-601,RADAR,0X2014,RADAR specific fault 5,ECU Specific/Other,Active,32,19,5,2026-05-01 20:32:00,432,,,,148.0,,,,,,,,,,,,,,,,,,,,,,,,,,,,,,,,,,,,736.0,,,,,,,,,,589.0,248.0,299.0,,,,,,,
Prod_Diagnostic_03.txt,25-11-601,TCM,0X1066,TCM specific fault 1,ECU Specific/Other,Intermittent,23,7,5,2026-05-14 05:42:00,323,,,,,,,,,,,,,,,,,,,,,,,,,,,,,,,,,685.0,88.0,537.0,999.0,370.0,,,,,,,,,,,,,,,,,,,,,,
Prod_Diagnostic_03.txt,25-11-601,TCM,0X96AB,Communication fault,Communication,Intermittent,33,16,5,2026-05-01 12:55:00,333,,,,,,,,,,,,,,,,,,,,,,,,,,,,,,,,,482.0,45.0,651.0,397.0,383.0,,,,,,,,,,,,,,,,,,,,,,
Prod_Diagnostic_03.txt,25-11-601,TCM,0XCF50,Sensor range fault,Sensor,Active,23,2,3,2026-05-08 23:42:00,383,,,,,,,,,,,,,,,,,,,,,,,,,,,,,,,,,644.0,107.0,791.0,596.0,753.0,,,,,,,,,,,,,,,,,,,,,,
Prod_Diagnostic_03.txt,25-11-601,TCM,0X3227,Sensor range fault,Sensor,Active,23,17,3,2026-05-27 20:11:00,383,,,,,,,,,,,,,,,,,,,,,,,,,,,,,,,,,851.0,798.0,702.0,476.0,713.0,,,,,,,,,,,,,,,,,,,,,,
Prod_Diagnostic_03.txt,25-11-601,TCM,0XB1B9,TCM specific fault 5,ECU Specific/Other,Active,9,2,4,2026-05-02 09:12:00,389,,,,,,,,,,,,,,,,,,,,,,,,,,,,,,,,,45.0,811.0,205.0,908.0,43.0,,,,,,,,,,,,,,,,,,,,,,
Prod_Diagnostic_03.txt,25-11-601,TCU,0XFEF1,Sensor range fault,Sensor,Stored,33,12,5,2026-05-16 08:02:00,233,772.0,663.0,196.0,293.0,366.0,,,,,,,,,,,,,,,,,,,,,,,,,,,,,,,,,,,,,,,,,,,,,,,,,,,,,,
Prod_Diagnostic_03.txt,25-11-601,TCU,0XEDA4,Communication fault,Communication,Intermittent,22,8,1,2026-05-26 11:27:00,242,911.0,410.0,762.0,451.0,917.0,,,,,,,,,,,,,,,,,,,,,,,,,,,,,,,,,,,,,,,,,,,,,,,,,,,,,,
Prod_Diagnostic_03.txt,25-11-601,TCU,0X66CB,TCU specific fault 3,ECU Specific/Other,Active,32,15,3,2026-05-26 16:17:00,392,821.0,85.0,745.0,435.0,81.0,,,,,,,,,,,,,,,,,,,,,,,,,,,,,,,,,,,,,,,,,,,,,,,,,,,,,,
Prod_Diagnostic_03.txt,25-11-601,TCU,0XAA3A,TCU specific fault 4,ECU Specific/Other,Active,35,9,3,2026-05-04 02:20:00,395,677.0,303.0,314.0,457.0,618.0,,,,,,,,,,,,,,,,,,,,,,,,,,,,,,,,,,,,,,,,,,,,,,,,,,,,,,
Prod_Diagnostic_03.txt,25-11-601,TCU,0X3AA9,TCU specific fault 5,ECU Specific/Other,Intermittent,29,11,4,2026-05-02 23:55:00,309,934.0,362.0,630.0,446.0,282.0,,,,,,,,,,,,,,,,,,,,,,,,,,,,,,,,,,,,,,,,,,,,,,,,,,,,,,
Prod_Diagnostic_03.txt,25-11-601,FCAM,0X2335,Communication fault,Communication,Intermittent,41,12,3,2026-05-17 23:43:00,301,,,,147.0,,,,,,,,,,,,,,,,,,,,164.0,976.0,32.0,870.0,,,,,,,,,,,,,,,,,,,,,,,,,,,,,,,,
Prod_Diagnostic_03.txt,25-11-601,FCAM,0XBD97,FCAM performance issue 2,Performance,Stored,3,4,1,2026-05-08 20:23:00,123,,,,581.0,,,,,,,,,,,,,,,,,,,,371.0,393.0,973.0,34.0,,,,,,,,,,,,,,,,,,,,,,,,,,,,,,,,
Prod_Diagnostic_03.txt,25-11-601,FCAM,0X3747,FCAM performance issue 3,Performance,Intermittent,29,11,3,2026-05-15 02:36:00,289,,,,408.0,,,,,,,,,,,,,,,,,,,,141.0,543.0,376.0,322.0,,,,,,,,,,,,,,,,,,,,,,,,,,,,,,,,
Prod_Diagnostic_03.txt,25-11-601,FCAM,0X4FE6,Sensor range fault,Sensor,Active,2,5,4,2026-05-17 12:58:00,382,,,,794.0,,,,,,,,,,,,,,,,,,,,576.0,121.0,269.0,267.0,,,,,,,,,,,,,,,,,,,,,,,,,,,,,,,,
Prod_Diagnostic_03.txt,25-11-601,FCAM,0X46EE,FCAM specific fault 5,ECU Specific/Other,Intermittent,19,15,2,2026-05-04 04:54:00,259,,,,921.0,,,,,,,,,,,,,,,,,,,,76.0,463.0,177.0,731.0,,,,,,,,,,,,,,,,,,,,,,,,,,,,,,,,
Prod_Diagnostic_03.txt,25-11-601,ABS,0X2679,ABS specific fault 1,ECU Specific/Other,Intermittent,21,11,1,2026-05-18 17:18:00,241,,,,,,,,,,,,,,,,,,,,,,,,,,,,,,,,,,,,,,,,,,,,,913.0,308.0,872.0,162.0,729.0,,,,,,,,,,
Prod_Diagnostic_03.txt,25-11-601,ABS,0XDB2F,Voltage fault,Voltage,Stored,33,7,1,2026-05-07 04:15:00,153,,,,,,,,,,,,,,,,,,,,,,,,,,,,,,,,,,,,,,,,,,,,,810.0,506.0,27.0,370.0,568.0,,,,,,,,,,
Prod_Diagnostic_03.txt,25-11-601,ABS,0X6E70,ABS performance issue 3,Performance,Stored,36,4,5,2026-05-03 02:19:00,236,,,,,,,,,,,,,,,,,,,,,,,,,,,,,,,,,,,,,,,,,,,,,408.0,735.0,737.0,491.0,539.0,,,,,,,,,,
Prod_Diagnostic_03.txt,25-11-601,ABS,0XD4E7,ABS specific fault 4,ECU Specific/Other,Stored,37,2,2,2026-05-11 20:04:00,177,,,,,,,,,,,,,,,,,,,,,,,,,,,,,,,,,,,,,,,,,,,,,461.0,478.0,697.0,530.0,353.0,,,,,,,,,,
Prod_Diagnostic_03.txt,25-11-601,ABS,0XF0C1,Voltage fault,Voltage,Intermittent,41,18,2,2026-05-25 04:27:00,281,,,,,,,,,,,,,,,,,,,,,,,,,,,,,,,,,,,,,,,,,,,,,515.0,933.0,890.0,57.0,852.0,,,,,,,,,,
Prod_Diagnostic_03.txt,25-11-601,ECM,0X94A2,Communication fault,Communication,Active,20,5,2,2026-05-11 22:14:00,360,,,,,,,,,,355.0,971.0,964.0,532.0,917.0,,,,,,,,,,,,,,,,,,,,,,,,,,,,,,,,,,,,,,,,,,,,,
Prod_Diagnostic_03.txt,25-11-601,ECM,0XE88F,Sensor range fault,Sensor,Active,17,6,5,2026-05-09 04:40:00,417,,,,,,,,,,311.0,630.0,547.0,96.0,515.0,,,,,,,,,,,,,,,,,,,,,,,,,,,,,,,,,,,,,,,,,,,,,
Prod_Diagnostic_03.txt,25-11-601,ECM,0XA780,Voltage fault,Voltage,Intermittent,10,5,5,2026-05-24 19:21:00,310,,,,,,,,,,863.0,947.0,578.0,43.0,846.0,,,,,,,,,,,,,,,,,,,,,,,,,,,,,,,,,,,,,,,,,,,,,
Prod_Diagnostic_03.txt,25-11-601,ECM,0X24CB,Communication fault,Communication,Active,42,18,3,2026-05-21 06:49:00,402,,,,,,,,,,586.0,427.0,633.0,655.0,32.0,,,,,,,,,,,,,,,,,,,,,,,,,,,,,,,,,,,,,,,,,,,,,
Prod_Diagnostic_03.txt,25-11-601,ECM,0XF395,ECM specific fault 5,ECU Specific/Other,Intermittent,35,9,3,2026-05-16 07:51:00,295,,,,,,,,,,827.0,702.0,416.0,305.0,465.0,,,,,,,,,,,,,,,,,,,,,,,,,,,,,,,,,,,,,,,,,,,,,
Prod_Diagnostic_03.txt,25-11-601,BCM,0XC048,Communication fault,Communication,Active,11,14,4,2026-05-16 14:13:00,391,,,,,,,,,321.0,,,,,,,,,,,349.0,622.0,148.0,883.0,,,,,,,,,,,,,,,,,,,,,,,,,,,,,,,,,,,,
Prod_Diagnostic_03.txt,25-11-601,BCM,0XCBF4,Sensor range fault,Sensor,Stored,26,4,3,2026-05-17 17:06:00,186,,,,,,,,,126.0,,,,,,,,,,,327.0,248.0,478.0,274.0,,,,,,,,,,,,,,,,,,,,,,,,,,,,,,,,,,,,
Prod_Diagnostic_03.txt,25-11-601,BCM,0X4F77,BCM specific fault 3,ECU Specific/Other,Active,7,1,3,2026-05-13 19:26:00,367,,,,,,,,,924.0,,,,,,,,,,,255.0,986.0,887.0,164.0,,,,,,,,,,,,,,,,,,,,,,,,,,,,,,,,,,,,
Prod_Diagnostic_03.txt,25-11-601,BCM,0XFF0A,Sensor range fault,Sensor,Intermittent,47,10,2,2026-05-25 05:31:00,287,,,,,,,,,901.0,,,,,,,,,,,528.0,479.0,511.0,316.0,,,,,,,,,,,,,,,,,,,,,,,,,,,,,,,,,,,,
Prod_Diagnostic_03.txt,25-11-601,BCM,0X15EE,BCM specific fault 5,ECU Specific/Other,Active,26,16,4,2026-05-08 06:37:00,406,,,,,,,,,289.0,,,,,,,,,,,362.0,50.0,52.0,507.0,,,,,,,,,,,,,,,,,,,,,,,,,,,,,,,,,,,,
Prod_Diagnostic_03.txt,25-11-601,BMS,0XF1E0,BMS performance issue 1,Performance,Intermittent,44,15,3,2026-05-18 00:54:00,304,,,,,,,,,,,,,,,,,,111.0,,,,,,,,,,,,,,,,,,,,,,,,,,,,,,,,,,,442.0,138.0,904.0,271.0,,,
Prod_Diagnostic_03.txt,25-11-601,BMS,0XD38C,Sensor range fault,Sensor,Stored,24,1,4,2026-05-02 18:35:00,204,,,,,,,,,,,,,,,,,,200.0,,,,,,,,,,,,,,,,,,,,,,,,,,,,,,,,,,,372.0,567.0,296.0,76.0,,,
Prod_Diagnostic_03.txt,25-11-601,BMS,0X9116,BMS specific fault 3,ECU Specific/Other,Stored,49,17,3,2026-05-27 19:43:00,209,,,,,,,,,,,,,,,,,,626.0,,,,,,,,,,,,,,,,,,,,,,,,,,,,,,,,,,,122.0,132.0,999.0,100.0,,,
Prod_Diagnostic_03.txt,25-11-601,BMS,0X6F89,BMS specific fault 4,ECU Specific/Other,Stored,36,11,2,2026-05-07 19:32:00,176,,,,,,,,,,,,,,,,,,412.0,,,,,,,,,,,,,,,,,,,,,,,,,,,,,,,,,,,513.0,42.0,47.0,40.0,,,
Prod_Diagnostic_03.txt,25-11-601,BMS,0XC6AD,Voltage fault,Voltage,Stored,31,16,4,2026-05-05 19:57:00,211,,,,,,,,,,,,,,,,,,528.0,,,,,,,,,,,,,,,,,,,,,,,,,,,,,,,,,,,144.0,336.0,954.0,628.0,,,
Prod_Diagnostic_03.txt,25-11-601,SRS,0X3999,Sensor range fault,Sensor,Stored,40,9,5,2026-05-11 16:53:00,240,,,,,,,,,,,,,,,,,,,,,,,,,,,,,,,,,,,,,,,,,,,,726.0,,,,,522.0,,,,,,,,546.0,502.0,577.0
Prod_Diagnostic_03.txt,25-11-601,SRS,0X8992,Sensor range fault,Sensor,Active,24,10,1,2026-05-14 18:19:00,344,,,,,,,,,,,,,,,,,,,,,,,,,,,,,,,,,,,,,,,,,,,,894.0,,,,,816.0,,,,,,,,921.0,743.0,705.0
Prod_Diagnostic_03.txt,25-11-601,SRS,0XA8CF,Communication fault,Communication,Stored,17,20,5,2026-05-19 07:46:00,217,,,,,,,,,,,,,,,,,,,,,,,,,,,,,,,,,,,,,,,,,,,,175.0,,,,,53.0,,,,,,,,598.0,492.0,537.0
Prod_Diagnostic_03.txt,25-11-601,SRS,0XD64C,SRS performance issue 4,Performance,Stored,10,7,1,2026-05-19 22:07:00,130,,,,,,,,,,,,,,,,,,,,,,,,,,,,,,,,,,,,,,,,,,,,322.0,,,,,196.0,,,,,,,,20.0,452.0,429.0
Prod_Diagnostic_03.txt,25-11-601,SRS,0X79B7,Voltage fault,Voltage,Intermittent,14,13,5,2026-05-25 19:58:00,314,,,,,,,,,,,,,,,,,,,,,,,,,,,,,,,,,,,,,,,,,,,,754.0,,,,,483.0,,,,,,,,894.0,869.0,745.0
Prod_Diagnostic_03.txt,25-11-601,HVAC,0XC4AD,Communication fault,Communication,Active,34,6,5,2026-05-11 21:30:00,434,,,,,,,,,,,,,,,,,,,,,,,,,,,,539.0,386.0,322.0,980.0,178.0,,,,,,,,,,,,,,,,,,,,,,,,,,,
Prod_Diagnostic_03.txt,25-11-601,HVAC,0XF980,HVAC specific fault 2,ECU Specific/Other,Intermittent,22,17,3,2026-05-22 23:43:00,282,,,,,,,,,,,,,,,,,,,,,,,,,,,,659.0,823.0,710.0,271.0,625.0,,,,,,,,,,,,,,,,,,,,,,,,,,,
Prod_Diagnostic_03.txt,25-11-601,HVAC,0X4138,HVAC specific fault 3,ECU Specific/Other,Active,18,17,3,2026-05-08 09:49:00,378,,,,,,,,,,,,,,,,,,,,,,,,,,,,296.0,722.0,213.0,707.0,722.0,,,,,,,,,,,,,,,,,,,,,,,,,,,
Prod_Diagnostic_03.txt,25-11-601,HVAC,0X6129,HVAC specific fault 4,ECU Specific/Other,Stored,23,17,3,2026-05-10 03:36:00,183,,,,,,,,,,,,,,,,,,,,,,,,,,,,693.0,557.0,389.0,918.0,405.0,,,,,,,,,,,,,,,,,,,,,,,,,,,
Prod_Diagnostic_03.txt,25-11-601,HVAC,0XD5E7,Sensor range fault,Sensor,Active,19,1,3,2026-05-23 02:22:00,379,,,,,,,,,,,,,,,,,,,,,,,,,,,,947.0,453.0,672.0,263.0,766.0,,,,,,,,,,,,,,,,,,,,,,,,,,,
Prod_Diagnostic_03.txt,25-11-601,ADAS,0X46C7,ADAS specific fault 1,ECU Specific/Other,Active,35,8,5,2026-05-23 08:08:00,435,,,,246.0,601.0,,,,,,,,,,,,,,,,,,,,,,,,,,,,,,,,,112.0,631.0,759.0,,,,,,,,,,,,,,,,,,,
Prod_Diagnostic_03.txt,25-11-601,ADAS,0X1CFE,Voltage fault,Voltage,Intermittent,34,7,2,2026-05-02 03:26:00,274,,,,698.0,103.0,,,,,,,,,,,,,,,,,,,,,,,,,,,,,,,,,339.0,735.0,484.0,,,,,,,,,,,,,,,,,,,
Prod_Diagnostic_03.txt,25-11-601,ADAS,0X1153,Voltage fault,Voltage,Intermittent,11,13,4,2026-05-16 20:12:00,291,,,,293.0,329.0,,,,,,,,,,,,,,,,,,,,,,,,,,,,,,,,,775.0,988.0,295.0,,,,,,,,,,,,,,,,,,,
Prod_Diagnostic_03.txt,25-11-601,ADAS,0XF86E,Communication fault,Communication,Active,42,18,2,2026-05-18 23:46:00,382,,,,944.0,936.0,,,,,,,,,,,,,,,,,,,,,,,,,,,,,,,,,871.0,960.0,39.0,,,,,,,,,,,,,,,,,,,
Prod_Diagnostic_03.txt,25-11-601,ADAS,0X7AFA,Voltage fault,Voltage,Active,3,12,4,2026-05-06 23:55:00,383,,,,10.0,39.0,,,,,,,,,,,,,,,,,,,,,,,,,,,,,,,,,949.0,297.0,898.0,,,,,,,,,,,,,,,,,,,
Prod_Diagnostic_03.txt,25-11-601,EPS,0XA165,Sensor range fault,Sensor,Intermittent,7,10,3,2026-05-15 20:34:00,267,,,,138.0,,,,,,,,,,,,,,,,,,,,,,,,,,,,,,,,,,,,,537.0,506.0,911.0,962.0,,,,,,,,,,,,,,,
Prod_Diagnostic_03.txt,25-11-601,EPS,0X87D0,EPS performance issue 2,Performance,Stored,13,3,3,2026-05-06 23:29:00,173,,,,15.0,,,,,,,,,,,,,,,,,,,,,,,,,,,,,,,,,,,,,664.0,264.0,736.0,191.0,,,,,,,,,,,,,,,
Prod_Diagnostic_03.txt,25-11-601,EPS,0XDA6F,Sensor range fault,Sensor,Stored,37,6,2,2026-05-20 20:57:00,177,,,,336.0,,,,,,,,,,,,,,,,,,,,,,,,,,,,,,,,,,,,,416.0,847.0,438.0,528.0,,,,,,,,,,,,,,,
Prod_Diagnostic_03.txt,25-11-601,EPS,0X769D,Communication fault,Communication,Intermittent,7,5,2,2026-05-16 10:59:00,247,,,,242.0,,,,,,,,,,,,,,,,,,,,,,,,,,,,,,,,,,,,,255.0,7.0,268.0,393.0,,,,,,,,,,,,,,,
Prod_Diagnostic_03.txt,25-11-601,EPS,0XD0F6,EPS specific fault 5,ECU Specific/Other,Stored,22,9,5,2026-05-24 18:00:00,222,,,,242.0,,,,,,,,,,,,,,,,,,,,,,,,,,,,,,,,,,,,,268.0,670.0,369.0,710.0,,,,,,,,,,,,,,,
Prod_Diagnostic_04.txt,24-07-510,ABS,0X4CA5,Sensor range fault,Sensor,Stored,10,16,2,2026-05-14 09:17:00,150,,,,,,,,,,,,,,,,,,,,,,,,,,,,,,,,,,,,,,,,,,,,,63.0,571.0,972.0,606.0,901.0,,,,,,,,,,
Prod_Diagnostic_04.txt,24-07-510,ABS,0XB041,Voltage fault,Voltage,Intermittent,28,17,4,2026-05-02 11:41:00,308,,,,,,,,,,,,,,,,,,,,,,,,,,,,,,,,,,,,,,,,,,,,,688.0,391.0,805.0,538.0,327.0,,,,,,,,,,
Prod_Diagnostic_04.txt,24-07-510,ABS,0X7883,ABS specific fault 3,ECU Specific/Other,Active,20,12,2,2026-05-25 17:30:00,360,,,,,,,,,,,,,,,,,,,,,,,,,,,,,,,,,,,,,,,,,,,,,247.0,870.0,231.0,308.0,879.0,,,,,,,,,,
Prod_Diagnostic_04.txt,24-07-510,ABS,0XDE47,Voltage fault,Voltage,Stored,4,17,4,2026-05-14 17:33:00,184,,,,,,,,,,,,,,,,,,,,,,,,,,,,,,,,,,,,,,,,,,,,,138.0,398.0,249.0,262.0,209.0,,,,,,,,,,
Prod_Diagnostic_04.txt,24-07-510,ABS,0XB58E,Sensor range fault,Sensor,Active,29,11,1,2026-05-18 23:53:00,349,,,,,,,,,,,,,,,,,,,,,,,,,,,,,,,,,,,,,,,,,,,,,196.0,53.0,275.0,387.0,690.0,,,,,,,,,,
Prod_Diagnostic_04.txt,24-07-510,SRS,0XAA59,SRS performance issue 1,Performance,Active,5,6,5,2026-05-24 21:35:00,405,,,,,,,,,,,,,,,,,,,,,,,,,,,,,,,,,,,,,,,,,,,,891.0,,,,,223.0,,,,,,,,491.0,214.0,929.0
Prod_Diagnostic_04.txt,24-07-510,SRS,0X5D9D,Sensor range fault,Sensor,Active,14,6,1,2026-05-24 15:58:00,334,,,,,,,,,,,,,,,,,,,,,,,,,,,,,,,,,,,,,,,,,,,,721.0,,,,,249.0,,,,,,,,713.0,619.0,210.0
Prod_Diagnostic_04.txt,24-07-510,SRS,0XFA45,SRS specific fault 3,ECU Specific/Other,Active,36,10,3,2026-05-13 14:34:00,396,,,,,,,,,,,,,,,,,,,,,,,,,,,,,,,,,,,,,,,,,,,,268.0,,,,,665.0,,,,,,,,368.0,316.0,369.0
Prod_Diagnostic_04.txt,24-07-510,SRS,0XF1FF,SRS performance issue 4,Performance,Stored,30,3,4,2026-05-25 10:58:00,210,,,,,,,,,,,,,,,,,,,,,,,,,,,,,,,,,,,,,,,,,,,,424.0,,,,,209.0,,,,,,,,380.0,321.0,47.0
Prod_Diagnostic_04.txt,24-07-510,SRS,0XED34,SRS performance issue 5,Performance,Active,48,4,1,2026-05-09 17:59:00,368,,,,,,,,,,,,,,,,,,,,,,,,,,,,,,,,,,,,,,,,,,,,428.0,,,,,599.0,,,,,,,,594.0,738.0,303.0
Prod_Diagnostic_04.txt,24-07-510,OBC,0X4239,Voltage fault,Voltage,Stored,15,12,5,2026-05-27 07:31:00,215,,,,,,,,,,,,,,,564.0,671.0,967.0,702.0,346.0,,,,,,,,,,,,,,,,,,,,,,,,,,,,,,,,,,,,,,,,
Prod_Diagnostic_04.txt,24-07-510,OBC,0XD36B,Sensor range fault,Sensor,Stored,47,20,4,2026-05-15 05:46:00,227,,,,,,,,,,,,,,,815.0,361.0,174.0,144.0,738.0,,,,,,,,,,,,,,,,,,,,,,,,,,,,,,,,,,,,,,,,
Prod_Diagnostic_04.txt,24-07-510,OBC,0X8D02,OBC performance issue 3,Performance,Active,35,20,1,2026-05-17 01:53:00,355,,,,,,,,,,,,,,,868.0,77.0,968.0,838.0,685.0,,,,,,,,,,,,,,,,,,,,,,,,,,,,,,,,,,,,,,,,
Prod_Diagnostic_04.txt,24-07-510,OBC,0XD3AB,Communication fault,Communication,Active,27,4,2,2026-05-03 22:09:00,367,,,,,,,,,,,,,,,10.0,224.0,518.0,467.0,383.0,,,,,,,,,,,,,,,,,,,,,,,,,,,,,,,,,,,,,,,,
Prod_Diagnostic_04.txt,24-07-510,OBC,0XAE2A,Communication fault,Communication,Intermittent,43,19,4,2026-05-22 15:01:00,323,,,,,,,,,,,,,,,7.0,545.0,565.0,422.0,13.0,,,,,,,,,,,,,,,,,,,,,,,,,,,,,,,,,,,,,,,,
Prod_Diagnostic_04.txt,24-07-510,ADAS,0X9787,Communication fault,Communication,Intermittent,18,17,3,2026-05-01 16:52:00,278,,,,963.0,826.0,,,,,,,,,,,,,,,,,,,,,,,,,,,,,,,,,715.0,691.0,441.0,,,,,,,,,,,,,,,,,,,
Prod_Diagnostic_04.txt,24-07-510,ADAS,0X2B65,Voltage fault,Voltage,Active,34,4,2,2026-05-07 19:33:00,374,,,,815.0,274.0,,,,,,,,,,,,,,,,,,,,,,,,,,,,,,,,,259.0,835.0,363.0,,,,,,,,,,,,,,,,,,,
Prod_Diagnostic_04.txt,24-07-510,ADAS,0X243A,ADAS specific fault 3,ECU Specific/Other,Stored,26,14,5,2026-05-08 22:14:00,226,,,,83.0,869.0,,,,,,,,,,,,,,,,,,,,,,,,,,,,,,,,,308.0,701.0,848.0,,,,,,,,,,,,,,,,,,,
Prod_Diagnostic_04.txt,24-07-510,ADAS,0X27EF,Communication fault,Communication,Stored,25,12,5,2026-05-16 01:40:00,225,,,,512.0,85.0,,,,,,,,,,,,,,,,,,,,,,,,,,,,,,,,,10.0,720.0,176.0,,,,,,,,,,,,,,,,,,,
Prod_Diagnostic_04.txt,24-07-510,ADAS,0XB518,ADAS specific fault 5,ECU Specific/Other,Stored,37,3,5,2026-05-02 07:13:00,237,,,,581.0,909.0,,,,,,,,,,,,,,,,,,,,,,,,,,,,,,,,,923.0,889.0,709.0,,,,,,,,,,,,,,,,,,,
Prod_Diagnostic_04.txt,24-07-510,GW,0X5566,GW specific fault 1,ECU Specific/Other,Active,5,8,5,2026-05-19 21:02:00,405,,,,,871.0,184.0,952.0,323.0,17.0,,,,,,,,,,,,,,,,,,,,,,,,,,,,,,,,,,,,,,,,,,,,,,,,,,
Prod_Diagnostic_04.txt,24-07-510,GW,0XA647,Voltage fault,Voltage,Active,49,12,1,2026-05-10 05:36:00,369,,,,,855.0,247.0,581.0,870.0,399.0,,,,,,,,,,,,,,,,,,,,,,,,,,,,,,,,,,,,,,,,,,,,,,,,,,
Prod_Diagnostic_04.txt,24-07-510,GW,0X64EC,GW performance issue 3,Performance,Stored,49,4,1,2026-05-17 23:22:00,169,,,,,448.0,55.0,101.0,238.0,859.0,,,,,,,,,,,,,,,,,,,,,,,,,,,,,,,,,,,,,,,,,,,,,,,,,,
Prod_Diagnostic_04.txt,24-07-510,GW,0X6731,Communication fault,Communication,Intermittent,50,19,5,2026-05-13 10:01:00,350,,,,,803.0,650.0,280.0,462.0,503.0,,,,,,,,,,,,,,,,,,,,,,,,,,,,,,,,,,,,,,,,,,,,,,,,,,
Prod_Diagnostic_04.txt,24-07-510,GW,0X6B16,Voltage fault,Voltage,Intermittent,25,13,2,2026-05-22 18:42:00,265,,,,,791.0,390.0,88.0,634.0,303.0,,,,,,,,,,,,,,,,,,,,,,,,,,,,,,,,,,,,,,,,,,,,,,,,,,
Prod_Diagnostic_04.txt,24-07-510,BMS,0XC68E,Voltage fault,Voltage,Active,6,8,2,2026-05-13 22:50:00,346,,,,,,,,,,,,,,,,,,650.0,,,,,,,,,,,,,,,,,,,,,,,,,,,,,,,,,,,158.0,758.0,399.0,325.0,,,
Prod_Diagnostic_04.txt,24-07-510,BMS,0X2B46,Sensor range fault,Sensor,Active,1,9,4,2026-05-12 08:06:00,381,,,,,,,,,,,,,,,,,,136.0,,,,,,,,,,,,,,,,,,,,,,,,,,,,,,,,,,,90.0,192.0,442.0,460.0,,,
Prod_Diagnostic_04.txt,24-07-510,BMS,0X9E03,BMS performance issue 3,Performance,Intermittent,27,3,1,2026-05-03 11:35:00,247,,,,,,,,,,,,,,,,,,96.0,,,,,,,,,,,,,,,,,,,,,,,,,,,,,,,,,,,612.0,613.0,804.0,333.0,,,
Prod_Diagnostic_04.txt,24-07-510,BMS,0X1328,BMS specific fault 4,ECU Specific/Other,Stored,27,12,1,2026-05-24 17:57:00,147,,,,,,,,,,,,,,,,,,249.0,,,,,,,,,,,,,,,,,,,,,,,,,,,,,,,,,,,586.0,534.0,174.0,702.0,,,
Prod_Diagnostic_04.txt,24-07-510,BMS,0X3B64,BMS specific fault 5,ECU Specific/Other,Active,18,9,3,2026-05-16 04:04:00,378,,,,,,,,,,,,,,,,,,172.0,,,,,,,,,,,,,,,,,,,,,,,,,,,,,,,,,,,446.0,283.0,432.0,307.0,,,
Prod_Diagnostic_04.txt,24-07-510,HVAC,0XD85C,HVAC specific fault 1,ECU Specific/Other,Active,24,8,2,2026-05-24 20:31:00,364,,,,,,,,,,,,,,,,,,,,,,,,,,,,609.0,632.0,201.0,469.0,110.0,,,,,,,,,,,,,,,,,,,,,,,,,,,
Prod_Diagnostic_04.txt,24-07-510,HVAC,0X5DFE,Voltage fault,Voltage,Active,26,10,5,2026-05-13 10:28:00,426,,,,,,,,,,,,,,,,,,,,,,,,,,,,343.0,441.0,836.0,844.0,881.0,,,,,,,,,,,,,,,,,,,,,,,,,,,
Prod_Diagnostic_04.txt,24-07-510,HVAC,0X32D9,HVAC performance issue 3,Performance,Stored,21,19,2,2026-05-16 10:11:00,161,,,,,,,,,,,,,,,,,,,,,,,,,,,,988.0,408.0,992.0,327.0,299.0,,,,,,,,,,,,,,,,,,,,,,,,,,,
Prod_Diagnostic_04.txt,24-07-510,HVAC,0XA36C,HVAC specific fault 4,ECU Specific/Other,Active,21,12,3,2026-05-27 12:23:00,381,,,,,,,,,,,,,,,,,,,,,,,,,,,,117.0,955.0,578.0,205.0,607.0,,,,,,,,,,,,,,,,,,,,,,,,,,,
Prod_Diagnostic_04.txt,24-07-510,HVAC,0X3E0F,HVAC performance issue 5,Performance,Intermittent,50,17,1,2026-05-24 14:45:00,270,,,,,,,,,,,,,,,,,,,,,,,,,,,,215.0,449.0,817.0,299.0,852.0,,,,,,,,,,,,,,,,,,,,,,,,,,,
Prod_Diagnostic_04.txt,24-07-510,TCU,0XE1A7,Communication fault,Communication,Stored,44,15,2,2026-05-21 09:15:00,184,259.0,675.0,158.0,733.0,434.0,,,,,,,,,,,,,,,,,,,,,,,,,,,,,,,,,,,,,,,,,,,,,,,,,,,,,,
Prod_Diagnostic_04.txt,24-07-510,TCU,0X22EF,TCU specific fault 2,ECU Specific/Other,Stored,39,15,5,2026-05-13 17:32:00,239,946.0,943.0,891.0,709.0,429.0,,,,,,,,,,,,,,,,,,,,,,,,,,,,,,,,,,,,,,,,,,,,,,,,,,,,,,
Prod_Diagnostic_04.txt,24-07-510,TCU,0X1969,TCU performance issue 3,Performance,Stored,45,17,5,2026-05-21 02:06:00,245,788.0,255.0,674.0,681.0,364.0,,,,,,,,,,,,,,,,,,,,,,,,,,,,,,,,,,,,,,,,,,,,,,,,,,,,,,
Prod_Diagnostic_04.txt,24-07-510,TCU,0XB5A1,Voltage fault,Voltage,Intermittent,3,18,4,2026-05-25 10:50:00,283,441.0,109.0,11.0,101.0,265.0,,,,,,,,,,,,,,,,,,,,,,,,,,,,,,,,,,,,,,,,,,,,,,,,,,,,,,
Prod_Diagnostic_04.txt,24-07-510,TCU,0X92BB,Voltage fault,Voltage,Intermittent,34,17,5,2026-05-23 18:14:00,334,457.0,384.0,401.0,475.0,791.0,,,,,,,,,,,,,,,,,,,,,,,,,,,,,,,,,,,,,,,,,,,,,,,,,,,,,,
Prod_Diagnostic_04.txt,24-07-510,EPS,0XC0C0,EPS performance issue 1,Performance,Intermittent,10,11,1,2026-05-16 03:18:00,230,,,,119.0,,,,,,,,,,,,,,,,,,,,,,,,,,,,,,,,,,,,,426.0,943.0,985.0,88.0,,,,,,,,,,,,,,,
Prod_Diagnostic_04.txt,24-07-510,EPS,0X692C,Voltage fault,Voltage,Stored,22,14,2,2026-05-17 15:22:00,162,,,,714.0,,,,,,,,,,,,,,,,,,,,,,,,,,,,,,,,,,,,,488.0,100.0,449.0,740.0,,,,,,,,,,,,,,,
Prod_Diagnostic_04.txt,24-07-510,EPS,0X61A4,EPS specific fault 3,ECU Specific/Other,Active,20,1,1,2026-05-01 10:41:00,340,,,,953.0,,,,,,,,,,,,,,,,,,,,,,,,,,,,,,,,,,,,,112.0,694.0,820.0,169.0,,,,,,,,,,,,,,,
Prod_Diagnostic_04.txt,24-07-510,EPS,0X9418,Voltage fault,Voltage,Active,36,5,3,2026-05-18 13:29:00,396,,,,189.0,,,,,,,,,,,,,,,,,,,,,,,,,,,,,,,,,,,,,238.0,817.0,415.0,645.0,,,,,,,,,,,,,,,
Prod_Diagnostic_04.txt,24-07-510,EPS,0XB3F6,Voltage fault,Voltage,Intermittent,28,12,1,2026-05-24 19:56:00,248,,,,399.0,,,,,,,,,,,,,,,,,,,,,,,,,,,,,,,,,,,,,203.0,461.0,607.0,440.0,,,,,,,,,,,,,,,
Prod_Diagnostic_04.txt,24-07-510,BCM,0XC469,Communication fault,Communication,Active,14,8,1,2026-05-19 03:51:00,334,,,,,,,,,375.0,,,,,,,,,,,893.0,550.0,192.0,334.0,,,,,,,,,,,,,,,,,,,,,,,,,,,,,,,,,,,,
Prod_Diagnostic_04.txt,24-07-510,BCM,0X8522,Voltage fault,Voltage,Active,17,15,5,2026-05-21 10:38:00,417,,,,,,,,,602.0,,,,,,,,,,,398.0,626.0,402.0,117.0,,,,,,,,,,,,,,,,,,,,,,,,,,,,,,,,,,,,
Prod_Diagnostic_04.txt,24-07-510,BCM,0X6A1B,Sensor range fault,Sensor,Stored,40,5,3,2026-05-20 18:05:00,200,,,,,,,,,121.0,,,,,,,,,,,689.0,138.0,321.0,245.0,,,,,,,,,,,,,,,,,,,,,,,,,,,,,,,,,,,,
Prod_Diagnostic_04.txt,24-07-510,BCM,0X2DF0,Sensor range fault,Sensor,Active,24,4,5,2026-05-13 13:38:00,424,,,,,,,,,434.0,,,,,,,,,,,142.0,589.0,393.0,191.0,,,,,,,,,,,,,,,,,,,,,,,,,,,,,,,,,,,,
Prod_Diagnostic_04.txt,24-07-510,BCM,0XB2B0,BCM specific fault 5,ECU Specific/Other,Intermittent,45,20,2,2026-05-18 05:31:00,285,,,,,,,,,323.0,,,,,,,,,,,296.0,144.0,192.0,863.0,,,,,,,,,,,,,,,,,,,,,,,,,,,,,,,,,,,,
Prod_Diagnostic_04.txt,24-07-510,TCM,0XAE91,TCM specific fault 1,ECU Specific/Other,Active,23,0,4,2026-05-05 06:52:00,403,,,,,,,,,,,,,,,,,,,,,,,,,,,,,,,,,394.0,987.0,576.0,518.0,669.0,,,,,,,,,,,,,,,,,,,,,,
Prod_Diagnostic_04.txt,24-07-510,TCM,0X78BD,TCM specific fault 2,ECU Specific/Other,Intermittent,32,13,4,2026-05-16 05:05:00,312,,,,,,,,,,,,,,,,,,,,,,,,,,,,,,,,,579.0,32.0,815.0,780.0,226.0,,,,,,,,,,,,,,,,,,,,,,
Prod_Diagnostic_04.txt,24-07-510,TCM,0X185E,Sensor range fault,Sensor,Stored,15,17,3,2026-05-06 14:36:00,175,,,,,,,,,,,,,,,,,,,,,,,,,,,,,,,,,761.0,792.0,785.0,508.0,563.0,,,,,,,,,,,,,,,,,,,,,,
Prod_Diagnostic_04.txt,24-07-510,TCM,0X2CFB,TCM performance issue 4,Performance,Intermittent,8,8,5,2026-05-27 11:34:00,308,,,,,,,,,,,,,,,,,,,,,,,,,,,,,,,,,843.0,775.0,43.0,779.0,737.0,,,,,,,,,,,,,,,,,,,,,,
Prod_Diagnostic_04.txt,24-07-510,TCM,0X9BDD,TCM specific fault 5,ECU Specific/Other,Active,28,3,2,2026-05-10 01:28:00,368,,,,,,,,,,,,,,,,,,,,,,,,,,,,,,,,,270.0,357.0,883.0,837.0,90.0,,,,,,,,,,,,,,,,,,,,,,
Prod_Diagnostic_04.txt,24-07-510,ECM,0XED83,ECM specific fault 1,ECU Specific/Other,Active,50,7,2,2026-05-26 23:37:00,390,,,,,,,,,,706.0,360.0,882.0,728.0,625.0,,,,,,,,,,,,,,,,,,,,,,,,,,,,,,,,,,,,,,,,,,,,,
Prod_Diagnostic_04.txt,24-07-510,ECM,0X3A7D,ECM specific fault 2,ECU Specific/Other,Intermittent,9,6,2,2026-05-26 01:36:00,249,,,,,,,,,,360.0,546.0,288.0,612.0,552.0,,,,,,,,,,,,,,,,,,,,,,,,,,,,,,,,,,,,,,,,,,,,,
Prod_Diagnostic_04.txt,24-07-510,ECM,0X62DA,Voltage fault,Voltage,Intermittent,19,9,5,2026-05-09 16:57:00,319,,,,,,,,,,696.0,835.0,98.0,139.0,986.0,,,,,,,,,,,,,,,,,,,,,,,,,,,,,,,,,,,,,,,,,,,,,
Prod_Diagnostic_04.txt,24-07-510,ECM,0XFB34,ECM specific fault 4,ECU Specific/Other,Active,18,20,2,2026-05-23 04:15:00,358,,,,,,,,,,150.0,729.0,330.0,849.0,254.0,,,,,,,,,,,,,,,,,,,,,,,,,,,,,,,,,,,,,,,,,,,,,
Prod_Diagnostic_04.txt,24-07-510,ECM,0X8D4D,ECM specific fault 5,ECU Specific/Other,Active,37,20,3,2026-05-21 13:24:00,397,,,,,,,,,,463.0,78.0,649.0,814.0,902.0,,,,,,,,,,,,,,,,,,,,,,,,,,,,,,,,,,,,,,,,,,,,,
Prod_Diagnostic_05.txt,24-07-510,ADAS,0X222D,ADAS performance issue 1,Performance,Intermittent,1,11,3,2026-05-05 12:55:00,261,,,,560.0,375.0,,,,,,,,,,,,,,,,,,,,,,,,,,,,,,,,,860.0,583.0,431.0,,,,,,,,,,,,,,,,,,,
Prod_Diagnostic_05.txt,24-07-510,ADAS,0XD342,Voltage fault,Voltage,Stored,50,2,1,2026-05-19 02:00:00,170,,,,62.0,945.0,,,,,,,,,,,,,,,,,,,,,,,,,,,,,,,,,269.0,221.0,41.0,,,,,,,,,,,,,,,,,,,
Prod_Diagnostic_05.txt,24-07-510,ADAS,0X91B1,ADAS specific fault 3,ECU Specific/Other,Stored,41,16,4,2026-05-14 22:25:00,221,,,,631.0,551.0,,,,,,,,,,,,,,,,,,,,,,,,,,,,,,,,,85.0,656.0,550.0,,,,,,,,,,,,,,,,,,,
Prod_Diagnostic_05.txt,24-07-510,ADAS,0X5708,Voltage fault,Voltage,Active,20,2,5,2026-05-07 04:34:00,420,,,,782.0,650.0,,,,,,,,,,,,,,,,,,,,,,,,,,,,,,,,,335.0,401.0,601.0,,,,,,,,,,,,,,,,,,,
Prod_Diagnostic_05.txt,24-07-510,ADAS,0X5F67,Communication fault,Communication,Intermittent,28,7,1,2026-05-08 02:59:00,248,,,,624.0,627.0,,,,,,,,,,,,,,,,,,,,,,,,,,,,,,,,,445.0,119.0,465.0,,,,,,,,,,,,,,,,,,,
Prod_Diagnostic_05.txt,24-07-510,TCU,0X5F2D,Communication fault,Communication,Intermittent,48,5,1,2026-05-01 22:08:00,268,719.0,12.0,168.0,509.0,976.0,,,,,,,,,,,,,,,,,,,,,,,,,,,,,,,,,,,,,,,,,,,,,,,,,,,,,,
Prod_Diagnostic_05.txt,24-07-510,TCU,0X95E3,Sensor range fault,Sensor,Intermittent,47,8,2,2026-05-12 04:47:00,287,800.0,895.0,276.0,751.0,908.0,,,,,,,,,,,,,,,,,,,,,,,,,,,,,,,,,,,,,,,,,,,,,,,,,,,,,,
Prod_Diagnostic_05.txt,24-07-510,TCU,0XD57C,Communication fault,Communication,Active,22,13,3,2026-05-17 02:16:00,382,730.0,999.0,591.0,643.0,79.0,,,,,,,,,,,,,,,,,,,,,,,,,,,,,,,,,,,,,,,,,,,,,,,,,,,,,,
Prod_Diagnostic_05.txt,24-07-510,TCU,0X8487,TCU specific fault 4,ECU Specific/Other,Intermittent,24,1,4,2026-05-28 18:10:00,304,377.0,162.0,262.0,792.0,106.0,,,,,,,,,,,,,,,,,,,,,,,,,,,,,,,,,,,,,,,,,,,,,,,,,,,,,,
Prod_Diagnostic_05.txt,24-07-510,TCU,0XBC93,TCU performance issue 5,Performance,Intermittent,8,7,5,2026-05-01 01:54:00,308,884.0,13.0,251.0,48.0,484.0,,,,,,,,,,,,,,,,,,,,,,,,,,,,,,,,,,,,,,,,,,,,,,,,,,,,,,
Prod_Diagnostic_05.txt,24-07-510,HVAC,0X720A,Sensor range fault,Sensor,Active,12,1,5,2026-05-26 22:47:00,412,,,,,,,,,,,,,,,,,,,,,,,,,,,,672.0,430.0,230.0,330.0,255.0,,,,,,,,,,,,,,,,,,,,,,,,,,,
Prod_Diagnostic_05.txt,24-07-510,HVAC,0XFA75,HVAC specific fault 2,ECU Specific/Other,Intermittent,21,8,1,2026-05-19 11:07:00,241,,,,,,,,,,,,,,,,,,,,,,,,,,,,515.0,690.0,924.0,54.0,184.0,,,,,,,,,,,,,,,,,,,,,,,,,,,
Prod_Diagnostic_05.txt,24-07-510,HVAC,0XDDE9,Voltage fault,Voltage,Intermittent,3,12,1,2026-05-15 09:49:00,223,,,,,,,,,,,,,,,,,,,,,,,,,,,,866.0,319.0,336.0,89.0,567.0,,,,,,,,,,,,,,,,,,,,,,,,,,,
Prod_Diagnostic_05.txt,24-07-510,HVAC,0X120A,HVAC specific fault 4,ECU Specific/Other,Stored,13,9,5,2026-05-26 09:47:00,213,,,,,,,,,,,,,,,,,,,,,,,,,,,,638.0,249.0,476.0,378.0,606.0,,,,,,,,,,,,,,,,,,,,,,,,,,,
Prod_Diagnostic_05.txt,24-07-510,HVAC,0XD5C9,HVAC specific fault 5,ECU Specific/Other,Active,47,17,2,2026-05-05 00:59:00,387,,,,,,,,,,,,,,,,,,,,,,,,,,,,420.0,25.0,239.0,555.0,355.0,,,,,,,,,,,,,,,,,,,,,,,,,,,
Prod_Diagnostic_05.txt,24-07-510,BCM,0X65C3,Communication fault,Communication,Active,49,12,3,2026-05-04 06:33:00,409,,,,,,,,,985.0,,,,,,,,,,,244.0,430.0,504.0,62.0,,,,,,,,,,,,,,,,,,,,,,,,,,,,,,,,,,,,
Prod_Diagnostic_05.txt,24-07-510,BCM,0XC62E,Voltage fault,Voltage,Stored,6,1,2,2026-05-28 16:26:00,146,,,,,,,,,470.0,,,,,,,,,,,718.0,918.0,382.0,998.0,,,,,,,,,,,,,,,,,,,,,,,,,,,,,,,,,,,,
Prod_Diagnostic_05.txt,24-07-510,BCM,0XA4AD,Communication fault,Communication,Active,33,4,4,2026-05-03 18:36:00,413,,,,,,,,,988.0,,,,,,,,,,,64.0,446.0,679.0,134.0,,,,,,,,,,,,,,,,,,,,,,,,,,,,,,,,,,,,
Prod_Diagnostic_05.txt,24-07-510,BCM,0X5AAB,Voltage fault,Voltage,Stored,21,12,3,2026-05-11 14:17:00,181,,,,,,,,,208.0,,,,,,,,,,,240.0,77.0,967.0,140.0,,,,,,,,,,,,,,,,,,,,,,,,,,,,,,,,,,,,
Prod_Diagnostic_05.txt,24-07-510,BCM,0X2BE5,BCM performance issue 5,Performance,Active,7,5,4,2026-05-15 10:26:00,387,,,,,,,,,988.0,,,,,,,,,,,124.0,549.0,367.0,789.0,,,,,,,,,,,,,,,,,,,,,,,,,,,,,,,,,,,,
Prod_Diagnostic_05.txt,24-07-510,RADAR,0X83B0,Voltage fault,Voltage,Stored,30,8,1,2026-05-03 05:51:00,150,,,,722.0,,,,,,,,,,,,,,,,,,,,,,,,,,,,,,,,,,,,847.0,,,,,,,,,,703.0,312.0,714.0,,,,,,,
Prod_Diagnostic_05.txt,24-07-510,RADAR,0X1A53,RADAR performance issue 2,Performance,Active,21,4,1,2026-05-23 07:22:00,341,,,,694.0,,,,,,,,,,,,,,,,,,,,,,,,,,,,,,,,,,,,51.0,,,,,,,,,,406.0,526.0,307.0,,,,,,,
Prod_Diagnostic_05.txt,24-07-510,RADAR,0XE1F1,Sensor range fault,Sensor,Active,2,12,4,2026-05-18 23:35:00,382,,,,105.0,,,,,,,,,,,,,,,,,,,,,,,,,,,,,,,,,,,,474.0,,,,,,,,,,256.0,97.0,824.0,,,,,,,
Prod_Diagnostic_05.txt,24-07-510,RADAR,0X2F17,Voltage fault,Voltage,Active,4,7,2,2026-05-07 12:23:00,344,,,,661.0,,,,,,,,,,,,,,,,,,,,,,,,,,,,,,,,,,,,961.0,,,,,,,,,,703.0,646.0,87.0,,,,,,,
Prod_Diagnostic_05.txt,24-07-510,RADAR,0XA60B,RADAR performance issue 5,Performance,Stored,5,0,1,2026-05-07 20:28:00,125,,,,927.0,,,,,,,,,,,,,,,,,,,,,,,,,,,,,,,,,,,,95.0,,,,,,,,,,829.0,132.0,868.0,,,,,,,
Prod_Diagnostic_05.txt,24-07-510,FCAM,0X2F5D,Sensor range fault,Sensor,Active,30,1,2,2026-05-19 13:52:00,370,,,,31.0,,,,,,,,,,,,,,,,,,,,742.0,405.0,509.0,392.0,,,,,,,,,,,,,,,,,,,,,,,,,,,,,,,,
Prod_Diagnostic_05.txt,24-07-510,FCAM,0X3C3D,FCAM specific fault 2,ECU Specific/Other,Stored,14,5,3,2026-05-09 14:56:00,174,,,,635.0,,,,,,,,,,,,,,,,,,,,153.0,36.0,629.0,632.0,,,,,,,,,,,,,,,,,,,,,,,,,,,,,,,,
Prod_Diagnostic_05.txt,24-07-510,FCAM,0XB5B4,Voltage fault,Voltage,Stored,32,13,5,2026-05-16 01:05:00,232,,,,430.0,,,,,,,,,,,,,,,,,,,,287.0,393.0,141.0,205.0,,,,,,,,,,,,,,,,,,,,,,,,,,,,,,,,
Prod_Diagnostic_05.txt,24-07-510,FCAM,0X4FC8,FCAM performance issue 4,Performance,Intermittent,35,0,4,2026-05-26 22:22:00,315,,,,497.0,,,,,,,,,,,,,,,,,,,,492.0,558.0,801.0,353.0,,,,,,,,,,,,,,,,,,,,,,,,,,,,,,,,
Prod_Diagnostic_05.txt,24-07-510,FCAM,0X909C,FCAM performance issue 5,Performance,Stored,25,8,2,2026-05-01 10:38:00,165,,,,831.0,,,,,,,,,,,,,,,,,,,,225.0,31.0,918.0,798.0,,,,,,,,,,,,,,,,,,,,,,,,,,,,,,,,
Prod_Diagnostic_05.txt,24-07-510,SRS,0X1EFF,Sensor range fault,Sensor,Stored,34,11,5,2026-05-08 05:06:00,234,,,,,,,,,,,,,,,,,,,,,,,,,,,,,,,,,,,,,,,,,,,,273.0,,,,,254.0,,,,,,,,673.0,247.0,547.0
Prod_Diagnostic_05.txt,24-07-510,SRS,0XD398,Communication fault,Communication,Active,37,12,3,2026-05-27 05:11:00,397,,,,,,,,,,,,,,,,,,,,,,,,,,,,,,,,,,,,,,,,,,,,826.0,,,,,243.0,,,,,,,,607.0,326.0,756.0
Prod_Diagnostic_05.txt,24-07-510,SRS,0XF9FA,Sensor range fault,Sensor,Intermittent,2,11,5,2026-05-19 04:36:00,302,,,,,,,,,,,,,,,,,,,,,,,,,,,,,,,,,,,,,,,,,,,,830.0,,,,,972.0,,,,,,,,193.0,857.0,903.0
Prod_Diagnostic_05.txt,24-07-510,SRS,0X9AC8,SRS specific fault 4,ECU Specific/Other,Stored,12,15,1,2026-05-03 01:14:00,132,,,,,,,,,,,,,,,,,,,,,,,,,,,,,,,,,,,,,,,,,,,,540.0,,,,,617.0,,,,,,,,225.0,21.0,490.0
Prod_Diagnostic_05.txt,24-07-510,SRS,0X64EC,Communication fault,Communication,Intermittent,13,4,3,2026-05-23 05:58:00,273,,,,,,,,,,,,,,,,,,,,,,,,,,,,,,,,,,,,,,,,,,,,332.0,,,,,822.0,,,,,,,,865.0,890.0,61.0
Prod_Diagnostic_05.txt,24-07-510,ABS,0X35D0,Communication fault,Communication,Intermittent,46,4,1,2026-05-28 16:55:00,266,,,,,,,,,,,,,,,,,,,,,,,,,,,,,,,,,,,,,,,,,,,,,374.0,984.0,75.0,383.0,722.0,,,,,,,,,,
Prod_Diagnostic_05.txt,24-07-510,ABS,0XA605,ABS specific fault 2,ECU Specific/Other,Active,22,9,3,2026-05-05 05:46:00,382,,,,,,,,,,,,,,,,,,,,,,,,,,,,,,,,,,,,,,,,,,,,,972.0,448.0,811.0,655.0,984.0,,,,,,,,,,
Prod_Diagnostic_05.txt,24-07-510,ABS,0XB630,ABS specific fault 3,ECU Specific/Other,Stored,12,17,5,2026-05-26 11:14:00,212,,,,,,,,,,,,,,,,,,,,,,,,,,,,,,,,,,,,,,,,,,,,,682.0,604.0,835.0,180.0,388.0,,,,,,,,,,
Prod_Diagnostic_05.txt,24-07-510,ABS,0XCBE7,Sensor range fault,Sensor,Intermittent,19,4,2,2026-05-24 00:44:00,259,,,,,,,,,,,,,,,,,,,,,,,,,,,,,,,,,,,,,,,,,,,,,972.0,587.0,401.0,872.0,790.0,,,,,,,,,,
Prod_Diagnostic_05.txt,24-07-510,ABS,0X184A,ABS performance issue 5,Performance,Active,39,10,5,2026-05-08 20:36:00,439,,,,,,,,,,,,,,,,,,,,,,,,,,,,,,,,,,,,,,,,,,,,,107.0,960.0,509.0,145.0,340.0,,,,,,,,,,
Prod_Diagnostic_05.txt,24-07-510,GW,0X4CED,Communication fault,Communication,Stored,21,5,1,2026-05-27 22:42:00,141,,,,,908.0,655.0,747.0,344.0,458.0,,,,,,,,,,,,,,,,,,,,,,,,,,,,,,,,,,,,,,,,,,,,,,,,,,
Prod_Diagnostic_05.txt,24-07-510,GW,0X53E4,Communication fault,Communication,Active,16,2,3,2026-05-09 03:46:00,376,,,,,396.0,2.0,50.0,449.0,751.0,,,,,,,,,,,,,,,,,,,,,,,,,,,,,,,,,,,,,,,,,,,,,,,,,,
Prod_Diagnostic_05.txt,24-07-510,GW,0X3A95,GW specific fault 3,ECU Specific/Other,Stored,32,12,3,2026-05-18 12:06:00,192,,,,,808.0,849.0,491.0,885.0,592.0,,,,,,,,,,,,,,,,,,,,,,,,,,,,,,,,,,,,,,,,,,,,,,,,,,
Prod_Diagnostic_05.txt,24-07-510,GW,0X39A3,Voltage fault,Voltage,Stored,5,1,3,2026-05-01 10:16:00,165,,,,,76.0,975.0,108.0,351.0,175.0,,,,,,,,,,,,,,,,,,,,,,,,,,,,,,,,,,,,,,,,,,,,,,,,,,
Prod_Diagnostic_05.txt,24-07-510,GW,0X3931,GW specific fault 5,ECU Specific/Other,Intermittent,5,17,1,2026-05-11 19:39:00,225,,,,,722.0,915.0,495.0,32.0,442.0,,,,,,,,,,,,,,,,,,,,,,,,,,,,,,,,,,,,,,,,,,,,,,,,,,
Prod_Diagnostic_05.txt,24-07-510,BMS,0XAB79,Voltage fault,Voltage,Stored,11,1,1,2026-05-11 06:12:00,131,,,,,,,,,,,,,,,,,,420.0,,,,,,,,,,,,,,,,,,,,,,,,,,,,,,,,,,,714.0,568.0,740.0,948.0,,,
Prod_Diagnostic_05.txt,24-07-510,BMS,0X53E8,BMS performance issue 2,Performance,Intermittent,19,9,2,2026-05-04 01:25:00,259,,,,,,,,,,,,,,,,,,586.0,,,,,,,,,,,,,,,,,,,,,,,,,,,,,,,,,,,563.0,861.0,503.0,158.0,,,
Prod_Diagnostic_05.txt,24-07-510,BMS,0X6C5F,Communication fault,Communication,Active,28,2,3,2026-05-27 21:40:00,388,,,,,,,,,,,,,,,,,,615.0,,,,,,,,,,,,,,,,,,,,,,,,,,,,,,,,,,,492.0,205.0,100.0,27.0,,,
Prod_Diagnostic_05.txt,24-07-510,BMS,0X3BBB,Voltage fault,Voltage,Intermittent,19,2,4,2026-05-28 03:19:00,299,,,,,,,,,,,,,,,,,,804.0,,,,,,,,,,,,,,,,,,,,,,,,,,,,,,,,,,,408.0,483.0,501.0,917.0,,,
Prod_Diagnostic_05.txt,24-07-510,BMS,0X2754,Sensor range fault,Sensor,Intermittent,35,12,2,2026-05-12 12:23:00,275,,,,,,,,,,,,,,,,,,192.0,,,,,,,,,,,,,,,,,,,,,,,,,,,,,,,,,,,457.0,46.0,270.0,451.0,,,
Prod_Diagnostic_05.txt,24-07-510,EPS,0X536E,EPS specific fault 1,ECU Specific/Other,Active,18,18,1,2026-05-05 22:42:00,338,,,,828.0,,,,,,,,,,,,,,,,,,,,,,,,,,,,,,,,,,,,,100.0,88.0,685.0,353.0,,,,,,,,,,,,,,,
Prod_Diagnostic_05.txt,24-07-510,EPS,0X79FB,EPS performance issue 2,Performance,Intermittent,15,17,1,2026-05-27 12:52:00,235,,,,704.0,,,,,,,,,,,,,,,,,,,,,,,,,,,,,,,,,,,,,536.0,429.0,989.0,549.0,,,,,,,,,,,,,,,
Prod_Diagnostic_05.txt,24-07-510,EPS,0XA29D,EPS specific fault 3,ECU Specific/Other,Active,31,9,1,2026-05-13 22:02:00,351,,,,820.0,,,,,,,,,,,,,,,,,,,,,,,,,,,,,,,,,,,,,515.0,585.0,923.0,530.0,,,,,,,,,,,,,,,
Prod_Diagnostic_05.txt,24-07-510,EPS,0XBD72,EPS performance issue 4,Performance,Intermittent,10,3,4,2026-05-06 05:13:00,290,,,,434.0,,,,,,,,,,,,,,,,,,,,,,,,,,,,,,,,,,,,,828.0,198.0,130.0,44.0,,,,,,,,,,,,,,,
Prod_Diagnostic_05.txt,24-07-510,EPS,0XBEE1,Communication fault,Communication,Stored,13,20,2,2026-05-27 19:16:00,153,,,,827.0,,,,,,,,,,,,,,,,,,,,,,,,,,,,,,,,,,,,,328.0,933.0,745.0,937.0,,,,,,,,,,,,,,,
Prod_Diagnostic_05.txt,24-07-510,OBC,0X2647,Communication fault,Communication,Stored,36,12,5,2026-05-11 08:33:00,236,,,,,,,,,,,,,,,470.0,940.0,895.0,13.0,806.0,,,,,,,,,,,,,,,,,,,,,,,,,,,,,,,,,,,,,,,,
Prod_Diagnostic_05.txt,24-07-510,OBC,0XA66B,OBC performance issue 2,Performance,Intermittent,27,3,4,2026-05-05 04:36:00,307,,,,,,,,,,,,,,,603.0,597.0,777.0,988.0,963.0,,,,,,,,,,,,,,,,,,,,,,,,,,,,,,,,,,,,,,,,
Prod_Diagnostic_05.txt,24-07-510,OBC,0XFCC8,Communication fault,Communication,Active,37,3,3,2026-05-28 17:56:00,397,,,,,,,,,,,,,,,353.0,899.0,421.0,271.0,393.0,,,,,,,,,,,,,,,,,,,,,,,,,,,,,,,,,,,,,,,,
Prod_Diagnostic_05.txt,24-07-510,OBC,0XA270,OBC specific fault 4,ECU Specific/Other,Intermittent,31,1,2,2026-05-09 12:09:00,271,,,,,,,,,,,,,,,634.0,624.0,698.0,711.0,412.0,,,,,,,,,,,,,,,,,,,,,,,,,,,,,,,,,,,,,,,,
Prod_Diagnostic_05.txt,24-07-510,OBC,0X7552,Communication fault,Communication,Stored,45,7,1,2026-05-24 15:58:00,165,,,,,,,,,,,,,,,276.0,919.0,382.0,21.0,346.0,,,,,,,,,,,,,,,,,,,,,,,,,,,,,,,,,,,,,,,,
Prod_Diagnostic_06.txt,26-07-540,BCM,0X5269,Sensor range fault,Sensor,Stored,26,12,1,2026-05-19 22:36:00,146,,,,,,,,,744.0,,,,,,,,,,,836.0,195.0,352.0,731.0,,,,,,,,,,,,,,,,,,,,,,,,,,,,,,,,,,,,
Prod_Diagnostic_06.txt,26-07-540,BCM,0XBFB2,Voltage fault,Voltage,Intermittent,41,15,3,2026-05-17 09:54:00,301,,,,,,,,,898.0,,,,,,,,,,,175.0,861.0,674.0,572.0,,,,,,,,,,,,,,,,,,,,,,,,,,,,,,,,,,,,
Prod_Diagnostic_06.txt,26-07-540,BCM,0X5B35,Voltage fault,Voltage,Active,31,4,3,2026-05-24 17:48:00,391,,,,,,,,,697.0,,,,,,,,,,,935.0,188.0,970.0,922.0,,,,,,,,,,,,,,,,,,,,,,,,,,,,,,,,,,,,
Prod_Diagnostic_06.txt,26-07-540,BCM,0XB789,Sensor range fault,Sensor,Active,15,11,2,2026-05-24 09:26:00,355,,,,,,,,,381.0,,,,,,,,,,,808.0,909.0,340.0,267.0,,,,,,,,,,,,,,,,,,,,,,,,,,,,,,,,,,,,
Prod_Diagnostic_06.txt,26-07-540,BCM,0X5B46,BCM performance issue 5,Performance,Stored,8,15,1,2026-05-28 20:37:00,128,,,,,,,,,73.0,,,,,,,,,,,595.0,967.0,636.0,484.0,,,,,,,,,,,,,,,,,,,,,,,,,,,,,,,,,,,,
Prod_Diagnostic_06.txt,26-07-540,SRS,0X901F,Voltage fault,Voltage,Active,44,12,5,2026-05-10 13:03:00,444,,,,,,,,,,,,,,,,,,,,,,,,,,,,,,,,,,,,,,,,,,,,141.0,,,,,892.0,,,,,,,,875.0,155.0,206.0
Prod_Diagnostic_06.txt,26-07-540,SRS,0X78C0,Sensor range fault,Sensor,Intermittent,30,4,3,2026-05-28 22:11:00,290,,,,,,,,,,,,,,,,,,,,,,,,,,,,,,,,,,,,,,,,,,,,341.0,,,,,798.0,,,,,,,,83.0,500.0,647.0
Prod_Diagnostic_06.txt,26-07-540,SRS,0X603B,Voltage fault,Voltage,Intermittent,4,0,4,2026-05-09 06:48:00,284,,,,,,,,,,,,,,,,,,,,,,,,,,,,,,,,,,,,,,,,,,,,783.0,,,,,793.0,,,,,,,,173.0,591.0,163.0
Prod_Diagnostic_06.txt,26-07-540,SRS,0XD903,SRS specific fault 4,ECU Specific/Other,Active,9,19,4,2026-05-21 13:25:00,389,,,,,,,,,,,,,,,,,,,,,,,,,,,,,,,,,,,,,,,,,,,,393.0,,,,,440.0,,,,,,,,989.0,489.0,5.0
Prod_Diagnostic_06.txt,26-07-540,SRS,0X98A5,Communication fault,Communication,Active,47,11,1,2026-05-11 16:12:00,367,,,,,,,,,,,,,,,,,,,,,,,,,,,,,,,,,,,,,,,,,,,,642.0,,,,,19.0,,,,,,,,693.0,5.0,752.0
Prod_Diagnostic_06.txt,26-07-540,OBC,0X49EC,Voltage fault,Voltage,Intermittent,23,9,2,2026-05-04 12:32:00,263,,,,,,,,,,,,,,,603.0,314.0,172.0,67.0,844.0,,,,,,,,,,,,,,,,,,,,,,,,,,,,,,,,,,,,,,,,
Prod_Diagnostic_06.txt,26-07-540,OBC,0X5C56,Communication fault,Communication,Stored,30,16,5,2026-05-17 10:27:00,230,,,,,,,,,,,,,,,910.0,704.0,138.0,351.0,924.0,,,,,,,,,,,,,,,,,,,,,,,,,,,,,,,,,,,,,,,,
Prod_Diagnostic_06.txt,26-07-540,OBC,0X6BF7,OBC specific fault 3,ECU Specific/Other,Active,11,12,1,2026-05-08 07:46:00,331,,,,,,,,,,,,,,,135.0,217.0,752.0,23.0,604.0,,,,,,,,,,,,,,,,,,,,,,,,,,,,,,,,,,,,,,,,
Prod_Diagnostic_06.txt,26-07-540,OBC,0X3B42,OBC performance issue 4,Performance,Active,24,20,1,2026-05-13 20:16:00,344,,,,,,,,,,,,,,,790.0,548.0,639.0,50.0,609.0,,,,,,,,,,,,,,,,,,,,,,,,,,,,,,,,,,,,,,,,
Prod_Diagnostic_06.txt,26-07-540,OBC,0XB976,Communication fault,Communication,Active,42,0,1,2026-05-23 03:26:00,362,,,,,,,,,,,,,,,455.0,390.0,127.0,561.0,259.0,,,,,,,,,,,,,,,,,,,,,,,,,,,,,,,,,,,,,,,,
Prod_Diagnostic_06.txt,26-07-540,HVAC,0XC3AD,HVAC specific fault 1,ECU Specific/Other,Active,14,20,1,2026-05-10 13:42:00,334,,,,,,,,,,,,,,,,,,,,,,,,,,,,104.0,679.0,533.0,277.0,638.0,,,,,,,,,,,,,,,,,,,,,,,,,,,
Prod_Diagnostic_06.txt,26-07-540,HVAC,0XC362,HVAC performance issue 2,Performance,Active,27,3,5,2026-05-24 19:07:00,427,,,,,,,,,,,,,,,,,,,,,,,,,,,,290.0,117.0,804.0,109.0,510.0,,,,,,,,,,,,,,,,,,,,,,,,,,,
Prod_Diagnostic_06.txt,26-07-540,HVAC,0XABE7,Voltage fault,Voltage,Active,50,8,5,2026-05-07 11:45:00,450,,,,,,,,,,,,,,,,,,,,,,,,,,,,420.0,303.0,165.0,41.0,562.0,,,,,,,,,,,,,,,,,,,,,,,,,,,
Prod_Diagnostic_06.txt,26-07-540,HVAC,0XF90D,HVAC specific fault 4,ECU Specific/Other,Active,45,15,3,2026-05-08 00:00:00,405,,,,,,,,,,,,,,,,,,,,,,,,,,,,688.0,92.0,929.0,114.0,856.0,,,,,,,,,,,,,,,,,,,,,,,,,,,
Prod_Diagnostic_06.txt,26-07-540,HVAC,0XBB45,HVAC performance issue 5,Performance,Stored,10,2,5,2026-05-03 23:46:00,210,,,,,,,,,,,,,,,,,,,,,,,,,,,,104.0,927.0,263.0,660.0,237.0,,,,,,,,,,,,,,,,,,,,,,,,,,,
Prod_Diagnostic_06.txt,26-07-540,ADAS,0X5BC8,ADAS specific fault 1,ECU Specific/Other,Stored,30,1,1,2026-05-27 05:55:00,150,,,,821.0,369.0,,,,,,,,,,,,,,,,,,,,,,,,,,,,,,,,,41.0,873.0,298.0,,,,,,,,,,,,,,,,,,,
Prod_Diagnostic_06.txt,26-07-540,ADAS,0X7D0E,Sensor range fault,Sensor,Intermittent,8,3,1,2026-05-01 04:42:00,228,,,,916.0,367.0,,,,,,,,,,,,,,,,,,,,,,,,,,,,,,,,,663.0,175.0,337.0,,,,,,,,,,,,,,,,,,,
Prod_Diagnostic_06.txt,26-07-540,ADAS,0XAF2E,ADAS specific fault 3,ECU Specific/Other,Stored,47,2,3,2026-05-27 10:11:00,207,,,,468.0,986.0,,,,,,,,,,,,,,,,,,,,,,,,,,,,,,,,,117.0,411.0,410.0,,,,,,,,,,,,,,,,,,,
Prod_Diagnostic_06.txt,26-07-540,ADAS,0XE5F0,Sensor range fault,Sensor,Stored,45,15,4,2026-05-21 05:07:00,225,,,,966.0,61.0,,,,,,,,,,,,,,,,,,,,,,,,,,,,,,,,,136.0,713.0,744.0,,,,,,,,,,,,,,,,,,,
Prod_Diagnostic_06.txt,26-07-540,ADAS,0X2A8C,Voltage fault,Voltage,Stored,38,15,5,2026-05-22 14:11:00,238,,,,627.0,368.0,,,,,,,,,,,,,,,,,,,,,,,,,,,,,,,,,626.0,389.0,798.0,,,,,,,,,,,,,,,,,,,
Prod_Diagnostic_06.txt,26-07-540,TCU,0XECD1,Communication fault,Communication,Intermittent,47,4,4,2026-05-16 03:56:00,327,422.0,452.0,48.0,65.0,268.0,,,,,,,,,,,,,,,,,,,,,,,,,,,,,,,,,,,,,,,,,,,,,,,,,,,,,,
Prod_Diagnostic_06.txt,26-07-540,TCU,0X132A,Sensor range fault,Sensor,Intermittent,44,16,5,2026-05-24 18:14:00,344,979.0,686.0,895.0,347.0,532.0,,,,,,,,,,,,,,,,,,,,,,,,,,,,,,,,,,,,,,,,,,,,,,,,,,,,,,
Prod_Diagnostic_06.txt,26-07-540,TCU,0XC030,TCU performance issue 3,Performance,Intermittent,40,3,4,2026-05-22 23:15:00,320,494.0,355.0,680.0,693.0,657.0,,,,,,,,,,,,,,,,,,,,,,,,,,,,,,,,,,,,,,,,,,,,,,,,,,,,,,
Prod_Diagnostic_06.txt,26-07-540,TCU,0X360E,TCU specific fault 4,ECU Specific/Other,Intermittent,40,1,1,2026-05-21 05:32:00,260,870.0,481.0,873.0,508.0,891.0,,,,,,,,,,,,,,,,,,,,,,,,,,,,,,,,,,,,,,,,,,,,,,,,,,,,,,
Prod_Diagnostic_06.txt,26-07-540,TCU,0X232A,Voltage fault,Voltage,Stored,21,7,3,2026-05-09 01:32:00,181,229.0,564.0,659.0,388.0,413.0,,,,,,,,,,,,,,,,,,,,,,,,,,,,,,,,,,,,,,,,,,,,,,,,,,,,,,
Prod_Diagnostic_06.txt,26-07-540,BMS,0X242E,Voltage fault,Voltage,Stored,29,18,4,2026-05-03 15:28:00,209,,,,,,,,,,,,,,,,,,324.0,,,,,,,,,,,,,,,,,,,,,,,,,,,,,,,,,,,122.0,510.0,764.0,670.0,,,
Prod_Diagnostic_06.txt,26-07-540,BMS,0X2A46,Communication fault,Communication,Stored,27,1,5,2026-05-18 00:52:00,227,,,,,,,,,,,,,,,,,,94.0,,,,,,,,,,,,,,,,,,,,,,,,,,,,,,,,,,,811.0,619.0,987.0,634.0,,,
Prod_Diagnostic_06.txt,26-07-540,BMS,0XF3DE,Sensor range fault,Sensor,Intermittent,36,6,4,2026-05-11 11:52:00,316,,,,,,,,,,,,,,,,,,56.0,,,,,,,,,,,,,,,,,,,,,,,,,,,,,,,,,,,837.0,229.0,865.0,466.0,,,
Prod_Diagnostic_06.txt,26-07-540,BMS,0X9F66,Sensor range fault,Sensor,Intermittent,39,15,3,2026-05-23 14:07:00,299,,,,,,,,,,,,,,,,,,100.0,,,,,,,,,,,,,,,,,,,,,,,,,,,,,,,,,,,778.0,675.0,228.0,3.0,,,
Prod_Diagnostic_06.txt,26-07-540,BMS,0X6AEA,Sensor range fault,Sensor,Intermittent,19,17,5,2026-05-12 22:06:00,319,,,,,,,,,,,,,,,,,,47.0,,,,,,,,,,,,,,,,,,,,,,,,,,,,,,,,,,,919.0,169.0,505.0,144.0,,,
Prod_Diagnostic_06.txt,26-07-540,FCAM,0X2B61,FCAM specific fault 1,ECU Specific/Other,Stored,40,6,2,2026-05-04 12:13:00,180,,,,196.0,,,,,,,,,,,,,,,,,,,,469.0,845.0,801.0,734.0,,,,,,,,,,,,,,,,,,,,,,,,,,,,,,,,
Prod_Diagnostic_06.txt,26-07-540,FCAM,0X2B96,Sensor range fault,Sensor,Stored,3,20,5,2026-05-04 14:29:00,203,,,,517.0,,,,,,,,,,,,,,,,,,,,675.0,604.0,980.0,138.0,,,,,,,,,,,,,,,,,,,,,,,,,,,,,,,,
Prod_Diagnostic_06.txt,26-07-540,FCAM,0X111C,FCAM specific fault 3,ECU Specific/Other,Intermittent,48,1,5,2026-05-14 18:30:00,348,,,,944.0,,,,,,,,,,,,,,,,,,,,947.0,521.0,800.0,933.0,,,,,,,,,,,,,,,,,,,,,,,,,,,,,,,,
Prod_Diagnostic_06.txt,26-07-540,FCAM,0XC11A,Voltage fault,Voltage,Intermittent,12,4,1,2026-05-13 21:38:00,232,,,,517.0,,,,,,,,,,,,,,,,,,,,621.0,904.0,330.0,903.0,,,,,,,,,,,,,,,,,,,,,,,,,,,,,,,,
Prod_Diagnostic_06.txt,26-07-540,FCAM,0X7B2D,FCAM specific fault 5,ECU Specific/Other,Intermittent,45,7,3,2026-05-13 10:18:00,305,,,,142.0,,,,,,,,,,,,,,,,,,,,464.0,825.0,137.0,423.0,,,,,,,,,,,,,,,,,,,,,,,,,,,,,,,,
Prod_Diagnostic_06.txt,26-07-540,ECM,0XC334,ECM performance issue 1,Performance,Intermittent,33,9,5,2026-05-28 10:45:00,333,,,,,,,,,,755.0,958.0,567.0,648.0,223.0,,,,,,,,,,,,,,,,,,,,,,,,,,,,,,,,,,,,,,,,,,,,,
Prod_Diagnostic_06.txt,26-07-540,ECM,0X45AF,Voltage fault,Voltage,Intermittent,46,9,3,2026-05-22 04:45:00,306,,,,,,,,,,666.0,999.0,982.0,183.0,516.0,,,,,,,,,,,,,,,,,,,,,,,,,,,,,,,,,,,,,,,,,,,,,
Prod_Diagnostic_06.txt,26-07-540,ECM,0XC1BE,ECM performance issue 3,Performance,Intermittent,21,3,3,2026-05-18 15:37:00,281,,,,,,,,,,585.0,966.0,684.0,728.0,428.0,,,,,,,,,,,,,,,,,,,,,,,,,,,,,,,,,,,,,,,,,,,,,
Prod_Diagnostic_06.txt,26-07-540,ECM,0X5932,ECM performance issue 4,Performance,Stored,1,16,1,2026-05-01 12:09:00,121,,,,,,,,,,55.0,687.0,58.0,205.0,274.0,,,,,,,,,,,,,,,,,,,,,,,,,,,,,,,,,,,,,,,,,,,,,
Prod_Diagnostic_06.txt,26-07-540,ECM,0X595F,Voltage fault,Voltage,Intermittent,17,4,1,2026-05-23 09:13:00,237,,,,,,,,,,772.0,555.0,34.0,368.0,834.0,,,,,,,,,,,,,,,,,,,,,,,,,,,,,,,,,,,,,,,,,,,,,
Prod_Diagnostic_06.txt,26-07-540,EPS,0X2A3C,EPS specific fault 1,ECU Specific/Other,Intermittent,44,17,2,2026-05-24 20:35:00,284,,,,816.0,,,,,,,,,,,,,,,,,,,,,,,,,,,,,,,,,,,,,399.0,244.0,524.0,804.0,,,,,,,,,,,,,,,
Prod_Diagnostic_06.txt,26-07-540,EPS,0XC164,Sensor range fault,Sensor,Intermittent,4,12,4,2026-05-14 21:20:00,284,,,,762.0,,,,,,,,,,,,,,,,,,,,,,,,,,,,,,,,,,,,,990.0,566.0,56.0,14.0,,,,,,,,,,,,,,,
Prod_Diagnostic_06.txt,26-07-540,EPS,0X43FD,Sensor range fault,Sensor,Intermittent,50,14,2,2026-05-21 22:45:00,290,,,,560.0,,,,,,,,,,,,,,,,,,,,,,,,,,,,,,,,,,,,,664.0,377.0,774.0,603.0,,,,,,,,,,,,,,,
Prod_Diagnostic_06.txt,26-07-540,EPS,0X424B,EPS performance issue 4,Performance,Intermittent,13,9,4,2026-05-06 21:04:00,293,,,,527.0,,,,,,,,,,,,,,,,,,,,,,,,,,,,,,,,,,,,,192.0,986.0,178.0,753.0,,,,,,,,,,,,,,,
Prod_Diagnostic_06.txt,26-07-540,EPS,0X7090,Communication fault,Communication,Active,28,8,5,2026-05-09 04:10:00,428,,,,339.0,,,,,,,,,,,,,,,,,,,,,,,,,,,,,,,,,,,,,599.0,867.0,262.0,6.0,,,,,,,,,,,,,,,
Prod_Diagnostic_06.txt,26-07-540,TCM,0XC5AE,TCM specific fault 1,ECU Specific/Other,Active,3,4,3,2026-05-20 01:49:00,363,,,,,,,,,,,,,,,,,,,,,,,,,,,,,,,,,955.0,641.0,631.0,864.0,678.0,,,,,,,,,,,,,,,,,,,,,,
Prod_Diagnostic_06.txt,26-07-540,TCM,0X8D94,Sensor range fault,Sensor,Intermittent,36,11,1,2026-05-26 22:20:00,256,,,,,,,,,,,,,,,,,,,,,,,,,,,,,,,,,539.0,226.0,980.0,189.0,534.0,,,,,,,,,,,,,,,,,,,,,,
Prod_Diagnostic_06.txt,26-07-540,TCM,0XD948,Communication fault,Communication,Intermittent,11,13,5,2026-05-18 12:05:00,311,,,,,,,,,,,,,,,,,,,,,,,,,,,,,,,,,358.0,227.0,905.0,219.0,680.0,,,,,,,,,,,,,,,,,,,,,,
Prod_Diagnostic_06.txt,26-07-540,TCM,0X64C0,Sensor range fault,Sensor,Stored,19,6,5,2026-05-17 15:35:00,219,,,,,,,,,,,,,,,,,,,,,,,,,,,,,,,,,844.0,771.0,665.0,10.0,118.0,,,,,,,,,,,,,,,,,,,,,,
Prod_Diagnostic_06.txt,26-07-540,TCM,0X8217,Sensor range fault,Sensor,Active,42,19,5,2026-05-08 01:43:00,442,,,,,,,,,,,,,,,,,,,,,,,,,,,,,,,,,907.0,329.0,391.0,938.0,816.0,,,,,,,,,,,,,,,,,,,,,,
Prod_Diagnostic_06.txt,26-07-540,GW,0X72C8,Communication fault,Communication,Stored,35,9,1,2026-05-17 11:32:00,155,,,,,457.0,823.0,521.0,499.0,45.0,,,,,,,,,,,,,,,,,,,,,,,,,,,,,,,,,,,,,,,,,,,,,,,,,,
Prod_Diagnostic_06.txt,26-07-540,GW,0XF5F5,Sensor range fault,Sensor,Intermittent,13,10,5,2026-05-03 03:10:00,313,,,,,792.0,995.0,980.0,551.0,547.0,,,,,,,,,,,,,,,,,,,,,,,,,,,,,,,,,,,,,,,,,,,,,,,,,,
Prod_Diagnostic_06.txt,26-07-540,GW,0XB07E,Communication fault,Communication,Active,14,20,2,2026-05-28 21:27:00,354,,,,,211.0,856.0,107.0,551.0,849.0,,,,,,,,,,,,,,,,,,,,,,,,,,,,,,,,,,,,,,,,,,,,,,,,,,
Prod_Diagnostic_06.txt,26-07-540,GW,0XB585,GW specific fault 4,ECU Specific/Other,Active,48,4,1,2026-05-15 22:21:00,368,,,,,76.0,39.0,90.0,56.0,183.0,,,,,,,,,,,,,,,,,,,,,,,,,,,,,,,,,,,,,,,,,,,,,,,,,,
Prod_Diagnostic_06.txt,26-07-540,GW,0X9EDE,Sensor range fault,Sensor,Active,37,7,3,2026-05-14 12:28:00,397,,,,,444.0,646.0,415.0,324.0,18.0,,,,,,,,,,,,,,,,,,,,,,,,,,,,,,,,,,,,,,,,,,,,,,,,,,
Prod_Diagnostic_07.txt,25-11-601,GW,0X6DA6,Voltage fault,Voltage,Stored,15,18,3,2026-05-05 14:32:00,175,,,,,407.0,523.0,93.0,373.0,515.0,,,,,,,,,,,,,,,,,,,,,,,,,,,,,,,,,,,,,,,,,,,,,,,,,,
Prod_Diagnostic_07.txt,25-11-601,GW,0XB9A5,Communication fault,Communication,Active,40,5,5,2026-05-05 14:10:00,440,,,,,972.0,184.0,580.0,580.0,676.0,,,,,,,,,,,,,,,,,,,,,,,,,,,,,,,,,,,,,,,,,,,,,,,,,,
Prod_Diagnostic_07.txt,25-11-601,GW,0XCC65,Voltage fault,Voltage,Intermittent,31,11,1,2026-05-08 15:14:00,251,,,,,379.0,65.0,271.0,240.0,44.0,,,,,,,,,,,,,,,,,,,,,,,,,,,,,,,,,,,,,,,,,,,,,,,,,,
Prod_Diagnostic_07.txt,25-11-601,GW,0X9494,Voltage fault,Voltage,Stored,25,15,4,2026-05-02 01:41:00,205,,,,,721.0,332.0,106.0,992.0,534.0,,,,,,,,,,,,,,,,,,,,,,,,,,,,,,,,,,,,,,,,,,,,,,,,,,
Prod_Diagnostic_07.txt,25-11-601,GW,0XE5BA,Sensor range fault,Sensor,Intermittent,17,18,5,2026-05-19 05:24:00,317,,,,,375.0,670.0,388.0,602.0,670.0,,,,,,,,,,,,,,,,,,,,,,,,,,,,,,,,,,,,,,,,,,,,,,,,,,
Prod_Diagnostic_07.txt,25-11-601,TCM,0X9444,Communication fault,Communication,Stored,25,7,5,2026-05-13 11:52:00,225,,,,,,,,,,,,,,,,,,,,,,,,,,,,,,,,,889.0,354.0,499.0,812.0,494.0,,,,,,,,,,,,,,,,,,,,,,
Prod_Diagnostic_07.txt,25-11-601,TCM,0X11B0,TCM performance issue 2,Performance,Intermittent,9,14,2,2026-05-08 02:32:00,249,,,,,,,,,,,,,,,,,,,,,,,,,,,,,,,,,659.0,288.0,217.0,154.0,192.0,,,,,,,,,,,,,,,,,,,,,,
Prod_Diagnostic_07.txt,25-11-601,TCM,0X6CBA,Voltage fault,Voltage,Intermittent,46,3,2,2026-05-14 10:46:00,286,,,,,,,,,,,,,,,,,,,,,,,,,,,,,,,,,117.0,494.0,692.0,491.0,491.0,,,,,,,,,,,,,,,,,,,,,,
Prod_Diagnostic_07.txt,25-11-601,TCM,0XA73E,Voltage fault,Voltage,Active,42,13,1,2026-05-08 01:08:00,362,,,,,,,,,,,,,,,,,,,,,,,,,,,,,,,,,588.0,607.0,165.0,138.0,645.0,,,,,,,,,,,,,,,,,,,,,,
Prod_Diagnostic_07.txt,25-11-601,TCM,0X1A08,TCM performance issue 5,Performance,Intermittent,10,1,2,2026-05-09 05:33:00,250,,,,,,,,,,,,,,,,,,,,,,,,,,,,,,,,,982.0,416.0,614.0,993.0,578.0,,,,,,,,,,,,,,,,,,,,,,
Prod_Diagnostic_07.txt,25-11-601,EPS,0XF0E5,Communication fault,Communication,Intermittent,47,9,1,2026-05-07 14:38:00,267,,,,225.0,,,,,,,,,,,,,,,,,,,,,,,,,,,,,,,,,,,,,483.0,889.0,494.0,175.0,,,,,,,,,,,,,,,
Prod_Diagnostic_07.txt,25-11-601,EPS,0XA9D0,EPS specific fault 2,ECU Specific/Other,Active,38,5,5,2026-05-22 16:16:00,438,,,,945.0,,,,,,,,,,,,,,,,,,,,,,,,,,,,,,,,,,,,,172.0,742.0,703.0,351.0,,,,,,,,,,,,,,,
Prod_Diagnostic_07.txt,25-11-601,EPS,0XA8B6,EPS specific fault 3,ECU Specific/Other,Intermittent,5,7,4,2026-05-13 04:06:00,285,,,,932.0,,,,,,,,,,,,,,,,,,,,,,,,,,,,,,,,,,,,,17.0,208.0,536.0,881.0,,,,,,,,,,,,,,,
Prod_Diagnostic_07.txt,25-11-601,EPS,0XBF32,EPS performance issue 4,Performance,Stored,10,19,1,2026-05-06 15:57:00,130,,,,803.0,,,,,,,,,,,,,,,,,,,,,,,,,,,,,,,,,,,,,630.0,615.0,40.0,899.0,,,,,,,,,,,,,,,
Prod_Diagnostic_07.txt,25-11-601,EPS,0X90DA,EPS performance issue 5,Performance,Active,6,15,2,2026-05-20 17:52:00,346,,,,695.0,,,,,,,,,,,,,,,,,,,,,,,,,,,,,,,,,,,,,2.0,919.0,961.0,794.0,,,,,,,,,,,,,,,
Prod_Diagnostic_07.txt,25-11-601,SRS,0X95A4,SRS specific fault 1,ECU Specific/Other,Stored,24,1,5,2026-05-14 07:51:00,224,,,,,,,,,,,,,,,,,,,,,,,,,,,,,,,,,,,,,,,,,,,,391.0,,,,,494.0,,,,,,,,809.0,788.0,359.0
Prod_Diagnostic_07.txt,25-11-601,SRS,0XDDFB,SRS performance issue 2,Performance,Intermittent,49,18,1,2026-05-14 04:16:00,269,,,,,,,,,,,,,,,,,,,,,,,,,,,,,,,,,,,,,,,,,,,,932.0,,,,,489.0,,,,,,,,785.0,239.0,880.0
Prod_Diagnostic_07.txt,25-11-601,SRS,0X5884,Communication fault,Communication,Intermittent,35,13,3,2026-05-07 00:45:00,295,,,,,,,,,,,,,,,,,,,,,,,,,,,,,,,,,,,,,,,,,,,,592.0,,,,,762.0,,,,,,,,809.0,8.0,536.0
Prod_Diagnostic_07.txt,25-11-601,SRS,0X950F,Communication fault,Communication,Active,25,20,2,2026-05-23 10:26:00,365,,,,,,,,,,,,,,,,,,,,,,,,,,,,,,,,,,,,,,,,,,,,437.0,,,,,371.0,,,,,,,,110.0,159.0,668.0
Prod_Diagnostic_07.txt,25-11-601,SRS,0X50EE,SRS performance issue 5,Performance,Stored,35,13,5,2026-05-12 19:17:00,235,,,,,,,,,,,,,,,,,,,,,,,,,,,,,,,,,,,,,,,,,,,,209.0,,,,,697.0,,,,,,,,407.0,774.0,424.0
Prod_Diagnostic_07.txt,25-11-601,HVAC,0XD8A6,HVAC performance issue 1,Performance,Intermittent,31,5,3,2026-05-18 17:30:00,291,,,,,,,,,,,,,,,,,,,,,,,,,,,,260.0,315.0,592.0,353.0,793.0,,,,,,,,,,,,,,,,,,,,,,,,,,,
Prod_Diagnostic_07.txt,25-11-601,HVAC,0XCC5C,HVAC specific fault 2,ECU Specific/Other,Active,43,3,2,2026-05-15 22:10:00,383,,,,,,,,,,,,,,,,,,,,,,,,,,,,103.0,220.0,521.0,411.0,805.0,,,,,,,,,,,,,,,,,,,,,,,,,,,
Prod_Diagnostic_07.txt,25-11-601,HVAC,0XDD04,Sensor range fault,Sensor,Intermittent,40,1,2,2026-05-13 20:00:00,280,,,,,,,,,,,,,,,,,,,,,,,,,,,,824.0,94.0,844.0,149.0,483.0,,,,,,,,,,,,,,,,,,,,,,,,,,,
Prod_Diagnostic_07.txt,25-11-601,HVAC,0X7F74,HVAC performance issue 4,Performance,Active,5,8,2,2026-05-12 02:38:00,345,,,,,,,,,,,,,,,,,,,,,,,,,,,,39.0,742.0,394.0,954.0,411.0,,,,,,,,,,,,,,,,,,,,,,,,,,,
Prod_Diagnostic_07.txt,25-11-601,HVAC,0XB7FB,HVAC performance issue 5,Performance,Intermittent,19,19,1,2026-05-25 05:40:00,239,,,,,,,,,,,,,,,,,,,,,,,,,,,,507.0,450.0,11.0,207.0,871.0,,,,,,,,,,,,,,,,,,,,,,,,,,,
Prod_Diagnostic_07.txt,25-11-601,OBC,0X5937,OBC performance issue 1,Performance,Active,3,19,5,2026-05-17 22:14:00,403,,,,,,,,,,,,,,,630.0,174.0,691.0,37.0,369.0,,,,,,,,,,,,,,,,,,,,,,,,,,,,,,,,,,,,,,,,
Prod_Diagnostic_07.txt,25-11-601,OBC,0XB7AF,Voltage fault,Voltage,Active,11,2,3,2026-05-25 12:22:00,371,,,,,,,,,,,,,,,686.0,405.0,416.0,601.0,206.0,,,,,,,,,,,,,,,,,,,,,,,,,,,,,,,,,,,,,,,,
Prod_Diagnostic_07.txt,25-11-601,OBC,0X13EF,OBC performance issue 3,Performance,Intermittent,46,2,1,2026-05-18 09:46:00,266,,,,,,,,,,,,,,,850.0,573.0,937.0,597.0,357.0,,,,,,,,,,,,,,,,,,,,,,,,,,,,,,,,,,,,,,,,
Prod_Diagnostic_07.txt,25-11-601,OBC,0XE0C5,Sensor range fault,Sensor,Stored,15,19,2,2026-05-15 12:36:00,155,,,,,,,,,,,,,,,5.0,268.0,180.0,417.0,519.0,,,,,,,,,,,,,,,,,,,,,,,,,,,,,,,,,,,,,,,,
Prod_Diagnostic_07.txt,25-11-601,OBC,0X9F02,Communication fault,Communication,Active,33,9,3,2026-05-04 16:16:00,393,,,,,,,,,,,,,,,898.0,551.0,833.0,813.0,589.0,,,,,,,,,,,,,,,,,,,,,,,,,,,,,,,,,,,,,,,,
Prod_Diagnostic_07.txt,25-11-601,ECM,0XC1B6,Sensor range fault,Sensor,Stored,25,18,4,2026-05-25 07:48:00,205,,,,,,,,,,348.0,985.0,795.0,470.0,698.0,,,,,,,,,,,,,,,,,,,,,,,,,,,,,,,,,,,,,,,,,,,,,
Prod_Diagnostic_07.txt,25-11-601,ECM,0XF582,ECM specific fault 2,ECU Specific/Other,Intermittent,2,15,1,2026-05-09 02:24:00,222,,,,,,,,,,649.0,808.0,226.0,694.0,719.0,,,,,,,,,,,,,,,,,,,,,,,,,,,,,,,,,,,,,,,,,,,,,
Prod_Diagnostic_07.txt,25-11-601,ECM,0XDCD7,Voltage fault,Voltage,Stored,27,11,5,2026-05-18 00:44:00,227,,,,,,,,,,853.0,270.0,255.0,295.0,96.0,,,,,,,,,,,,,,,,,,,,,,,,,,,,,,,,,,,,,,,,,,,,,
Prod_Diagnostic_07.txt,25-11-601,ECM,0XBC77,ECM specific fault 4,ECU Specific/Other,Intermittent,22,2,5,2026-05-06 15:20:00,322,,,,,,,,,,363.0,224.0,916.0,588.0,276.0,,,,,,,,,,,,,,,,,,,,,,,,,,,,,,,,,,,,,,,,,,,,,
Prod_Diagnostic_07.txt,25-11-601,ECM,0XCF04,Voltage fault,Voltage,Intermittent,13,15,2,2026-05-08 23:15:00,253,,,,,,,,,,894.0,272.0,212.0,235.0,208.0,,,,,,,,,,,,,,,,,,,,,,,,,,,,,,,,,,,,,,,,,,,,,
Prod_Diagnostic_07.txt,25-11-601,BCM,0XE61A,Voltage fault,Voltage,Intermittent,23,4,1,2026-05-04 02:43:00,243,,,,,,,,,629.0,,,,,,,,,,,979.0,680.0,505.0,7.0,,,,,,,,,,,,,,,,,,,,,,,,,,,,,,,,,,,,
Prod_Diagnostic_07.txt,25-11-601,BCM,0X1AD1,BCM performance issue 2,Performance,Stored,24,19,3,2026-05-16 18:55:00,184,,,,,,,,,783.0,,,,,,,,,,,282.0,503.0,188.0,938.0,,,,,,,,,,,,,,,,,,,,,,,,,,,,,,,,,,,,
Prod_Diagnostic_07.txt,25-11-601,BCM,0X57BF,BCM performance issue 3,Performance,Stored,15,18,2,2026-05-02 16:51:00,155,,,,,,,,,554.0,,,,,,,,,,,434.0,490.0,963.0,34.0,,,,,,,,,,,,,,,,,,,,,,,,,,,,,,,,,,,,
Prod_Diagnostic_07.txt,25-11-601,BCM,0X68E7,BCM performance issue 4,Performance,Stored,44,5,4,2026-05-04 22:33:00,224,,,,,,,,,9.0,,,,,,,,,,,472.0,324.0,706.0,13.0,,,,,,,,,,,,,,,,,,,,,,,,,,,,,,,,,,,,
Prod_Diagnostic_07.txt,25-11-601,BCM,0X7122,Voltage fault,Voltage,Intermittent,7,10,3,2026-05-20 08:11:00,267,,,,,,,,,276.0,,,,,,,,,,,562.0,270.0,243.0,483.0,,,,,,,,,,,,,,,,,,,,,,,,,,,,,,,,,,,,
Prod_Diagnostic_07.txt,25-11-601,ADAS,0X67D5,ADAS performance issue 1,Performance,Stored,12,15,4,2026-05-07 13:44:00,192,,,,411.0,875.0,,,,,,,,,,,,,,,,,,,,,,,,,,,,,,,,,771.0,382.0,374.0,,,,,,,,,,,,,,,,,,,
Prod_Diagnostic_07.txt,25-11-601,ADAS,0X8362,Sensor range fault,Sensor,Active,37,4,5,2026-05-22 07:52:00,437,,,,242.0,824.0,,,,,,,,,,,,,,,,,,,,,,,,,,,,,,,,,103.0,739.0,277.0,,,,,,,,,,,,,,,,,,,
Prod_Diagnostic_07.txt,25-11-601,ADAS,0X7EA5,ADAS performance issue 3,Performance,Stored,13,4,2,2026-05-16 00:11:00,153,,,,870.0,915.0,,,,,,,,,,,,,,,,,,,,,,,,,,,,,,,,,432.0,512.0,138.0,,,,,,,,,,,,,,,,,,,
Prod_Diagnostic_07.txt,25-11-601,ADAS,0X98B3,ADAS performance issue 4,Performance,Intermittent,21,15,3,2026-05-09 17:54:00,281,,,,708.0,102.0,,,,,,,,,,,,,,,,,,,,,,,,,,,,,,,,,582.0,49.0,408.0,,,,,,,,,,,,,,,,,,,
Prod_Diagnostic_07.txt,25-11-601,ADAS,0X1F5E,Voltage fault,Voltage,Active,17,15,1,2026-05-15 23:21:00,337,,,,571.0,574.0,,,,,,,,,,,,,,,,,,,,,,,,,,,,,,,,,267.0,370.0,369.0,,,,,,,,,,,,,,,,,,,
Prod_Diagnostic_07.txt,25-11-601,RADAR,0X6819,Sensor range fault,Sensor,Active,27,3,3,2026-05-28 21:38:00,387,,,,666.0,,,,,,,,,,,,,,,,,,,,,,,,,,,,,,,,,,,,590.0,,,,,,,,,,204.0,591.0,665.0,,,,,,,
Prod_Diagnostic_07.txt,25-11-601,RADAR,0X3CAE,RADAR performance issue 2,Performance,Stored,23,10,5,2026-05-16 23:28:00,223,,,,629.0,,,,,,,,,,,,,,,,,,,,,,,,,,,,,,,,,,,,391.0,,,,,,,,,,911.0,81.0,294.0,,,,,,,
Prod_Diagnostic_07.txt,25-11-601,RADAR,0XB1B7,RADAR specific fault 3,ECU Specific/Other,Active,11,20,3,2026-05-14 20:39:00,371,,,,929.0,,,,,,,,,,,,,,,,,,,,,,,,,,,,,,,,,,,,870.0,,,,,,,,,,586.0,415.0,74.0,,,,,,,
Prod_Diagnostic_07.txt,25-11-601,RADAR,0X3978,Communication fault,Communication,Stored,15,10,3,2026-05-21 09:45:00,175,,,,405.0,,,,,,,,,,,,,,,,,,,,,,,,,,,,,,,,,,,,661.0,,,,,,,,,,274.0,620.0,278.0,,,,,,,
Prod_Diagnostic_07.txt,25-11-601,RADAR,0XD7ED,RADAR specific fault 5,ECU Specific/Other,Stored,48,18,5,2026-05-15 13:10:00,248,,,,129.0,,,,,,,,,,,,,,,,,,,,,,,,,,,,,,,,,,,,24.0,,,,,,,,,,189.0,875.0,746.0,,,,,,,
Prod_Diagnostic_07.txt,25-11-601,BMS,0XB97A,Voltage fault,Voltage,Stored,48,2,2,2026-05-06 12:06:00,188,,,,,,,,,,,,,,,,,,98.0,,,,,,,,,,,,,,,,,,,,,,,,,,,,,,,,,,,66.0,960.0,900.0,485.0,,,
Prod_Diagnostic_07.txt,25-11-601,BMS,0X1DC7,BMS performance issue 2,Performance,Active,50,12,5,2026-05-25 02:06:00,450,,,,,,,,,,,,,,,,,,269.0,,,,,,,,,,,,,,,,,,,,,,,,,,,,,,,,,,,633.0,160.0,87.0,671.0,,,
Prod_Diagnostic_07.txt,25-11-601,BMS,0X5F32,BMS specific fault 3,ECU Specific/Other,Active,16,9,4,2026-05-21 04:08:00,396,,,,,,,,,,,,,,,,,,540.0,,,,,,,,,,,,,,,,,,,,,,,,,,,,,,,,,,,859.0,175.0,30.0,36.0,,,
Prod_Diagnostic_07.txt,25-11-601,BMS,0XEC41,Sensor range fault,Sensor,Stored,31,14,5,2026-05-09 17:28:00,231,,,,,,,,,,,,,,,,,,139.0,,,,,,,,,,,,,,,,,,,,,,,,,,,,,,,,,,,993.0,972.0,715.0,553.0,,,
Prod_Diagnostic_07.txt,25-11-601,BMS,0XA740,Voltage fault,Voltage,Intermittent,30,20,5,2026-05-14 16:40:00,330,,,,,,,,,,,,,,,,,,655.0,,,,,,,,,,,,,,,,,,,,,,,,,,,,,,,,,,,547.0,318.0,931.0,356.0,,,
Prod_Diagnostic_07.txt,25-11-601,FCAM,0X9A27,FCAM specific fault 1,ECU Specific/Other,Active,6,14,3,2026-05-12 13:16:00,366,,,,1.0,,,,,,,,,,,,,,,,,,,,160.0,311.0,11.0,536.0,,,,,,,,,,,,,,,,,,,,,,,,,,,,,,,,
Prod_Diagnostic_07.txt,25-11-601,FCAM,0X6808,Voltage fault,Voltage,Stored,31,17,1,2026-05-23 15:48:00,151,,,,785.0,,,,,,,,,,,,,,,,,,,,489.0,307.0,10.0,441.0,,,,,,,,,,,,,,,,,,,,,,,,,,,,,,,,
Prod_Diagnostic_07.txt,25-11-601,FCAM,0XA8D5,Sensor range fault,Sensor,Active,1,17,3,2026-05-07 13:56:00,361,,,,256.0,,,,,,,,,,,,,,,,,,,,575.0,448.0,405.0,168.0,,,,,,,,,,,,,,,,,,,,,,,,,,,,,,,,
Prod_Diagnostic_07.txt,25-11-601,FCAM,0XE413,FCAM specific fault 4,ECU Specific/Other,Stored,15,8,1,2026-05-14 20:15:00,135,,,,932.0,,,,,,,,,,,,,,,,,,,,530.0,783.0,820.0,628.0,,,,,,,,,,,,,,,,,,,,,,,,,,,,,,,,
Prod_Diagnostic_07.txt,25-11-601,FCAM,0X58E0,Sensor range fault,Sensor,Intermittent,48,17,3,2026-05-14 06:54:00,308,,,,297.0,,,,,,,,,,,,,,,,,,,,71.0,187.0,140.0,114.0,,,,,,,,,,,,,,,,,,,,,,,,,,,,,,,,
Prod_Diagnostic_08.txt,25-11-601,EPS,0X5BB1,EPS specific fault 1,ECU Specific/Other,Stored,35,11,4,2026-05-01 20:32:00,215,,,,20.0,,,,,,,,,,,,,,,,,,,,,,,,,,,,,,,,,,,,,389.0,752.0,190.0,905.0,,,,,,,,,,,,,,,
Prod_Diagnostic_08.txt,25-11-601,EPS,0XEB59,EPS performance issue 2,Performance,Stored,50,19,2,2026-05-11 23:04:00,190,,,,397.0,,,,,,,,,,,,,,,,,,,,,,,,,,,,,,,,,,,,,675.0,991.0,552.0,839.0,,,,,,,,,,,,,,,
Prod_Diagnostic_08.txt,25-11-601,EPS,0X9629,Voltage fault,Voltage,Intermittent,32,17,2,2026-05-20 09:20:00,272,,,,99.0,,,,,,,,,,,,,,,,,,,,,,,,,,,,,,,,,,,,,420.0,657.0,330.0,114.0,,,,,,,,,,,,,,,
Prod_Diagnostic_08.txt,25-11-601,EPS,0XB8AD,EPS performance issue 4,Performance,Active,3,4,2,2026-05-28 01:12:00,343,,,,33.0,,,,,,,,,,,,,,,,,,,,,,,,,,,,,,,,,,,,,110.0,498.0,197.0,102.0,,,,,,,,,,,,,,,
Prod_Diagnostic_08.txt,25-11-601,EPS,0XB449,EPS performance issue 5,Performance,Stored,43,15,5,2026-05-20 22:37:00,243,,,,621.0,,,,,,,,,,,,,,,,,,,,,,,,,,,,,,,,,,,,,263.0,51.0,376.0,227.0,,,,,,,,,,,,,,,
Prod_Diagnostic_08.txt,25-11-601,ABS,0X1359,Communication fault,Communication,Active,42,15,1,2026-05-15 20:03:00,362,,,,,,,,,,,,,,,,,,,,,,,,,,,,,,,,,,,,,,,,,,,,,370.0,572.0,762.0,961.0,912.0,,,,,,,,,,
Prod_Diagnostic_08.txt,25-11-601,ABS,0XE270,ABS specific fault 2,ECU Specific/Other,Stored,46,1,5,2026-05-09 16:02:00,246,,,,,,,,,,,,,,,,,,,,,,,,,,,,,,,,,,,,,,,,,,,,,752.0,73.0,855.0,312.0,80.0,,,,,,,,,,
Prod_Diagnostic_08.txt,25-11-601,ABS,0X94FC,Voltage fault,Voltage,Active,7,7,5,2026-05-13 06:12:00,407,,,,,,,,,,,,,,,,,,,,,,,,,,,,,,,,,,,,,,,,,,,,,539.0,673.0,255.0,584.0,641.0,,,,,,,,,,
Prod_Diagnostic_08.txt,25-11-601,ABS,0X9EF4,Voltage fault,Voltage,Intermittent,36,13,1,2026-05-25 20:36:00,256,,,,,,,,,,,,,,,,,,,,,,,,,,,,,,,,,,,,,,,,,,,,,367.0,691.0,470.0,720.0,682.0,,,,,,,,,,
Prod_Diagnostic_08.txt,25-11-601,ABS,0XF200,ABS specific fault 5,ECU Specific/Other,Active,11,5,5,2026-05-13 16:21:00,411,,,,,,,,,,,,,,,,,,,,,,,,,,,,,,,,,,,,,,,,,,,,,674.0,162.0,547.0,615.0,454.0,,,,,,,,,,
Prod_Diagnostic_08.txt,25-11-601,RADAR,0XF709,Sensor range fault,Sensor,Stored,36,10,3,2026-05-14 20:27:00,196,,,,624.0,,,,,,,,,,,,,,,,,,,,,,,,,,,,,,,,,,,,332.0,,,,,,,,,,846.0,744.0,247.0,,,,,,,
Prod_Diagnostic_08.txt,25-11-601,RADAR,0X9BAE,RADAR performance issue 2,Performance,Active,25,17,3,2026-05-12 14:28:00,385,,,,744.0,,,,,,,,,,,,,,,,,,,,,,,,,,,,,,,,,,,,1.0,,,,,,,,,,983.0,407.0,36.0,,,,,,,
Prod_Diagnostic_08.txt,25-11-601,RADAR,0XA883,Sensor range fault,Sensor,Active,34,4,3,2026-05-01 09:14:00,394,,,,23.0,,,,,,,,,,,,,,,,,,,,,,,,,,,,,,,,,,,,323.0,,,,,,,,,,220.0,877.0,791.0,,,,,,,
Prod_Diagnostic_08.txt,25-11-601,RADAR,0XFB4A,Sensor range fault,Sensor,Intermittent,33,17,5,2026-05-19 04:06:00,333,,,,160.0,,,,,,,,,,,,,,,,,,,,,,,,,,,,,,,,,,,,365.0,,,,,,,,,,39.0,472.0,142.0,,,,,,,
Prod_Diagnostic_08.txt,25-11-601,RADAR,0X6DF9,Sensor range fault,Sensor,Intermittent,16,7,3,2026-05-26 09:05:00,276,,,,940.0,,,,,,,,,,,,,,,,,,,,,,,,,,,,,,,,,,,,583.0,,,,,,,,,,585.0,410.0,223.0,,,,,,,
Prod_Diagnostic_08.txt,25-11-601,SRS,0XC93C,Communication fault,Communication,Stored,31,5,4,2026-05-27 22:44:00,211,,,,,,,,,,,,,,,,,,,,,,,,,,,,,,,,,,,,,,,,,,,,98.0,,,,,591.0,,,,,,,,840.0,930.0,610.0
Prod_Diagnostic_08.txt,25-11-601,SRS,0X1991,Sensor range fault,Sensor,Intermittent,37,12,1,2026-05-25 01:58:00,257,,,,,,,,,,,,,,,,,,,,,,,,,,,,,,,,,,,,,,,,,,,,901.0,,,,,790.0,,,,,,,,343.0,357.0,837.0
Prod_Diagnostic_08.txt,25-11-601,SRS,0X7AA1,SRS specific fault 3,ECU Specific/Other,Active,50,7,5,2026-05-01 20:49:00,450,,,,,,,,,,,,,,,,,,,,,,,,,,,,,,,,,,,,,,,,,,,,313.0,,,,,648.0,,,,,,,,392.0,56.0,537.0
Prod_Diagnostic_08.txt,25-11-601,SRS,0X61BE,Communication fault,Communication,Intermittent,37,4,3,2026-05-17 22:14:00,297,,,,,,,,,,,,,,,,,,,,,,,,,,,,,,,,,,,,,,,,,,,,750.0,,,,,157.0,,,,,,,,52.0,690.0,403.0
Prod_Diagnostic_08.txt,25-11-601,SRS,0XD0BA,SRS specific fault 5,ECU Specific/Other,Intermittent,37,16,1,2026-05-08 13:18:00,257,,,,,,,,,,,,,,,,,,,,,,,,,,,,,,,,,,,,,,,,,,,,136.0,,,,,806.0,,,,,,,,404.0,152.0,345.0
Prod_Diagnostic_08.txt,25-11-601,ECM,0X89D1,Communication fault,Communication,Intermittent,48,1,5,2026-05-13 08:05:00,348,,,,,,,,,,409.0,514.0,445.0,793.0,715.0,,,,,,,,,,,,,,,,,,,,,,,,,,,,,,,,,,,,,,,,,,,,,
Prod_Diagnostic_08.txt,25-11-601,ECM,0XD314,Voltage fault,Voltage,Active,31,17,2,2026-05-16 12:41:00,371,,,,,,,,,,586.0,201.0,575.0,631.0,754.0,,,,,,,,,,,,,,,,,,,,,,,,,,,,,,,,,,,,,,,,,,,,,
Prod_Diagnostic_08.txt,25-11-601,ECM,0X4F09,ECM performance issue 3,Performance,Active,5,8,4,2026-05-11 21:59:00,385,,,,,,,,,,590.0,92.0,116.0,688.0,424.0,,,,,,,,,,,,,,,,,,,,,,,,,,,,,,,,,,,,,,,,,,,,,
Prod_Diagnostic_08.txt,25-11-601,ECM,0X6D82,ECM specific fault 4,ECU Specific/Other,Stored,13,10,3,2026-05-20 20:01:00,173,,,,,,,,,,789.0,313.0,174.0,359.0,632.0,,,,,,,,,,,,,,,,,,,,,,,,,,,,,,,,,,,,,,,,,,,,,
Prod_Diagnostic_08.txt,25-11-601,ECM,0XAF88,ECM specific fault 5,ECU Specific/Other,Active,29,1,2,2026-05-07 21:23:00,369,,,,,,,,,,160.0,776.0,746.0,874.0,88.0,,,,,,,,,,,,,,,,,,,,,,,,,,,,,,,,,,,,,,,,,,,,,
Prod_Diagnostic_08.txt,25-11-601,BCM,0XCD55,Communication fault,Communication,Active,16,19,2,2026-05-28 09:00:00,356,,,,,,,,,114.0,,,,,,,,,,,352.0,711.0,824.0,313.0,,,,,,,,,,,,,,,,,,,,,,,,,,,,,,,,,,,,
Prod_Diagnostic_08.txt,25-11-601,BCM,0X889F,BCM specific fault 2,ECU Specific/Other,Active,22,6,5,2026-05-07 06:34:00,422,,,,,,,,,562.0,,,,,,,,,,,536.0,769.0,265.0,495.0,,,,,,,,,,,,,,,,,,,,,,,,,,,,,,,,,,,,
Prod_Diagnostic_08.txt,25-11-601,BCM,0XCADC,BCM performance issue 3,Performance,Active,45,0,4,2026-05-19 21:33:00,425,,,,,,,,,62.0,,,,,,,,,,,45.0,262.0,175.0,291.0,,,,,,,,,,,,,,,,,,,,,,,,,,,,,,,,,,,,
Prod_Diagnostic_08.txt,25-11-601,BCM,0XDA08,Voltage fault,Voltage,Intermittent,40,8,1,2026-05-15 20:00:00,260,,,,,,,,,278.0,,,,,,,,,,,69.0,398.0,677.0,679.0,,,,,,,,,,,,,,,,,,,,,,,,,,,,,,,,,,,,
Prod_Diagnostic_08.txt,25-11-601,BCM,0XED41,Sensor range fault,Sensor,Active,2,9,4,2026-05-08 12:32:00,382,,,,,,,,,324.0,,,,,,,,,,,727.0,102.0,926.0,497.0,,,,,,,,,,,,,,,,,,,,,,,,,,,,,,,,,,,,
Prod_Diagnostic_08.txt,25-11-601,TCM,0X9814,TCM performance issue 1,Performance,Active,12,6,5,2026-05-15 17:59:00,412,,,,,,,,,,,,,,,,,,,,,,,,,,,,,,,,,730.0,23.0,41.0,254.0,945.0,,,,,,,,,,,,,,,,,,,,,,
Prod_Diagnostic_08.txt,25-11-601,TCM,0X5E0F,TCM performance issue 2,Performance,Stored,32,12,2,2026-05-01 11:43:00,172,,,,,,,,,,,,,,,,,,,,,,,,,,,,,,,,,361.0,364.0,641.0,310.0,242.0,,,,,,,,,,,,,,,,,,,,,,
Prod_Diagnostic_08.txt,25-11-601,TCM,0X569F,TCM performance issue 3,Performance,Active,41,8,4,2026-05-27 00:35:00,421,,,,,,,,,,,,,,,,,,,,,,,,,,,,,,,,,972.0,287.0,231.0,156.0,350.0,,,,,,,,,,,,,,,,,,,,,,
Prod_Diagnostic_08.txt,25-11-601,TCM,0XB82C,TCM specific fault 4,ECU Specific/Other,Active,6,12,5,2026-05-22 19:55:00,406,,,,,,,,,,,,,,,,,,,,,,,,,,,,,,,,,641.0,703.0,233.0,428.0,247.0,,,,,,,,,,,,,,,,,,,,,,
Prod_Diagnostic_08.txt,25-11-601,TCM,0X371A,TCM performance issue 5,Performance,Stored,20,19,3,2026-05-15 17:08:00,180,,,,,,,,,,,,,,,,,,,,,,,,,,,,,,,,,212.0,669.0,142.0,595.0,555.0,,,,,,,,,,,,,,,,,,,,,,
Prod_Diagnostic_08.txt,25-11-601,FCAM,0XECD2,Voltage fault,Voltage,Active,20,16,2,2026-05-14 04:41:00,360,,,,162.0,,,,,,,,,,,,,,,,,,,,956.0,579.0,940.0,326.0,,,,,,,,,,,,,,,,,,,,,,,,,,,,,,,,
Prod_Diagnostic_08.txt,25-11-601,FCAM,0X9EAD,Communication fault,Communication,Intermittent,47,3,2,2026-05-11 04:46:00,287,,,,902.0,,,,,,,,,,,,,,,,,,,,31.0,784.0,327.0,997.0,,,,,,,,,,,,,,,,,,,,,,,,,,,,,,,,
Prod_Diagnostic_08.txt,25-11-601,FCAM,0X7947,FCAM specific fault 3,ECU Specific/Other,Stored,29,20,3,2026-05-05 06:06:00,189,,,,781.0,,,,,,,,,,,,,,,,,,,,135.0,190.0,27.0,627.0,,,,,,,,,,,,,,,,,,,,,,,,,,,,,,,,
Prod_Diagnostic_08.txt,25-11-601,FCAM,0X5451,FCAM performance issue 4,Performance,Intermittent,37,19,2,2026-05-20 07:14:00,277,,,,82.0,,,,,,,,,,,,,,,,,,,,704.0,27.0,368.0,705.0,,,,,,,,,,,,,,,,,,,,,,,,,,,,,,,,
Prod_Diagnostic_08.txt,25-11-601,FCAM,0X3253,FCAM specific fault 5,ECU Specific/Other,Intermittent,39,15,3,2026-05-06 12:31:00,299,,,,198.0,,,,,,,,,,,,,,,,,,,,486.0,141.0,168.0,232.0,,,,,,,,,,,,,,,,,,,,,,,,,,,,,,,,
Prod_Diagnostic_08.txt,25-11-601,GW,0X7899,Communication fault,Communication,Active,18,13,2,2026-05-24 21:12:00,358,,,,,68.0,776.0,210.0,182.0,950.0,,,,,,,,,,,,,,,,,,,,,,,,,,,,,,,,,,,,,,,,,,,,,,,,,,
Prod_Diagnostic_08.txt,25-11-601,GW,0XEDFC,GW specific fault 2,ECU Specific/Other,Intermittent,32,10,4,2026-05-08 13:25:00,312,,,,,623.0,795.0,43.0,753.0,845.0,,,,,,,,,,,,,,,,,,,,,,,,,,,,,,,,,,,,,,,,,,,,,,,,,,
Prod_Diagnostic_08.txt,25-11-601,GW,0XC85F,GW specific fault 3,ECU Specific/Other,Stored,26,19,5,2026-05-20 17:33:00,226,,,,,722.0,657.0,897.0,806.0,40.0,,,,,,,,,,,,,,,,,,,,,,,,,,,,,,,,,,,,,,,,,,,,,,,,,,
Prod_Diagnostic_08.txt,25-11-601,GW,0X2BFC,GW performance issue 4,Performance,Stored,30,1,2,2026-05-17 17:25:00,170,,,,,572.0,753.0,41.0,397.0,529.0,,,,,,,,,,,,,,,,,,,,,,,,,,,,,,,,,,,,,,,,,,,,,,,,,,
Prod_Diagnostic_08.txt,25-11-601,GW,0X409A,Communication fault,Communication,Stored,29,12,3,2026-05-25 09:29:00,189,,,,,302.0,171.0,433.0,628.0,942.0,,,,,,,,,,,,,,,,,,,,,,,,,,,,,,,,,,,,,,,,,,,,,,,,,,
Prod_Diagnostic_08.txt,25-11-601,TCU,0XC0A0,Communication fault,Communication,Intermittent,10,14,4,2026-05-03 23:32:00,290,116.0,185.0,798.0,600.0,961.0,,,,,,,,,,,,,,,,,,,,,,,,,,,,,,,,,,,,,,,,,,,,,,,,,,,,,,
Prod_Diagnostic_08.txt,25-11-601,TCU,0X32A3,TCU performance issue 2,Performance,Stored,27,10,4,2026-05-01 05:29:00,207,605.0,919.0,730.0,918.0,207.0,,,,,,,,,,,,,,,,,,,,,,,,,,,,,,,,,,,,,,,,,,,,,,,,,,,,,,
Prod_Diagnostic_08.txt,25-11-601,TCU,0X2716,TCU specific fault 3,ECU Specific/Other,Stored,21,20,2,2026-05-23 23:07:00,161,94.0,117.0,724.0,461.0,650.0,,,,,,,,,,,,,,,,,,,,,,,,,,,,,,,,,,,,,,,,,,,,,,,,,,,,,,
Prod_Diagnostic_08.txt,25-11-601,TCU,0X25D6,Sensor range fault,Sensor,Intermittent,46,12,5,2026-05-20 05:24:00,346,564.0,390.0,45.0,787.0,175.0,,,,,,,,,,,,,,,,,,,,,,,,,,,,,,,,,,,,,,,,,,,,,,,,,,,,,,
Prod_Diagnostic_08.txt,25-11-601,TCU,0XA0C4,Sensor range fault,Sensor,Intermittent,10,5,2,2026-05-06 22:03:00,250,430.0,316.0,317.0,748.0,788.0,,,,,,,,,,,,,,,,,,,,,,,,,,,,,,,,,,,,,,,,,,,,,,,,,,,,,,
Prod_Diagnostic_08.txt,25-11-601,HVAC,0X59ED,HVAC specific fault 1,ECU Specific/Other,Intermittent,12,3,2,2026-05-07 00:39:00,252,,,,,,,,,,,,,,,,,,,,,,,,,,,,784.0,260.0,13.0,470.0,510.0,,,,,,,,,,,,,,,,,,,,,,,,,,,
Prod_Diagnostic_08.txt,25-11-601,HVAC,0X9B22,HVAC specific fault 2,ECU Specific/Other,Active,39,15,2,2026-05-07 18:42:00,379,,,,,,,,,,,,,,,,,,,,,,,,,,,,488.0,465.0,420.0,453.0,82.0,,,,,,,,,,,,,,,,,,,,,,,,,,,
Prod_Diagnostic_08.txt,25-11-601,HVAC,0XA9A0,HVAC performance issue 3,Performance,Active,16,17,3,2026-05-20 20:35:00,376,,,,,,,,,,,,,,,,,,,,,,,,,,,,840.0,846.0,213.0,51.0,190.0,,,,,,,,,,,,,,,,,,,,,,,,,,,
Prod_Diagnostic_08.txt,25-11-601,HVAC,0X1E18,Voltage fault,Voltage,Intermittent,23,1,2,2026-05-28 01:42:00,263,,,,,,,,,,,,,,,,,,,,,,,,,,,,592.0,859.0,618.0,306.0,340.0,,,,,,,,,,,,,,,,,,,,,,,,,,,
Prod_Diagnostic_08.txt,25-11-601,HVAC,0X1C8D,Communication fault,Communication,Active,27,5,2,2026-05-22 09:39:00,367,,,,,,,,,,,,,,,,,,,,,,,,,,,,677.0,709.0,717.0,610.0,587.0,,,,,,,,,,,,,,,,,,,,,,,,,,,
Prod_Diagnostic_08.txt,25-11-601,OBC,0X3D6B,OBC performance issue 1,Performance,Stored,48,18,3,2026-05-02 02:49:00,208,,,,,,,,,,,,,,,307.0,331.0,378.0,920.0,389.0,,,,,,,,,,,,,,,,,,,,,,,,,,,,,,,,,,,,,,,,
Prod_Diagnostic_08.txt,25-11-601,OBC,0XD229,Communication fault,Communication,Stored,36,2,3,2026-05-16 04:07:00,196,,,,,,,,,,,,,,,712.0,881.0,282.0,338.0,540.0,,,,,,,,,,,,,,,,,,,,,,,,,,,,,,,,,,,,,,,,
Prod_Diagnostic_08.txt,25-11-601,OBC,0X964F,OBC specific fault 3,ECU Specific/Other,Active,45,6,5,2026-05-02 03:36:00,445,,,,,,,,,,,,,,,748.0,645.0,542.0,90.0,496.0,,,,,,,,,,,,,,,,,,,,,,,,,,,,,,,,,,,,,,,,
Prod_Diagnostic_08.txt,25-11-601,OBC,0XFF13,OBC performance issue 4,Performance,Intermittent,19,13,5,2026-05-28 10:16:00,319,,,,,,,,,,,,,,,539.0,589.0,639.0,363.0,950.0,,,,,,,,,,,,,,,,,,,,,,,,,,,,,,,,,,,,,,,,
Prod_Diagnostic_08.txt,25-11-601,OBC,0XAD42,Voltage fault,Voltage,Intermittent,32,16,4,2026-05-16 05:56:00,312,,,,,,,,,,,,,,,625.0,239.0,726.0,298.0,199.0,,,,,,,,,,,,,,,,,,,,,,,,,,,,,,,,,,,,,,,,
Prod_Diagnostic_09.txt,24-07-510,FCAM,0X9F43,FCAM performance issue 1,Performance,Intermittent,7,6,5,2026-05-12 17:20:00,307,,,,722.0,,,,,,,,,,,,,,,,,,,,278.0,145.0,966.0,824.0,,,,,,,,,,,,,,,,,,,,,,,,,,,,,,,,
Prod_Diagnostic_09.txt,24-07-510,FCAM,0XA2F7,Sensor range fault,Sensor,Active,11,2,3,2026-05-20 10:34:00,371,,,,30.0,,,,,,,,,,,,,,,,,,,,455.0,52.0,134.0,483.0,,,,,,,,,,,,,,,,,,,,,,,,,,,,,,,,
Prod_Diagnostic_09.txt,24-07-510,FCAM,0X2B1E,Communication fault,Communication,Stored,4,2,4,2026-05-13 05:45:00,184,,,,645.0,,,,,,,,,,,,,,,,,,,,611.0,913.0,607.0,857.0,,,,,,,,,,,,,,,,,,,,,,,,,,,,,,,,
Prod_Diagnostic_09.txt,24-07-510,FCAM,0XADC6,FCAM specific fault 4,ECU Specific/Other,Stored,20,10,2,2026-05-23 21:51:00,160,,,,945.0,,,,,,,,,,,,,,,,,,,,547.0,81.0,998.0,774.0,,,,,,,,,,,,,,,,,,,,,,,,,,,,,,,,
Prod_Diagnostic_09.txt,24-07-510,FCAM,0XA15A,FCAM specific fault 5,ECU Specific/Other,Active,6,14,1,2026-05-15 09:43:00,326,,,,477.0,,,,,,,,,,,,,,,,,,,,660.0,728.0,785.0,482.0,,,,,,,,,,,,,,,,,,,,,,,,,,,,,,,,
Prod_Diagnostic_09.txt,24-07-510,BCM,0X494A,Voltage fault,Voltage,Active,40,8,3,2026-05-13 05:44:00,400,,,,,,,,,808.0,,,,,,,,,,,940.0,682.0,339.0,882.0,,,,,,,,,,,,,,,,,,,,,,,,,,,,,,,,,,,,
Prod_Diagnostic_09.txt,24-07-510,BCM,0X840A,Sensor range fault,Sensor,Stored,2,2,4,2026-05-04 11:30:00,182,,,,,,,,,290.0,,,,,,,,,,,473.0,867.0,175.0,787.0,,,,,,,,,,,,,,,,,,,,,,,,,,,,,,,,,,,,
Prod_Diagnostic_09.txt,24-07-510,BCM,0XAABC,Sensor range fault,Sensor,Intermittent,9,16,1,2026-05-13 22:50:00,229,,,,,,,,,666.0,,,,,,,,,,,110.0,334.0,570.0,73.0,,,,,,,,,,,,,,,,,,,,,,,,,,,,,,,,,,,,
Prod_Diagnostic_09.txt,24-07-510,BCM,0X9862,Sensor range fault,Sensor,Stored,26,18,4,2026-05-08 19:15:00,206,,,,,,,,,494.0,,,,,,,,,,,562.0,163.0,998.0,394.0,,,,,,,,,,,,,,,,,,,,,,,,,,,,,,,,,,,,
Prod_Diagnostic_09.txt,24-07-510,BCM,0X6739,Communication fault,Communication,Active,45,18,4,2026-05-26 13:36:00,425,,,,,,,,,711.0,,,,,,,,,,,807.0,351.0,558.0,242.0,,,,,,,,,,,,,,,,,,,,,,,,,,,,,,,,,,,,
Prod_Diagnostic_09.txt,24-07-510,RADAR,0XB9A0,Voltage fault,Voltage,Intermittent,5,18,4,2026-05-04 18:38:00,285,,,,100.0,,,,,,,,,,,,,,,,,,,,,,,,,,,,,,,,,,,,569.0,,,,,,,,,,475.0,334.0,842.0,,,,,,,
Prod_Diagnostic_09.txt,24-07-510,RADAR,0X3D19,RADAR specific fault 2,ECU Specific/Other,Stored,26,2,5,2026-05-04 21:52:00,226,,,,389.0,,,,,,,,,,,,,,,,,,,,,,,,,,,,,,,,,,,,840.0,,,,,,,,,,611.0,790.0,336.0,,,,,,,
Prod_Diagnostic_09.txt,24-07-510,RADAR,0XB51E,RADAR specific fault 3,ECU Specific/Other,Intermittent,4,2,2,2026-05-27 04:56:00,244,,,,652.0,,,,,,,,,,,,,,,,,,,,,,,,,,,,,,,,,,,,774.0,,,,,,,,,,595.0,925.0,830.0,,,,,,,
Prod_Diagnostic_09.txt,24-07-510,RADAR,0XD1CF,Communication fault,Communication,Active,43,4,4,2026-05-18 09:24:00,423,,,,201.0,,,,,,,,,,,,,,,,,,,,,,,,,,,,,,,,,,,,458.0,,,,,,,,,,631.0,592.0,211.0,,,,,,,
Prod_Diagnostic_09.txt,24-07-510,RADAR,0X5CBB,Sensor range fault,Sensor,Intermittent,44,9,4,2026-05-23 11:05:00,324,,,,523.0,,,,,,,,,,,,,,,,,,,,,,,,,,,,,,,,,,,,627.0,,,,,,,,,,597.0,9.0,414.0,,,,,,,
Prod_Diagnostic_09.txt,24-07-510,EPS,0XEA3D,Voltage fault,Voltage,Stored,4,11,5,2026-05-02 00:45:00,204,,,,882.0,,,,,,,,,,,,,,,,,,,,,,,,,,,,,,,,,,,,,574.0,841.0,368.0,113.0,,,,,,,,,,,,,,,
Prod_Diagnostic_09.txt,24-07-510,EPS,0XED9D,Sensor range fault,Sensor,Active,16,13,5,2026-05-13 20:20:00,416,,,,446.0,,,,,,,,,,,,,,,,,,,,,,,,,,,,,,,,,,,,,729.0,392.0,416.0,391.0,,,,,,,,,,,,,,,
Prod_Diagnostic_09.txt,24-07-510,EPS,0X4612,EPS performance issue 3,Performance,Intermittent,12,15,2,2026-05-07 17:24:00,252,,,,428.0,,,,,,,,,,,,,,,,,,,,,,,,,,,,,,,,,,,,,864.0,947.0,369.0,861.0,,,,,,,,,,,,,,,
Prod_Diagnostic_09.txt,24-07-510,EPS,0X59D9,Voltage fault,Voltage,Intermittent,9,4,1,2026-05-03 20:01:00,229,,,,674.0,,,,,,,,,,,,,,,,,,,,,,,,,,,,,,,,,,,,,148.0,739.0,907.0,499.0,,,,,,,,,,,,,,,
Prod_Diagnostic_09.txt,24-07-510,EPS,0X32C2,EPS specific fault 5,ECU Specific/Other,Active,9,20,4,2026-05-28 14:57:00,389,,,,436.0,,,,,,,,,,,,,,,,,,,,,,,,,,,,,,,,,,,,,808.0,713.0,619.0,953.0,,,,,,,,,,,,,,,
Prod_Diagnostic_09.txt,24-07-510,OBC,0X3E07,OBC performance issue 1,Performance,Stored,33,13,5,2026-05-27 14:24:00,233,,,,,,,,,,,,,,,364.0,232.0,191.0,435.0,620.0,,,,,,,,,,,,,,,,,,,,,,,,,,,,,,,,,,,,,,,,
Prod_Diagnostic_09.txt,24-07-510,OBC,0XA3F3,Communication fault,Communication,Stored,47,7,5,2026-05-09 13:59:00,247,,,,,,,,,,,,,,,560.0,591.0,376.0,35.0,39.0,,,,,,,,,,,,,,,,,,,,,,,,,,,,,,,,,,,,,,,,
Prod_Diagnostic_09.txt,24-07-510,OBC,0X8BB7,OBC performance issue 3,Performance,Intermittent,24,3,5,2026-05-16 22:05:00,324,,,,,,,,,,,,,,,146.0,748.0,749.0,540.0,880.0,,,,,,,,,,,,,,,,,,,,,,,,,,,,,,,,,,,,,,,,
Prod_Diagnostic_09.txt,24-07-510,OBC,0X8706,Sensor range fault,Sensor,Intermittent,6,16,5,2026-05-03 07:30:00,306,,,,,,,,,,,,,,,646.0,760.0,680.0,984.0,685.0,,,,,,,,,,,,,,,,,,,,,,,,,,,,,,,,,,,,,,,,
Prod_Diagnostic_09.txt,24-07-510,OBC,0XBF1F,Communication fault,Communication,Intermittent,35,18,3,2026-05-20 01:57:00,295,,,,,,,,,,,,,,,352.0,548.0,798.0,12.0,481.0,,,,,,,,,,,,,,,,,,,,,,,,,,,,,,,,,,,,,,,,
Prod_Diagnostic_09.txt,24-07-510,TCM,0X933D,TCM specific fault 1,ECU Specific/Other,Stored,37,10,4,2026-05-12 09:18:00,217,,,,,,,,,,,,,,,,,,,,,,,,,,,,,,,,,172.0,37.0,712.0,946.0,612.0,,,,,,,,,,,,,,,,,,,,,,
Prod_Diagnostic_09.txt,24-07-510,TCM,0XCA1A,Sensor range fault,Sensor,Intermittent,17,1,4,2026-05-19 05:36:00,297,,,,,,,,,,,,,,,,,,,,,,,,,,,,,,,,,53.0,673.0,299.0,829.0,756.0,,,,,,,,,,,,,,,,,,,,,,
Prod_Diagnostic_09.txt,24-07-510,TCM,0X16FD,TCM performance issue 3,Performance,Stored,32,2,2,2026-05-17 02:54:00,172,,,,,,,,,,,,,,,,,,,,,,,,,,,,,,,,,803.0,285.0,259.0,136.0,631.0,,,,,,,,,,,,,,,,,,,,,,
Prod_Diagnostic_09.txt,24-07-510,TCM,0X5674,Sensor range fault,Sensor,Stored,1,3,5,2026-05-06 18:47:00,201,,,,,,,,,,,,,,,,,,,,,,,,,,,,,,,,,155.0,675.0,458.0,379.0,828.0,,,,,,,,,,,,,,,,,,,,,,
Prod_Diagnostic_09.txt,24-07-510,TCM,0X52E1,Voltage fault,Voltage,Intermittent,16,15,2,2026-05-26 16:55:00,256,,,,,,,,,,,,,,,,,,,,,,,,,,,,,,,,,34.0,352.0,87.0,991.0,149.0,,,,,,,,,,,,,,,,,,,,,,
Prod_Diagnostic_09.txt,24-07-510,GW,0XFF16,GW performance issue 1,Performance,Active,32,13,4,2026-05-08 21:28:00,412,,,,,172.0,744.0,653.0,216.0,592.0,,,,,,,,,,,,,,,,,,,,,,,,,,,,,,,,,,,,,,,,,,,,,,,,,,
Prod_Diagnostic_09.txt,24-07-510,GW,0X1DE8,Sensor range fault,Sensor,Intermittent,17,3,1,2026-05-06 14:25:00,237,,,,,488.0,488.0,309.0,765.0,972.0,,,,,,,,,,,,,,,,,,,,,,,,,,,,,,,,,,,,,,,,,,,,,,,,,,
Prod_Diagnostic_09.txt,24-07-510,GW,0X4BD1,GW performance issue 3,Performance,Stored,44,12,4,2026-05-09 04:33:00,224,,,,,13.0,892.0,446.0,296.0,950.0,,,,,,,,,,,,,,,,,,,,,,,,,,,,,,,,,,,,,,,,,,,,,,,,,,
Prod_Diagnostic_09.txt,24-07-510,GW,0X71CB,GW specific fault 4,ECU Specific/Other,Intermittent,21,16,1,2026-05-04 17:40:00,241,,,,,865.0,363.0,980.0,443.0,626.0,,,,,,,,,,,,,,,,,,,,,,,,,,,,,,,,,,,,,,,,,,,,,,,,,,
Prod_Diagnostic_09.txt,24-07-510,GW,0X65C0,Sensor range fault,Sensor,Stored,18,3,3,2026-05-21 18:25:00,178,,,,,692.0,473.0,792.0,768.0,248.0,,,,,,,,,,,,,,,,,,,,,,,,,,,,,,,,,,,,,,,,,,,,,,,,,,
Prod_Diagnostic_09.txt,24-07-510,ABS,0XD53F,ABS performance issue 1,Performance,Active,34,10,2,2026-05-11 17:00:00,374,,,,,,,,,,,,,,,,,,,,,,,,,,,,,,,,,,,,,,,,,,,,,689.0,9.0,852.0,70.0,13.0,,,,,,,,,,
Prod_Diagnostic_09.txt,24-07-510,ABS,0X2902,ABS specific fault 2,ECU Specific/Other,Intermittent,7,14,3,2026-05-08 23:18:00,267,,,,,,,,,,,,,,,,,,,,,,,,,,,,,,,,,,,,,,,,,,,,,258.0,198.0,35.0,25.0,635.0,,,,,,,,,,
Prod_Diagnostic_09.txt,24-07-510,ABS,0X1E8F,Communication fault,Communication,Intermittent,43,6,5,2026-05-21 03:45:00,343,,,,,,,,,,,,,,,,,,,,,,,,,,,,,,,,,,,,,,,,,,,,,981.0,123.0,89.0,877.0,620.0,,,,,,,,,,
Prod_Diagnostic_09.txt,24-07-510,ABS,0X703E,Voltage fault,Voltage,Intermittent,49,20,5,2026-05-26 05:57:00,349,,,,,,,,,,,,,,,,,,,,,,,,,,,,,,,,,,,,,,,,,,,,,114.0,713.0,189.0,260.0,302.0,,,,,,,,,,
Prod_Diagnostic_09.txt,24-07-510,ABS,0XB915,ABS specific fault 5,ECU Specific/Other,Active,41,14,3,2026-05-25 13:44:00,401,,,,,,,,,,,,,,,,,,,,,,,,,,,,,,,,,,,,,,,,,,,,,926.0,684.0,789.0,789.0,332.0,,,,,,,,,,
Prod_Diagnostic_09.txt,24-07-510,SRS,0X3976,Sensor range fault,Sensor,Active,18,1,4,2026-05-13 10:03:00,398,,,,,,,,,,,,,,,,,,,,,,,,,,,,,,,,,,,,,,,,,,,,272.0,,,,,265.0,,,,,,,,979.0,833.0,183.0
Prod_Diagnostic_09.txt,24-07-510,SRS,0X21C4,SRS specific fault 2,ECU Specific/Other,Stored,13,19,4,2026-05-06 20:31:00,193,,,,,,,,,,,,,,,,,,,,,,,,,,,,,,,,,,,,,,,,,,,,788.0,,,,,112.0,,,,,,,,148.0,554.0,442.0
Prod_Diagnostic_09.txt,24-07-510,SRS,0XAD2C,Voltage fault,Voltage,Intermittent,7,14,3,2026-05-04 01:04:00,267,,,,,,,,,,,,,,,,,,,,,,,,,,,,,,,,,,,,,,,,,,,,257.0,,,,,73.0,,,,,,,,586.0,746.0,796.0
Prod_Diagnostic_09.txt,24-07-510,SRS,0X14CD,SRS specific fault 4,ECU Specific/Other,Stored,10,20,1,2026-05-02 21:24:00,130,,,,,,,,,,,,,,,,,,,,,,,,,,,,,,,,,,,,,,,,,,,,338.0,,,,,273.0,,,,,,,,156.0,717.0,927.0
Prod_Diagnostic_09.txt,24-07-510,SRS,0XA31B,SRS specific fault 5,ECU Specific/Other,Active,33,15,4,2026-05-14 12:54:00,413,,,,,,,,,,,,,,,,,,,,,,,,,,,,,,,,,,,,,,,,,,,,805.0,,,,,746.0,,,,,,,,800.0,832.0,72.0
Prod_Diagnostic_09.txt,24-07-510,BMS,0X49D1,BMS performance issue 1,Performance,Active,25,15,1,2026-05-19 17:59:00,345,,,,,,,,,,,,,,,,,,368.0,,,,,,,,,,,,,,,,,,,,,,,,,,,,,,,,,,,342.0,699.0,311.0,411.0,,,
Prod_Diagnostic_09.txt,24-07-510,BMS,0XB1DC,Communication fault,Communication,Intermittent,6,11,5,2026-05-28 10:05:00,306,,,,,,,,,,,,,,,,,,862.0,,,,,,,,,,,,,,,,,,,,,,,,,,,,,,,,,,,471.0,779.0,785.0,297.0,,,
Prod_Diagnostic_09.txt,24-07-510,BMS,0X3D36,Voltage fault,Voltage,Intermittent,3,12,2,2026-05-10 22:24:00,243,,,,,,,,,,,,,,,,,,918.0,,,,,,,,,,,,,,,,,,,,,,,,,,,,,,,,,,,110.0,646.0,706.0,368.0,,,
Prod_Diagnostic_09.txt,24-07-510,BMS,0X25B9,BMS specific fault 4,ECU Specific/Other,Intermittent,29,6,2,2026-05-02 06:01:00,269,,,,,,,,,,,,,,,,,,738.0,,,,,,,,,,,,,,,,,,,,,,,,,,,,,,,,,,,608.0,245.0,501.0,399.0,,,
Prod_Diagnostic_09.txt,24-07-510,BMS,0XDAF0,Communication fault,Communication,Intermittent,42,9,4,2026-05-18 14:01:00,322,,,,,,,,,,,,,,,,,,38.0,,,,,,,,,,,,,,,,,,,,,,,,,,,,,,,,,,,348.0,58.0,346.0,807.0,,,
Prod_Diagnostic_09.txt,24-07-510,HVAC,0X77CF,Communication fault,Communication,Active,14,20,5,2026-05-15 21:55:00,414,,,,,,,,,,,,,,,,,,,,,,,,,,,,896.0,550.0,153.0,759.0,594.0,,,,,,,,,,,,,,,,,,,,,,,,,,,
Prod_Diagnostic_09.txt,24-07-510,HVAC,0XFCC0,Voltage fault,Voltage,Active,3,4,4,2026-05-21 00:30:00,383,,,,,,,,,,,,,,,,,,,,,,,,,,,,929.0,941.0,634.0,47.0,249.0,,,,,,,,,,,,,,,,,,,,,,,,,,,
Prod_Diagnostic_09.txt,24-07-510,HVAC,0X13AD,Voltage fault,Voltage,Active,41,1,3,2026-05-27 03:29:00,401,,,,,,,,,,,,,,,,,,,,,,,,,,,,626.0,175.0,856.0,606.0,66.0,,,,,,,,,,,,,,,,,,,,,,,,,,,
Prod_Diagnostic_09.txt,24-07-510,HVAC,0X2D3A,Communication fault,Communication,Stored,39,19,2,2026-05-03 06:27:00,179,,,,,,,,,,,,,,,,,,,,,,,,,,,,346.0,831.0,856.0,756.0,695.0,,,,,,,,,,,,,,,,,,,,,,,,,,,
Prod_Diagnostic_09.txt,24-07-510,HVAC,0X6301,HVAC specific fault 5,ECU Specific/Other,Active,44,18,5,2026-05-05 10:53:00,444,,,,,,,,,,,,,,,,,,,,,,,,,,,,988.0,813.0,219.0,783.0,47.0,,,,,,,,,,,,,,,,,,,,,,,,,,,
Prod_Diagnostic_09.txt,24-07-510,ECM,0X3C67,ECM performance issue 1,Performance,Stored,5,3,3,2026-05-05 13:10:00,165,,,,,,,,,,714.0,379.0,567.0,169.0,450.0,,,,,,,,,,,,,,,,,,,,,,,,,,,,,,,,,,,,,,,,,,,,,
Prod_Diagnostic_09.txt,24-07-510,ECM,0XFCF9,Voltage fault,Voltage,Intermittent,3,4,1,2026-05-26 20:39:00,223,,,,,,,,,,386.0,797.0,162.0,17.0,901.0,,,,,,,,,,,,,,,,,,,,,,,,,,,,,,,,,,,,,,,,,,,,,
Prod_Diagnostic_09.txt,24-07-510,ECM,0X24AA,ECM specific fault 3,ECU Specific/Other,Active,1,5,1,2026-05-23 20:37:00,321,,,,,,,,,,909.0,291.0,427.0,711.0,827.0,,,,,,,,,,,,,,,,,,,,,,,,,,,,,,,,,,,,,,,,,,,,,
Prod_Diagnostic_09.txt,24-07-510,ECM,0XC13E,ECM specific fault 4,ECU Specific/Other,Active,14,4,3,2026-05-17 14:26:00,374,,,,,,,,,,245.0,961.0,179.0,626.0,709.0,,,,,,,,,,,,,,,,,,,,,,,,,,,,,,,,,,,,,,,,,,,,,
Prod_Diagnostic_09.txt,24-07-510,ECM,0XA8A5,Communication fault,Communication,Active,46,15,5,2026-05-03 20:52:00,446,,,,,,,,,,802.0,309.0,357.0,429.0,5.0,,,,,,,,,,,,,,,,,,,,,,,,,,,,,,,,,,,,,,,,,,,,,
Prod_Diagnostic_10.txt,25-03-420,TCM,0XB5CB,Voltage fault,Voltage,Active,2,15,3,2026-05-06 22:29:00,362,,,,,,,,,,,,,,,,,,,,,,,,,,,,,,,,,879.0,585.0,766.0,598.0,25.0,,,,,,,,,,,,,,,,,,,,,,
Prod_Diagnostic_10.txt,25-03-420,TCM,0X86B9,TCM specific fault 2,ECU Specific/Other,Active,46,12,2,2026-05-26 11:40:00,386,,,,,,,,,,,,,,,,,,,,,,,,,,,,,,,,,476.0,721.0,649.0,2.0,882.0,,,,,,,,,,,,,,,,,,,,,,
Prod_Diagnostic_10.txt,25-03-420,TCM,0X7287,Communication fault,Communication,Intermittent,22,16,1,2026-05-10 13:48:00,242,,,,,,,,,,,,,,,,,,,,,,,,,,,,,,,,,277.0,715.0,969.0,628.0,556.0,,,,,,,,,,,,,,,,,,,,,,
Prod_Diagnostic_10.txt,25-03-420,TCM,0XDB62,TCM performance issue 4,Performance,Active,44,2,5,2026-05-11 23:59:00,444,,,,,,,,,,,,,,,,,,,,,,,,,,,,,,,,,57.0,528.0,969.0,932.0,691.0,,,,,,,,,,,,,,,,,,,,,,
Prod_Diagnostic_10.txt,25-03-420,TCM,0XF352,Sensor range fault,Sensor,Active,8,12,3,2026-05-15 19:02:00,368,,,,,,,,,,,,,,,,,,,,,,,,,,,,,,,,,375.0,376.0,180.0,664.0,573.0,,,,,,,,,,,,,,,,,,,,,,
Prod_Diagnostic_10.txt,25-03-420,ADAS,0X9F8D,Communication fault,Communication,Intermittent,50,6,2,2026-05-11 07:34:00,290,,,,962.0,756.0,,,,,,,,,,,,,,,,,,,,,,,,,,,,,,,,,117.0,665.0,490.0,,,,,,,,,,,,,,,,,,,
Prod_Diagnostic_10.txt,25-03-420,ADAS,0XEF02,ADAS performance issue 2,Performance,Intermittent,14,7,3,2026-05-12 08:32:00,274,,,,65.0,56.0,,,,,,,,,,,,,,,,,,,,,,,,,,,,,,,,,697.0,434.0,284.0,,,,,,,,,,,,,,,,,,,
Prod_Diagnostic_10.txt,25-03-420,ADAS,0X6860,Sensor range fault,Sensor,Stored,32,16,5,2026-05-27 03:30:00,232,,,,546.0,846.0,,,,,,,,,,,,,,,,,,,,,,,,,,,,,,,,,727.0,545.0,695.0,,,,,,,,,,,,,,,,,,,
Prod_Diagnostic_10.txt,25-03-420,ADAS,0X83B4,Sensor range fault,Sensor,Intermittent,24,2,2,2026-05-15 02:05:00,264,,,,982.0,296.0,,,,,,,,,,,,,,,,,,,,,,,,,,,,,,,,,401.0,920.0,184.0,,,,,,,,,,,,,,,,,,,
Prod_Diagnostic_10.txt,25-03-420,ADAS,0X2BFF,Communication fault,Communication,Active,18,3,2,2026-05-16 04:55:00,358,,,,24.0,643.0,,,,,,,,,,,,,,,,,,,,,,,,,,,,,,,,,210.0,534.0,975.0,,,,,,,,,,,,,,,,,,,
Prod_Diagnostic_10.txt,25-03-420,ABS,0X7AA2,Sensor range fault,Sensor,Intermittent,35,4,4,2026-05-12 13:28:00,315,,,,,,,,,,,,,,,,,,,,,,,,,,,,,,,,,,,,,,,,,,,,,756.0,661.0,22.0,299.0,194.0,,,,,,,,,,
Prod_Diagnostic_10.txt,25-03-420,ABS,0X15A4,Communication fault,Communication,Active,34,20,3,2026-05-14 18:21:00,394,,,,,,,,,,,,,,,,,,,,,,,,,,,,,,,,,,,,,,,,,,,,,672.0,662.0,806.0,335.0,498.0,,,,,,,,,,
Prod_Diagnostic_10.txt,25-03-420,ABS,0XBA75,ABS performance issue 3,Performance,Intermittent,34,17,4,2026-05-15 09:36:00,314,,,,,,,,,,,,,,,,,,,,,,,,,,,,,,,,,,,,,,,,,,,,,136.0,920.0,809.0,314.0,176.0,,,,,,,,,,
Prod_Diagnostic_10.txt,25-03-420,ABS,0X4A0E,Sensor range fault,Sensor,Stored,24,9,1,2026-05-05 11:18:00,144,,,,,,,,,,,,,,,,,,,,,,,,,,,,,,,,,,,,,,,,,,,,,467.0,980.0,171.0,634.0,947.0,,,,,,,,,,
Prod_Diagnostic_10.txt,25-03-420,ABS,0XC639,Voltage fault,Voltage,Intermittent,19,5,2,2026-05-27 22:44:00,259,,,,,,,,,,,,,,,,,,,,,,,,,,,,,,,,,,,,,,,,,,,,,927.0,683.0,814.0,158.0,166.0,,,,,,,,,,
Prod_Diagnostic_10.txt,25-03-420,FCAM,0X2DEE,Voltage fault,Voltage,Active,21,18,2,2026-05-15 08:23:00,361,,,,725.0,,,,,,,,,,,,,,,,,,,,189.0,211.0,576.0,36.0,,,,,,,,,,,,,,,,,,,,,,,,,,,,,,,,
Prod_Diagnostic_10.txt,25-03-420,FCAM,0X6806,Sensor range fault,Sensor,Active,24,14,5,2026-05-06 17:19:00,424,,,,415.0,,,,,,,,,,,,,,,,,,,,125.0,943.0,26.0,954.0,,,,,,,,,,,,,,,,,,,,,,,,,,,,,,,,
Prod_Diagnostic_10.txt,25-03-420,FCAM,0XD4BD,FCAM specific fault 3,ECU Specific/Other,Active,30,10,2,2026-05-01 23:34:00,370,,,,723.0,,,,,,,,,,,,,,,,,,,,520.0,340.0,663.0,303.0,,,,,,,,,,,,,,,,,,,,,,,,,,,,,,,,
Prod_Diagnostic_10.txt,25-03-420,FCAM,0XF55E,FCAM specific fault 4,ECU Specific/Other,Stored,49,18,2,2026-05-26 18:46:00,189,,,,347.0,,,,,,,,,,,,,,,,,,,,929.0,945.0,453.0,706.0,,,,,,,,,,,,,,,,,,,,,,,,,,,,,,,,
Prod_Diagnostic_10.txt,25-03-420,FCAM,0XCB4C,Communication fault,Communication,Stored,3,4,5,2026-05-04 09:01:00,203,,,,226.0,,,,,,,,,,,,,,,,,,,,412.0,633.0,862.0,457.0,,,,,,,,,,,,,,,,,,,,,,,,,,,,,,,,
Prod_Diagnostic_10.txt,25-03-420,SRS,0X27AC,Sensor range fault,Sensor,Stored,4,19,2,2026-05-19 16:14:00,144,,,,,,,,,,,,,,,,,,,,,,,,,,,,,,,,,,,,,,,,,,,,285.0,,,,,801.0,,,,,,,,959.0,786.0,201.0
Prod_Diagnostic_10.txt,25-03-420,SRS,0X2566,Communication fault,Communication,Intermittent,29,2,5,2026-05-13 06:31:00,329,,,,,,,,,,,,,,,,,,,,,,,,,,,,,,,,,,,,,,,,,,,,524.0,,,,,326.0,,,,,,,,618.0,620.0,967.0
Prod_Diagnostic_10.txt,25-03-420,SRS,0XF88F,Communication fault,Communication,Intermittent,24,12,2,2026-05-23 13:23:00,264,,,,,,,,,,,,,,,,,,,,,,,,,,,,,,,,,,,,,,,,,,,,292.0,,,,,396.0,,,,,,,,382.0,13.0,354.0
Prod_Diagnostic_10.txt,25-03-420,SRS,0X5EDE,Sensor range fault,Sensor,Stored,36,2,2,2026-05-24 14:47:00,176,,,,,,,,,,,,,,,,,,,,,,,,,,,,,,,,,,,,,,,,,,,,296.0,,,,,426.0,,,,,,,,823.0,454.0,168.0
Prod_Diagnostic_10.txt,25-03-420,SRS,0XCA85,SRS specific fault 5,ECU Specific/Other,Stored,9,18,5,2026-05-03 04:13:00,209,,,,,,,,,,,,,,,,,,,,,,,,,,,,,,,,,,,,,,,,,,,,538.0,,,,,311.0,,,,,,,,487.0,889.0,344.0
Prod_Diagnostic_10.txt,25-03-420,GW,0XFEE3,Communication fault,Communication,Intermittent,49,12,1,2026-05-01 13:40:00,269,,,,,425.0,937.0,280.0,180.0,570.0,,,,,,,,,,,,,,,,,,,,,,,,,,,,,,,,,,,,,,,,,,,,,,,,,,
Prod_Diagnostic_10.txt,25-03-420,GW,0XC5D2,GW specific fault 2,ECU Specific/Other,Intermittent,49,4,2,2026-05-06 12:18:00,289,,,,,44.0,568.0,503.0,843.0,847.0,,,,,,,,,,,,,,,,,,,,,,,,,,,,,,,,,,,,,,,,,,,,,,,,,,
Prod_Diagnostic_10.txt,25-03-420,GW,0XE5A7,Sensor range fault,Sensor,Intermittent,20,15,5,2026-05-24 14:14:00,320,,,,,3.0,28.0,811.0,158.0,269.0,,,,,,,,,,,,,,,,,,,,,,,,,,,,,,,,,,,,,,,,,,,,,,,,,,
Prod_Diagnostic_10.txt,25-03-420,GW,0XB3FB,Sensor range fault,Sensor,Intermittent,31,3,3,2026-05-14 05:31:00,291,,,,,661.0,929.0,705.0,251.0,30.0,,,,,,,,,,,,,,,,,,,,,,,,,,,,,,,,,,,,,,,,,,,,,,,,,,
Prod_Diagnostic_10.txt,25-03-420,GW,0XD3C4,Communication fault,Communication,Stored,32,2,5,2026-05-24 11:37:00,232,,,,,447.0,493.0,580.0,890.0,265.0,,,,,,,,,,,,,,,,,,,,,,,,,,,,,,,,,,,,,,,,,,,,,,,,,,
Prod_Diagnostic_10.txt,25-03-420,RADAR,0XC1BA,RADAR specific fault 1,ECU Specific/Other,Active,24,16,5,2026-05-01 08:10:00,424,,,,328.0,,,,,,,,,,,,,,,,,,,,,,,,,,,,,,,,,,,,150.0,,,,,,,,,,596.0,60.0,473.0,,,,,,,
Prod_Diagnostic_10.txt,25-03-420,RADAR,0X6B7D,Voltage fault,Voltage,Active,4,8,3,2026-05-14 20:58:00,364,,,,297.0,,,,,,,,,,,,,,,,,,,,,,,,,,,,,,,,,,,,50.0,,,,,,,,,,979.0,365.0,299.0,,,,,,,
Prod_Diagnostic_10.txt,25-03-420,RADAR,0XB391,RADAR performance issue 3,Performance,Active,33,6,2,2026-05-25 03:38:00,373,,,,331.0,,,,,,,,,,,,,,,,,,,,,,,,,,,,,,,,,,,,557.0,,,,,,,,,,771.0,172.0,894.0,,,,,,,
Prod_Diagnostic_10.txt,25-03-420,RADAR,0XE3AA,Sensor range fault,Sensor,Intermittent,20,8,3,2026-05-04 17:37:00,280,,,,14.0,,,,,,,,,,,,,,,,,,,,,,,,,,,,,,,,,,,,148.0,,,,,,,,,,361.0,844.0,141.0,,,,,,,
Prod_Diagnostic_10.txt,25-03-420,RADAR,0X580A,RADAR performance issue 5,Performance,Stored,50,15,4,2026-05-11 05:06:00,230,,,,227.0,,,,,,,,,,,,,,,,,,,,,,,,,,,,,,,,,,,,516.0,,,,,,,,,,224.0,159.0,852.0,,,,,,,
Prod_Diagnostic_10.txt,25-03-420,OBC,0XDB8C,Voltage fault,Voltage,Intermittent,40,16,5,2026-05-23 17:44:00,340,,,,,,,,,,,,,,,775.0,822.0,117.0,428.0,472.0,,,,,,,,,,,,,,,,,,,,,,,,,,,,,,,,,,,,,,,,
Prod_Diagnostic_10.txt,25-03-420,OBC,0X2DD7,Communication fault,Communication,Active,2,15,3,2026-05-10 22:23:00,362,,,,,,,,,,,,,,,143.0,837.0,453.0,912.0,612.0,,,,,,,,,,,,,,,,,,,,,,,,,,,,,,,,,,,,,,,,
Prod_Diagnostic_10.txt,25-03-420,OBC,0XD37A,OBC performance issue 3,Performance,Stored,12,9,1,2026-05-24 03:14:00,132,,,,,,,,,,,,,,,132.0,878.0,711.0,146.0,705.0,,,,,,,,,,,,,,,,,,,,,,,,,,,,,,,,,,,,,,,,
Prod_Diagnostic_10.txt,25-03-420,OBC,0X5EB3,Voltage fault,Voltage,Active,14,4,1,2026-05-14 22:48:00,334,,,,,,,,,,,,,,,803.0,115.0,80.0,20.0,794.0,,,,,,,,,,,,,,,,,,,,,,,,,,,,,,,,,,,,,,,,
Prod_Diagnostic_10.txt,25-03-420,OBC,0XD1E0,OBC specific fault 5,ECU Specific/Other,Stored,3,6,1,2026-05-02 21:32:00,123,,,,,,,,,,,,,,,608.0,61.0,481.0,122.0,931.0,,,,,,,,,,,,,,,,,,,,,,,,,,,,,,,,,,,,,,,,
Prod_Diagnostic_10.txt,25-03-420,BMS,0X1B14,Sensor range fault,Sensor,Active,20,0,1,2026-05-26 03:58:00,340,,,,,,,,,,,,,,,,,,617.0,,,,,,,,,,,,,,,,,,,,,,,,,,,,,,,,,,,211.0,602.0,923.0,205.0,,,
Prod_Diagnostic_10.txt,25-03-420,BMS,0XBBAC,Voltage fault,Voltage,Stored,2,2,2,2026-05-28 23:17:00,142,,,,,,,,,,,,,,,,,,972.0,,,,,,,,,,,,,,,,,,,,,,,,,,,,,,,,,,,594.0,357.0,361.0,165.0,,,
Prod_Diagnostic_10.txt,25-03-420,BMS,0XD7E2,BMS performance issue 3,Performance,Intermittent,40,7,5,2026-05-19 02:06:00,340,,,,,,,,,,,,,,,,,,840.0,,,,,,,,,,,,,,,,,,,,,,,,,,,,,,,,,,,593.0,782.0,15.0,542.0,,,
Prod_Diagnostic_10.txt,25-03-420,BMS,0XC73F,Voltage fault,Voltage,Active,19,5,5,2026-05-01 23:06:00,419,,,,,,,,,,,,,,,,,,947.0,,,,,,,,,,,,,,,,,,,,,,,,,,,,,,,,,,,220.0,943.0,517.0,872.0,,,
Prod_Diagnostic_10.txt,25-03-420,BMS,0X6DD0,BMS specific fault 5,ECU Specific/Other,Intermittent,38,5,4,2026-05-22 03:11:00,318,,,,,,,,,,,,,,,,,,855.0,,,,,,,,,,,,,,,,,,,,,,,,,,,,,,,,,,,364.0,389.0,435.0,220.0,,,
Prod_Diagnostic_10.txt,25-03-420,ECM,0X4A40,ECM performance issue 1,Performance,Stored,8,10,1,2026-05-15 03:33:00,128,,,,,,,,,,140.0,508.0,781.0,370.0,722.0,,,,,,,,,,,,,,,,,,,,,,,,,,,,,,,,,,,,,,,,,,,,,
Prod_Diagnostic_10.txt,25-03-420,ECM,0X9EA0,Sensor range fault,Sensor,Intermittent,3,2,3,2026-05-16 03:24:00,263,,,,,,,,,,291.0,468.0,615.0,754.0,320.0,,,,,,,,,,,,,,,,,,,,,,,,,,,,,,,,,,,,,,,,,,,,,
Prod_Diagnostic_10.txt,25-03-420,ECM,0X49D2,ECM specific fault 3,ECU Specific/Other,Intermittent,27,9,4,2026-05-07 02:57:00,307,,,,,,,,,,862.0,822.0,488.0,962.0,696.0,,,,,,,,,,,,,,,,,,,,,,,,,,,,,,,,,,,,,,,,,,,,,
Prod_Diagnostic_10.txt,25-03-420,ECM,0X3DE6,Sensor range fault,Sensor,Active,44,15,1,2026-05-13 14:33:00,364,,,,,,,,,,675.0,693.0,88.0,123.0,147.0,,,,,,,,,,,,,,,,,,,,,,,,,,,,,,,,,,,,,,,,,,,,,
Prod_Diagnostic_10.txt,25-03-420,ECM,0X768F,ECM specific fault 5,ECU Specific/Other,Intermittent,38,3,2,2026-05-03 11:12:00,278,,,,,,,,,,347.0,206.0,610.0,865.0,414.0,,,,,,,,,,,,,,,,,,,,,,,,,,,,,,,,,,,,,,,,,,,,,
Prod_Diagnostic_10.txt,25-03-420,EPS,0X4B9D,Communication fault,Communication,Stored,47,15,3,2026-05-25 22:49:00,207,,,,809.0,,,,,,,,,,,,,,,,,,,,,,,,,,,,,,,,,,,,,596.0,608.0,280.0,775.0,,,,,,,,,,,,,,,
Prod_Diagnostic_10.txt,25-03-420,EPS,0X6B29,EPS specific fault 2,ECU Specific/Other,Stored,43,19,4,2026-05-16 16:17:00,223,,,,126.0,,,,,,,,,,,,,,,,,,,,,,,,,,,,,,,,,,,,,151.0,787.0,466.0,111.0,,,,,,,,,,,,,,,
Prod_Diagnostic_10.txt,25-03-420,EPS,0X8D45,Sensor range fault,Sensor,Stored,15,20,2,2026-05-01 03:47:00,155,,,,695.0,,,,,,,,,,,,,,,,,,,,,,,,,,,,,,,,,,,,,55.0,851.0,70.0,511.0,,,,,,,,,,,,,,,
Prod_Diagnostic_10.txt,25-03-420,EPS,0X3DD9,Communication fault,Communication,Stored,39,10,2,2026-05-10 19:39:00,179,,,,770.0,,,,,,,,,,,,,,,,,,,,,,,,,,,,,,,,,,,,,99.0,779.0,79.0,677.0,,,,,,,,,,,,,,,
Prod_Diagnostic_10.txt,25-03-420,EPS,0XD47F,EPS performance issue 5,Performance,Stored,30,6,3,2026-05-22 15:31:00,190,,,,829.0,,,,,,,,,,,,,,,,,,,,,,,,,,,,,,,,,,,,,517.0,268.0,556.0,352.0,,,,,,,,,,,,,,,
Prod_Diagnostic_10.txt,25-03-420,TCU,0X9BEF,TCU performance issue 1,Performance,Active,49,1,4,2026-05-04 12:28:00,429,323.0,874.0,386.0,454.0,471.0,,,,,,,,,,,,,,,,,,,,,,,,,,,,,,,,,,,,,,,,,,,,,,,,,,,,,,
Prod_Diagnostic_10.txt,25-03-420,TCU,0X1869,Communication fault,Communication,Active,36,9,2,2026-05-16 13:08:00,376,320.0,733.0,399.0,500.0,783.0,,,,,,,,,,,,,,,,,,,,,,,,,,,,,,,,,,,,,,,,,,,,,,,,,,,,,,
Prod_Diagnostic_10.txt,25-03-420,TCU,0XA1A0,Communication fault,Communication,Intermittent,32,17,5,2026-05-19 15:30:00,332,576.0,875.0,161.0,519.0,58.0,,,,,,,,,,,,,,,,,,,,,,,,,,,,,,,,,,,,,,,,,,,,,,,,,,,,,,
Prod_Diagnostic_10.txt,25-03-420,TCU,0X536D,TCU specific fault 4,ECU Specific/Other,Stored,38,12,5,2026-05-22 11:49:00,238,292.0,329.0,63.0,29.0,605.0,,,,,,,,,,,,,,,,,,,,,,,,,,,,,,,,,,,,,,,,,,,,,,,,,,,,,,
Prod_Diagnostic_10.txt,25-03-420,TCU,0X30D1,Communication fault,Communication,Stored,23,18,1,2026-05-25 20:21:00,143,390.0,100.0,439.0,354.0,366.0,,,,,,,,,,,,,,,,,,,,,,,,,,,,,,,,,,,,,,,,,,,,,,,,,,,,,,
Prod_Diagnostic_11.txt,25-11-601,TCU,0XD840,TCU specific fault 1,ECU Specific/Other,Active,4,2,3,2026-05-20 09:55:00,364,66.0,923.0,979.0,417.0,919.0,,,,,,,,,,,,,,,,,,,,,,,,,,,,,,,,,,,,,,,,,,,,,,,,,,,,,,
Prod_Diagnostic_11.txt,25-11-601,TCU,0XBBF2,Sensor range fault,Sensor,Intermittent,6,12,2,2026-05-08 03:36:00,246,753.0,513.0,956.0,124.0,535.0,,,,,,,,,,,,,,,,,,,,,,,,,,,,,,,,,,,,,,,,,,,,,,,,,,,,,,
Prod_Diagnostic_11.txt,25-11-601,TCU,0XD66D,TCU performance issue 3,Performance,Intermittent,17,15,1,2026-05-08 19:07:00,237,792.0,827.0,321.0,338.0,853.0,,,,,,,,,,,,,,,,,,,,,,,,,,,,,,,,,,,,,,,,,,,,,,,,,,,,,,
Prod_Diagnostic_11.txt,25-11-601,TCU,0XCCBB,TCU performance issue 4,Performance,Stored,48,7,4,2026-05-07 04:06:00,228,180.0,220.0,994.0,282.0,451.0,,,,,,,,,,,,,,,,,,,,,,,,,,,,,,,,,,,,,,,,,,,,,,,,,,,,,,
Prod_Diagnostic_11.txt,25-11-601,TCU,0X511A,TCU specific fault 5,ECU Specific/Other,Intermittent,4,15,5,2026-05-12 22:07:00,304,325.0,559.0,434.0,487.0,700.0,,,,,,,,,,,,,,,,,,,,,,,,,,,,,,,,,,,,,,,,,,,,,,,,,,,,,,
Prod_Diagnostic_11.txt,25-11-601,BMS,0X5719,Voltage fault,Voltage,Active,24,15,3,2026-05-27 09:01:00,384,,,,,,,,,,,,,,,,,,661.0,,,,,,,,,,,,,,,,,,,,,,,,,,,,,,,,,,,991.0,927.0,621.0,36.0,,,
Prod_Diagnostic_11.txt,25-11-601,BMS,0XC0D0,Communication fault,Communication,Intermittent,16,8,5,2026-05-13 09:40:00,316,,,,,,,,,,,,,,,,,,982.0,,,,,,,,,,,,,,,,,,,,,,,,,,,,,,,,,,,718.0,372.0,925.0,832.0,,,
Prod_Diagnostic_11.txt,25-11-601,BMS,0X98EF,Communication fault,Communication,Active,29,12,1,2026-05-13 08:19:00,349,,,,,,,,,,,,,,,,,,93.0,,,,,,,,,,,,,,,,,,,,,,,,,,,,,,,,,,,959.0,843.0,775.0,242.0,,,
Prod_Diagnostic_11.txt,25-11-601,BMS,0X45DB,Sensor range fault,Sensor,Active,29,20,3,2026-05-26 20:26:00,389,,,,,,,,,,,,,,,,,,809.0,,,,,,,,,,,,,,,,,,,,,,,,,,,,,,,,,,,35.0,281.0,888.0,83.0,,,
Prod_Diagnostic_11.txt,25-11-601,BMS,0X8899,BMS specific fault 5,ECU Specific/Other,Intermittent,27,10,4,2026-05-27 03:52:00,307,,,,,,,,,,,,,,,,,,165.0,,,,,,,,,,,,,,,,,,,,,,,,,,,,,,,,,,,716.0,268.0,519.0,68.0,,,
Prod_Diagnostic_11.txt,25-11-601,ECM,0X7BBE,Sensor range fault,Sensor,Intermittent,47,17,3,2026-05-15 22:01:00,307,,,,,,,,,,781.0,54.0,657.0,657.0,189.0,,,,,,,,,,,,,,,,,,,,,,,,,,,,,,,,,,,,,,,,,,,,,
Prod_Diagnostic_11.txt,25-11-601,ECM,0XDA80,ECM specific fault 2,ECU Specific/Other,Intermittent,9,0,4,2026-05-07 20:19:00,289,,,,,,,,,,322.0,590.0,85.0,114.0,162.0,,,,,,,,,,,,,,,,,,,,,,,,,,,,,,,,,,,,,,,,,,,,,
Prod_Diagnostic_11.txt,25-11-601,ECM,0X9430,Voltage fault,Voltage,Intermittent,50,20,2,2026-05-28 19:43:00,290,,,,,,,,,,421.0,812.0,962.0,328.0,463.0,,,,,,,,,,,,,,,,,,,,,,,,,,,,,,,,,,,,,,,,,,,,,
Prod_Diagnostic_11.txt,25-11-601,ECM,0XEF9E,ECM specific fault 4,ECU Specific/Other,Intermittent,9,8,2,2026-05-22 18:52:00,249,,,,,,,,,,336.0,819.0,289.0,204.0,87.0,,,,,,,,,,,,,,,,,,,,,,,,,,,,,,,,,,,,,,,,,,,,,
Prod_Diagnostic_11.txt,25-11-601,ECM,0X6E1B,ECM specific fault 5,ECU Specific/Other,Active,26,12,5,2026-05-08 00:01:00,426,,,,,,,,,,946.0,572.0,663.0,627.0,642.0,,,,,,,,,,,,,,,,,,,,,,,,,,,,,,,,,,,,,,,,,,,,,
Prod_Diagnostic_11.txt,25-11-601,SRS,0XF826,Voltage fault,Voltage,Active,30,6,3,2026-05-23 05:03:00,390,,,,,,,,,,,,,,,,,,,,,,,,,,,,,,,,,,,,,,,,,,,,615.0,,,,,411.0,,,,,,,,633.0,440.0,267.0
Prod_Diagnostic_11.txt,25-11-601,SRS,0X26CC,Voltage fault,Voltage,Stored,11,18,1,2026-05-01 22:33:00,131,,,,,,,,,,,,,,,,,,,,,,,,,,,,,,,,,,,,,,,,,,,,951.0,,,,,446.0,,,,,,,,792.0,943.0,465.0
Prod_Diagnostic_11.txt,25-11-601,SRS,0X2E56,SRS specific fault 3,ECU Specific/Other,Active,46,6,2,2026-05-28 08:18:00,386,,,,,,,,,,,,,,,,,,,,,,,,,,,,,,,,,,,,,,,,,,,,134.0,,,,,765.0,,,,,,,,507.0,392.0,442.0
Prod_Diagnostic_11.txt,25-11-601,SRS,0XA99F,Voltage fault,Voltage,Active,19,6,4,2026-05-06 13:50:00,399,,,,,,,,,,,,,,,,,,,,,,,,,,,,,,,,,,,,,,,,,,,,269.0,,,,,150.0,,,,,,,,30.0,298.0,242.0
Prod_Diagnostic_11.txt,25-11-601,SRS,0X8373,SRS performance issue 5,Performance,Active,24,18,4,2026-05-03 00:30:00,404,,,,,,,,,,,,,,,,,,,,,,,,,,,,,,,,,,,,,,,,,,,,998.0,,,,,137.0,,,,,,,,893.0,332.0,710.0
Prod_Diagnostic_11.txt,25-11-601,HVAC,0XBFD5,HVAC specific fault 1,ECU Specific/Other,Active,46,12,4,2026-05-24 19:16:00,426,,,,,,,,,,,,,,,,,,,,,,,,,,,,75.0,98.0,571.0,61.0,54.0,,,,,,,,,,,,,,,,,,,,,,,,,,,
Prod_Diagnostic_11.txt,25-11-601,HVAC,0XFE5A,Sensor range fault,Sensor,Active,31,11,5,2026-05-22 19:45:00,431,,,,,,,,,,,,,,,,,,,,,,,,,,,,767.0,830.0,47.0,6.0,260.0,,,,,,,,,,,,,,,,,,,,,,,,,,,
Prod_Diagnostic_11.txt,25-11-601,HVAC,0XAEA1,HVAC performance issue 3,Performance,Stored,20,12,3,2026-05-05 17:02:00,180,,,,,,,,,,,,,,,,,,,,,,,,,,,,595.0,184.0,267.0,174.0,516.0,,,,,,,,,,,,,,,,,,,,,,,,,,,
Prod_Diagnostic_11.txt,25-11-601,HVAC,0XFE29,HVAC specific fault 4,ECU Specific/Other,Stored,30,4,1,2026-05-11 22:33:00,150,,,,,,,,,,,,,,,,,,,,,,,,,,,,444.0,146.0,267.0,120.0,321.0,,,,,,,,,,,,,,,,,,,,,,,,,,,
Prod_Diagnostic_11.txt,25-11-601,HVAC,0X30BC,Communication fault,Communication,Stored,18,11,4,2026-05-10 08:39:00,198,,,,,,,,,,,,,,,,,,,,,,,,,,,,850.0,780.0,949.0,271.0,530.0,,,,,,,,,,,,,,,,,,,,,,,,,,,
Prod_Diagnostic_11.txt,25-11-601,OBC,0X7F8E,Sensor range fault,Sensor,Active,21,15,2,2026-05-18 21:40:00,361,,,,,,,,,,,,,,,818.0,451.0,55.0,194.0,153.0,,,,,,,,,,,,,,,,,,,,,,,,,,,,,,,,,,,,,,,,
Prod_Diagnostic_11.txt,25-11-601,OBC,0X4AD8,Communication fault,Communication,Active,3,15,3,2026-05-06 22:29:00,363,,,,,,,,,,,,,,,447.0,119.0,917.0,950.0,507.0,,,,,,,,,,,,,,,,,,,,,,,,,,,,,,,,,,,,,,,,
Prod_Diagnostic_11.txt,25-11-601,OBC,0X8107,Communication fault,Communication,Stored,46,17,4,2026-05-15 15:07:00,226,,,,,,,,,,,,,,,867.0,738.0,888.0,152.0,127.0,,,,,,,,,,,,,,,,,,,,,,,,,,,,,,,,,,,,,,,,
Prod_Diagnostic_11.txt,25-11-601,OBC,0X27F4,Sensor range fault,Sensor,Active,19,5,2,2026-05-24 16:52:00,359,,,,,,,,,,,,,,,280.0,577.0,913.0,680.0,600.0,,,,,,,,,,,,,,,,,,,,,,,,,,,,,,,,,,,,,,,,
Prod_Diagnostic_11.txt,25-11-601,OBC,0XA563,Voltage fault,Voltage,Active,34,18,2,2026-05-14 02:15:00,374,,,,,,,,,,,,,,,787.0,511.0,694.0,97.0,909.0,,,,,,,,,,,,,,,,,,,,,,,,,,,,,,,,,,,,,,,,
Prod_Diagnostic_11.txt,25-11-601,GW,0X16A5,Sensor range fault,Sensor,Stored,44,3,4,2026-05-12 18:59:00,224,,,,,858.0,975.0,109.0,332.0,158.0,,,,,,,,,,,,,,,,,,,,,,,,,,,,,,,,,,,,,,,,,,,,,,,,,,
Prod_Diagnostic_11.txt,25-11-601,GW,0X24C0,Communication fault,Communication,Stored,46,15,4,2026-05-21 08:38:00,226,,,,,338.0,674.0,6.0,994.0,45.0,,,,,,,,,,,,,,,,,,,,,,,,,,,,,,,,,,,,,,,,,,,,,,,,,,
Prod_Diagnostic_11.txt,25-11-601,GW,0X83FE,GW performance issue 3,Performance,Stored,47,18,2,2026-05-07 01:51:00,187,,,,,331.0,660.0,290.0,818.0,57.0,,,,,,,,,,,,,,,,,,,,,,,,,,,,,,,,,,,,,,,,,,,,,,,,,,
Prod_Diagnostic_11.txt,25-11-601,GW,0X9C12,Communication fault,Communication,Intermittent,25,2,4,2026-05-09 05:15:00,305,,,,,887.0,989.0,790.0,409.0,92.0,,,,,,,,,,,,,,,,,,,,,,,,,,,,,,,,,,,,,,,,,,,,,,,,,,
Prod_Diagnostic_11.txt,25-11-601,GW,0XEA33,Communication fault,Communication,Active,11,12,4,2026-05-10 20:48:00,391,,,,,158.0,978.0,670.0,124.0,306.0,,,,,,,,,,,,,,,,,,,,,,,,,,,,,,,,,,,,,,,,,,,,,,,,,,
Prod_Diagnostic_11.txt,25-11-601,ABS,0XDD14,ABS specific fault 1,ECU Specific/Other,Stored,48,9,5,2026-05-05 11:42:00,248,,,,,,,,,,,,,,,,,,,,,,,,,,,,,,,,,,,,,,,,,,,,,99.0,853.0,377.0,525.0,205.0,,,,,,,,,,
Prod_Diagnostic_11.txt,25-11-601,ABS,0X8208,ABS specific fault 2,ECU Specific/Other,Stored,31,8,5,2026-05-20 13:05:00,231,,,,,,,,,,,,,,,,,,,,,,,,,,,,,,,,,,,,,,,,,,,,,775.0,433.0,831.0,378.0,629.0,,,,,,,,,,
Prod_Diagnostic_11.txt,25-11-601,ABS,0X7F21,Voltage fault,Voltage,Intermittent,28,2,1,2026-05-17 10:29:00,248,,,,,,,,,,,,,,,,,,,,,,,,,,,,,,,,,,,,,,,,,,,,,693.0,230.0,664.0,703.0,731.0,,,,,,,,,,
Prod_Diagnostic_11.txt,25-11-601,ABS,0XFE40,Voltage fault,Voltage,Stored,34,20,5,2026-05-03 09:29:00,234,,,,,,,,,,,,,,,,,,,,,,,,,,,,,,,,,,,,,,,,,,,,,448.0,82.0,929.0,821.0,490.0,,,,,,,,,,
Prod_Diagnostic_11.txt,25-11-601,ABS,0X360B,Sensor range fault,Sensor,Active,44,9,2,2026-05-17 13:18:00,384,,,,,,,,,,,,,,,,,,,,,,,,,,,,,,,,,,,,,,,,,,,,,583.0,49.0,565.0,79.0,940.0,,,,,,,,,,
Prod_Diagnostic_11.txt,25-11-601,RADAR,0X936F,Communication fault,Communication,Active,33,13,4,2026-05-04 14:42:00,413,,,,260.0,,,,,,,,,,,,,,,,,,,,,,,,,,,,,,,,,,,,833.0,,,,,,,,,,738.0,583.0,364.0,,,,,,,
Prod_Diagnostic_11.txt,25-11-601,RADAR,0XA5E7,Sensor range fault,Sensor,Active,50,16,1,2026-05-04 23:42:00,370,,,,187.0,,,,,,,,,,,,,,,,,,,,,,,,,,,,,,,,,,,,806.0,,,,,,,,,,474.0,184.0,864.0,,,,,,,
Prod_Diagnostic_11.txt,25-11-601,RADAR,0X1B96,RADAR specific fault 3,ECU Specific/Other,Active,27,9,3,2026-05-19 23:29:00,387,,,,639.0,,,,,,,,,,,,,,,,,,,,,,,,,,,,,,,,,,,,461.0,,,,,,,,,,776.0,687.0,828.0,,,,,,,
Prod_Diagnostic_11.txt,25-11-601,RADAR,0X6761,Sensor range fault,Sensor,Active,14,5,1,2026-05-24 19:16:00,334,,,,445.0,,,,,,,,,,,,,,,,,,,,,,,,,,,,,,,,,,,,109.0,,,,,,,,,,893.0,690.0,548.0,,,,,,,
Prod_Diagnostic_11.txt,25-11-601,RADAR,0X117F,Communication fault,Communication,Stored,8,0,2,2026-05-21 15:29:00,148,,,,674.0,,,,,,,,,,,,,,,,,,,,,,,,,,,,,,,,,,,,890.0,,,,,,,,,,709.0,415.0,989.0,,,,,,,
Prod_Diagnostic_11.txt,25-11-601,BCM,0XC9D5,BCM performance issue 1,Performance,Stored,20,19,5,2026-05-12 22:43:00,220,,,,,,,,,405.0,,,,,,,,,,,987.0,707.0,692.0,824.0,,,,,,,,,,,,,,,,,,,,,,,,,,,,,,,,,,,,
Prod_Diagnostic_11.txt,25-11-601,BCM,0X266F,Sensor range fault,Sensor,Active,9,0,2,2026-05-04 00:44:00,349,,,,,,,,,28.0,,,,,,,,,,,994.0,193.0,880.0,215.0,,,,,,,,,,,,,,,,,,,,,,,,,,,,,,,,,,,,
Prod_Diagnostic_11.txt,25-11-601,BCM,0XB60C,BCM specific fault 3,ECU Specific/Other,Active,42,7,4,2026-05-27 20:54:00,422,,,,,,,,,89.0,,,,,,,,,,,809.0,552.0,196.0,309.0,,,,,,,,,,,,,,,,,,,,,,,,,,,,,,,,,,,,
Prod_Diagnostic_11.txt,25-11-601,BCM,0X35EE,BCM specific fault 4,ECU Specific/Other,Stored,28,0,1,2026-05-06 04:47:00,148,,,,,,,,,497.0,,,,,,,,,,,720.0,456.0,987.0,483.0,,,,,,,,,,,,,,,,,,,,,,,,,,,,,,,,,,,,
Prod_Diagnostic_11.txt,25-11-601,BCM,0XEC1B,Communication fault,Communication,Stored,38,7,2,2026-05-10 18:53:00,178,,,,,,,,,342.0,,,,,,,,,,,854.0,402.0,53.0,9.0,,,,,,,,,,,,,,,,,,,,,,,,,,,,,,,,,,,,
Prod_Diagnostic_11.txt,25-11-601,ADAS,0XB162,Communication fault,Communication,Intermittent,28,13,4,2026-05-24 18:38:00,308,,,,500.0,38.0,,,,,,,,,,,,,,,,,,,,,,,,,,,,,,,,,749.0,568.0,298.0,,,,,,,,,,,,,,,,,,,
Prod_Diagnostic_11.txt,25-11-601,ADAS,0X8C71,ADAS specific fault 2,ECU Specific/Other,Intermittent,38,19,4,2026-05-08 22:03:00,318,,,,324.0,591.0,,,,,,,,,,,,,,,,,,,,,,,,,,,,,,,,,541.0,20.0,433.0,,,,,,,,,,,,,,,,,,,
Prod_Diagnostic_11.txt,25-11-601,ADAS,0X2042,ADAS performance issue 3,Performance,Stored,42,13,4,2026-05-04 15:39:00,222,,,,715.0,460.0,,,,,,,,,,,,,,,,,,,,,,,,,,,,,,,,,962.0,662.0,356.0,,,,,,,,,,,,,,,,,,,
Prod_Diagnostic_11.txt,25-11-601,ADAS,0X1553,ADAS specific fault 4,ECU Specific/Other,Active,19,6,4,2026-05-12 14:14:00,399,,,,702.0,931.0,,,,,,,,,,,,,,,,,,,,,,,,,,,,,,,,,520.0,225.0,602.0,,,,,,,,,,,,,,,,,,,
Prod_Diagnostic_11.txt,25-11-601,ADAS,0XFBF6,Sensor range fault,Sensor,Intermittent,46,14,2,2026-05-10 23:45:00,286,,,,964.0,854.0,,,,,,,,,,,,,,,,,,,,,,,,,,,,,,,,,400.0,983.0,427.0,,,,,,,,,,,,,,,,,,,
Prod_Diagnostic_11.txt,25-11-601,TCM,0XDBC4,Sensor range fault,Sensor,Stored,11,19,2,2026-05-10 22:47:00,151,,,,,,,,,,,,,,,,,,,,,,,,,,,,,,,,,89.0,684.0,495.0,133.0,178.0,,,,,,,,,,,,,,,,,,,,,,
Prod_Diagnostic_11.txt,25-11-601,TCM,0X3804,Voltage fault,Voltage,Intermittent,32,3,4,2026-05-16 09:15:00,312,,,,,,,,,,,,,,,,,,,,,,,,,,,,,,,,,215.0,571.0,49.0,19.0,368.0,,,,,,,,,,,,,,,,,,,,,,
Prod_Diagnostic_11.txt,25-11-601,TCM,0X6B67,Sensor range fault,Sensor,Intermittent,11,5,5,2026-05-02 02:21:00,311,,,,,,,,,,,,,,,,,,,,,,,,,,,,,,,,,441.0,117.0,633.0,233.0,124.0,,,,,,,,,,,,,,,,,,,,,,
Prod_Diagnostic_11.txt,25-11-601,TCM,0X495E,TCM performance issue 4,Performance,Stored,17,10,3,2026-05-25 01:49:00,177,,,,,,,,,,,,,,,,,,,,,,,,,,,,,,,,,899.0,571.0,274.0,918.0,155.0,,,,,,,,,,,,,,,,,,,,,,
Prod_Diagnostic_11.txt,25-11-601,TCM,0XAAB2,TCM performance issue 5,Performance,Intermittent,7,1,4,2026-05-26 14:53:00,287,,,,,,,,,,,,,,,,,,,,,,,,,,,,,,,,,774.0,114.0,999.0,109.0,801.0,,,,,,,,,,,,,,,,,,,,,,
Prod_Diagnostic_12.txt,24-07-510,ABS,0XCCCD,ABS performance issue 1,Performance,Active,7,10,5,2026-05-19 06:52:00,407,,,,,,,,,,,,,,,,,,,,,,,,,,,,,,,,,,,,,,,,,,,,,798.0,370.0,466.0,101.0,151.0,,,,,,,,,,
Prod_Diagnostic_12.txt,24-07-510,ABS,0XE414,ABS specific fault 2,ECU Specific/Other,Stored,6,2,1,2026-05-14 04:30:00,126,,,,,,,,,,,,,,,,,,,,,,,,,,,,,,,,,,,,,,,,,,,,,220.0,457.0,80.0,379.0,694.0,,,,,,,,,,
Prod_Diagnostic_12.txt,24-07-510,ABS,0X771A,ABS performance issue 3,Performance,Intermittent,36,16,4,2026-05-28 08:37:00,316,,,,,,,,,,,,,,,,,,,,,,,,,,,,,,,,,,,,,,,,,,,,,511.0,652.0,434.0,451.0,706.0,,,,,,,,,,
Prod_Diagnostic_12.txt,24-07-510,ABS,0XCB51,ABS specific fault 4,ECU Specific/Other,Stored,11,4,5,2026-05-05 15:45:00,211,,,,,,,,,,,,,,,,,,,,,,,,,,,,,,,,,,,,,,,,,,,,,469.0,133.0,992.0,722.0,526.0,,,,,,,,,,
Prod_Diagnostic_12.txt,24-07-510,ABS,0X2E39,ABS performance issue 5,Performance,Intermittent,14,14,4,2026-05-02 23:10:00,294,,,,,,,,,,,,,,,,,,,,,,,,,,,,,,,,,,,,,,,,,,,,,967.0,573.0,379.0,944.0,975.0,,,,,,,,,,
Prod_Diagnostic_12.txt,24-07-510,FCAM,0XAA02,Communication fault,Communication,Stored,8,3,3,2026-05-19 09:02:00,168,,,,381.0,,,,,,,,,,,,,,,,,,,,536.0,157.0,121.0,313.0,,,,,,,,,,,,,,,,,,,,,,,,,,,,,,,,
Prod_Diagnostic_12.txt,24-07-510,FCAM,0X5DA2,Sensor range fault,Sensor,Stored,32,0,2,2026-05-05 18:26:00,172,,,,313.0,,,,,,,,,,,,,,,,,,,,50.0,960.0,916.0,911.0,,,,,,,,,,,,,,,,,,,,,,,,,,,,,,,,
Prod_Diagnostic_12.txt,24-07-510,FCAM,0X4730,Sensor range fault,Sensor,Active,48,15,1,2026-05-04 17:22:00,368,,,,428.0,,,,,,,,,,,,,,,,,,,,70.0,892.0,46.0,493.0,,,,,,,,,,,,,,,,,,,,,,,,,,,,,,,,
Prod_Diagnostic_12.txt,24-07-510,FCAM,0X5F48,FCAM performance issue 4,Performance,Intermittent,29,10,4,2026-05-16 23:53:00,309,,,,142.0,,,,,,,,,,,,,,,,,,,,621.0,136.0,781.0,517.0,,,,,,,,,,,,,,,,,,,,,,,,,,,,,,,,
Prod_Diagnostic_12.txt,24-07-510,FCAM,0XD2FD,FCAM specific fault 5,ECU Specific/Other,Stored,43,14,2,2026-05-28 23:20:00,183,,,,681.0,,,,,,,,,,,,,,,,,,,,92.0,820.0,640.0,639.0,,,,,,,,,,,,,,,,,,,,,,,,,,,,,,,,
Prod_Diagnostic_12.txt,24-07-510,BMS,0X7321,BMS specific fault 1,ECU Specific/Other,Active,26,10,5,2026-05-02 21:56:00,426,,,,,,,,,,,,,,,,,,454.0,,,,,,,,,,,,,,,,,,,,,,,,,,,,,,,,,,,754.0,285.0,662.0,91.0,,,
Prod_Diagnostic_12.txt,24-07-510,BMS,0XC50B,Voltage fault,Voltage,Active,37,20,3,2026-05-18 20:07:00,397,,,,,,,,,,,,,,,,,,660.0,,,,,,,,,,,,,,,,,,,,,,,,,,,,,,,,,,,573.0,88.0,198.0,979.0,,,
Prod_Diagnostic_12.txt,24-07-510,BMS,0X9AB5,BMS performance issue 3,Performance,Intermittent,49,1,5,2026-05-17 06:48:00,349,,,,,,,,,,,,,,,,,,488.0,,,,,,,,,,,,,,,,,,,,,,,,,,,,,,,,,,,515.0,919.0,20.0,124.0,,,
Prod_Diagnostic_12.txt,24-07-510,BMS,0X3E03,BMS performance issue 4,Performance,Active,18,6,2,2026-05-27 22:53:00,358,,,,,,,,,,,,,,,,,,909.0,,,,,,,,,,,,,,,,,,,,,,,,,,,,,,,,,,,594.0,455.0,87.0,827.0,,,
Prod_Diagnostic_12.txt,24-07-510,BMS,0XAB5A,BMS performance issue 5,Performance,Stored,26,18,1,2026-05-16 00:21:00,146,,,,,,,,,,,,,,,,,,448.0,,,,,,,,,,,,,,,,,,,,,,,,,,,,,,,,,,,185.0,425.0,25.0,881.0,,,
Prod_Diagnostic_12.txt,24-07-510,RADAR,0X613F,RADAR performance issue 1,Performance,Stored,17,2,1,2026-05-04 17:10:00,137,,,,262.0,,,,,,,,,,,,,,,,,,,,,,,,,,,,,,,,,,,,188.0,,,,,,,,,,293.0,148.0,787.0,,,,,,,
Prod_Diagnostic_12.txt,24-07-510,RADAR,0X377B,Communication fault,Communication,Stored,27,5,1,2026-05-20 10:11:00,147,,,,306.0,,,,,,,,,,,,,,,,,,,,,,,,,,,,,,,,,,,,60.0,,,,,,,,,,28.0,731.0,400.0,,,,,,,
Prod_Diagnostic_12.txt,24-07-510,RADAR,0X61EE,Communication fault,Communication,Active,27,10,3,2026-05-13 03:03:00,387,,,,612.0,,,,,,,,,,,,,,,,,,,,,,,,,,,,,,,,,,,,771.0,,,,,,,,,,208.0,246.0,601.0,,,,,,,
Prod_Diagnostic_12.txt,24-07-510,RADAR,0X8E33,Voltage fault,Voltage,Intermittent,49,16,4,2026-05-04 08:03:00,329,,,,417.0,,,,,,,,,,,,,,,,,,,,,,,,,,,,,,,,,,,,567.0,,,,,,,,,,326.0,476.0,68.0,,,,,,,
Prod_Diagnostic_12.txt,24-07-510,RADAR,0X1766,RADAR specific fault 5,ECU Specific/Other,Stored,41,7,1,2026-05-09 17:37:00,161,,,,782.0,,,,,,,,,,,,,,,,,,,,,,,,,,,,,,,,,,,,253.0,,,,,,,,,,692.0,104.0,569.0,,,,,,,
Prod_Diagnostic_12.txt,24-07-510,OBC,0X5DFB,Voltage fault,Voltage,Intermittent,27,14,1,2026-05-28 20:32:00,247,,,,,,,,,,,,,,,209.0,802.0,992.0,146.0,383.0,,,,,,,,,,,,,,,,,,,,,,,,,,,,,,,,,,,,,,,,
Prod_Diagnostic_12.txt,24-07-510,OBC,0X3B0E,OBC performance issue 2,Performance,Active,35,13,5,2026-05-15 01:00:00,435,,,,,,,,,,,,,,,833.0,476.0,985.0,850.0,636.0,,,,,,,,,,,,,,,,,,,,,,,,,,,,,,,,,,,,,,,,
Prod_Diagnostic_12.txt,24-07-510,OBC,0XB72E,Sensor range fault,Sensor,Active,1,1,4,2026-05-09 19:16:00,381,,,,,,,,,,,,,,,860.0,697.0,390.0,360.0,863.0,,,,,,,,,,,,,,,,,,,,,,,,,,,,,,,,,,,,,,,,
Prod_Diagnostic_12.txt,24-07-510,OBC,0XA5CC,Voltage fault,Voltage,Intermittent,19,1,2,2026-05-24 17:36:00,259,,,,,,,,,,,,,,,72.0,308.0,92.0,405.0,716.0,,,,,,,,,,,,,,,,,,,,,,,,,,,,,,,,,,,,,,,,
Prod_Diagnostic_12.txt,24-07-510,OBC,0XE49B,Communication fault,Communication,Active,47,17,3,2026-05-14 06:39:00,407,,,,,,,,,,,,,,,517.0,981.0,822.0,326.0,906.0,,,,,,,,,,,,,,,,,,,,,,,,,,,,,,,,,,,,,,,,
Prod_Diagnostic_12.txt,24-07-510,TCM,0XB29A,Sensor range fault,Sensor,Stored,49,14,3,2026-05-08 21:20:00,209,,,,,,,,,,,,,,,,,,,,,,,,,,,,,,,,,350.0,216.0,471.0,983.0,614.0,,,,,,,,,,,,,,,,,,,,,,
Prod_Diagnostic_12.txt,24-07-510,TCM,0X1410,Sensor range fault,Sensor,Intermittent,9,20,1,2026-05-20 15:00:00,229,,,,,,,,,,,,,,,,,,,,,,,,,,,,,,,,,924.0,10.0,689.0,178.0,424.0,,,,,,,,,,,,,,,,,,,,,,
Prod_Diagnostic_12.txt,24-07-510,TCM,0XF530,TCM performance issue 3,Performance,Intermittent,46,15,4,2026-05-18 02:50:00,326,,,,,,,,,,,,,,,,,,,,,,,,,,,,,,,,,898.0,665.0,667.0,80.0,552.0,,,,,,,,,,,,,,,,,,,,,,
Prod_Diagnostic_12.txt,24-07-510,TCM,0XF47F,Communication fault,Communication,Intermittent,29,3,3,2026-05-27 12:52:00,289,,,,,,,,,,,,,,,,,,,,,,,,,,,,,,,,,616.0,367.0,397.0,182.0,860.0,,,,,,,,,,,,,,,,,,,,,,
Prod_Diagnostic_12.txt,24-07-510,TCM,0X2FF0,Communication fault,Communication,Stored,24,6,4,2026-05-01 07:47:00,204,,,,,,,,,,,,,,,,,,,,,,,,,,,,,,,,,21.0,777.0,288.0,697.0,944.0,,,,,,,,,,,,,,,,,,,,,,
Prod_Diagnostic_12.txt,24-07-510,BCM,0X4106,Sensor range fault,Sensor,Active,40,20,3,2026-05-26 22:14:00,400,,,,,,,,,372.0,,,,,,,,,,,240.0,506.0,991.0,38.0,,,,,,,,,,,,,,,,,,,,,,,,,,,,,,,,,,,,
Prod_Diagnostic_12.txt,24-07-510,BCM,0X8E2A,Sensor range fault,Sensor,Intermittent,46,19,2,2026-05-01 06:52:00,286,,,,,,,,,891.0,,,,,,,,,,,654.0,406.0,114.0,285.0,,,,,,,,,,,,,,,,,,,,,,,,,,,,,,,,,,,,
Prod_Diagnostic_12.txt,24-07-510,BCM,0X9015,BCM performance issue 3,Performance,Stored,11,17,2,2026-05-22 23:36:00,151,,,,,,,,,579.0,,,,,,,,,,,689.0,699.0,618.0,180.0,,,,,,,,,,,,,,,,,,,,,,,,,,,,,,,,,,,,
Prod_Diagnostic_12.txt,24-07-510,BCM,0XA691,Communication fault,Communication,Active,48,2,2,2026-05-09 18:54:00,388,,,,,,,,,747.0,,,,,,,,,,,234.0,903.0,536.0,802.0,,,,,,,,,,,,,,,,,,,,,,,,,,,,,,,,,,,,
Prod_Diagnostic_12.txt,24-07-510,BCM,0X411D,Sensor range fault,Sensor,Intermittent,2,17,5,2026-05-09 21:35:00,302,,,,,,,,,961.0,,,,,,,,,,,905.0,465.0,3.0,438.0,,,,,,,,,,,,,,,,,,,,,,,,,,,,,,,,,,,,
Prod_Diagnostic_12.txt,24-07-510,SRS,0XEA96,Communication fault,Communication,Stored,28,13,3,2026-05-04 21:33:00,188,,,,,,,,,,,,,,,,,,,,,,,,,,,,,,,,,,,,,,,,,,,,530.0,,,,,478.0,,,,,,,,508.0,371.0,778.0
Prod_Diagnostic_12.txt,24-07-510,SRS,0XF240,Communication fault,Communication,Intermittent,15,1,3,2026-05-14 17:28:00,275,,,,,,,,,,,,,,,,,,,,,,,,,,,,,,,,,,,,,,,,,,,,200.0,,,,,324.0,,,,,,,,6.0,402.0,343.0
Prod_Diagnostic_12.txt,24-07-510,SRS,0XF14E,Communication fault,Communication,Intermittent,2,7,4,2026-05-03 07:12:00,282,,,,,,,,,,,,,,,,,,,,,,,,,,,,,,,,,,,,,,,,,,,,65.0,,,,,169.0,,,,,,,,338.0,319.0,642.0
Prod_Diagnostic_12.txt,24-07-510,SRS,0X1722,Communication fault,Communication,Stored,28,0,5,2026-05-26 20:59:00,228,,,,,,,,,,,,,,,,,,,,,,,,,,,,,,,,,,,,,,,,,,,,254.0,,,,,343.0,,,,,,,,861.0,257.0,111.0
Prod_Diagnostic_12.txt,24-07-510,SRS,0X4D05,SRS specific fault 5,ECU Specific/Other,Stored,4,10,5,2026-05-26 07:04:00,204,,,,,,,,,,,,,,,,,,,,,,,,,,,,,,,,,,,,,,,,,,,,450.0,,,,,795.0,,,,,,,,615.0,635.0,783.0
Prod_Diagnostic_12.txt,24-07-510,HVAC,0XB016,Communication fault,Communication,Stored,38,3,1,2026-05-02 01:24:00,158,,,,,,,,,,,,,,,,,,,,,,,,,,,,321.0,912.0,869.0,711.0,67.0,,,,,,,,,,,,,,,,,,,,,,,,,,,
Prod_Diagnostic_12.txt,24-07-510,HVAC,0X1FDF,Voltage fault,Voltage,Stored,4,9,5,2026-05-21 13:04:00,204,,,,,,,,,,,,,,,,,,,,,,,,,,,,105.0,694.0,58.0,573.0,54.0,,,,,,,,,,,,,,,,,,,,,,,,,,,
Prod_Diagnostic_12.txt,24-07-510,HVAC,0XE994,Sensor range fault,Sensor,Stored,26,3,5,2026-05-25 13:14:00,226,,,,,,,,,,,,,,,,,,,,,,,,,,,,886.0,614.0,807.0,676.0,639.0,,,,,,,,,,,,,,,,,,,,,,,,,,,
Prod_Diagnostic_12.txt,24-07-510,HVAC,0X8412,Communication fault,Communication,Stored,30,13,5,2026-05-20 03:21:00,230,,,,,,,,,,,,,,,,,,,,,,,,,,,,667.0,961.0,692.0,802.0,27.0,,,,,,,,,,,,,,,,,,,,,,,,,,,
Prod_Diagnostic_12.txt,24-07-510,HVAC,0X9468,HVAC specific fault 5,ECU Specific/Other,Stored,38,6,1,2026-05-04 00:38:00,158,,,,,,,,,,,,,,,,,,,,,,,,,,,,731.0,70.0,608.0,809.0,861.0,,,,,,,,,,,,,,,,,,,,,,,,,,,
Prod_Diagnostic_12.txt,24-07-510,ECM,0XF784,Voltage fault,Voltage,Intermittent,9,20,5,2026-05-09 11:26:00,309,,,,,,,,,,493.0,743.0,636.0,456.0,191.0,,,,,,,,,,,,,,,,,,,,,,,,,,,,,,,,,,,,,,,,,,,,,
Prod_Diagnostic_12.txt,24-07-510,ECM,0X333E,Voltage fault,Voltage,Active,4,4,3,2026-05-19 13:32:00,364,,,,,,,,,,983.0,668.0,773.0,367.0,319.0,,,,,,,,,,,,,,,,,,,,,,,,,,,,,,,,,,,,,,,,,,,,,
Prod_Diagnostic_12.txt,24-07-510,ECM,0XF29D,ECM performance issue 3,Performance,Intermittent,50,4,2,2026-05-16 09:38:00,290,,,,,,,,,,352.0,299.0,378.0,994.0,9.0,,,,,,,,,,,,,,,,,,,,,,,,,,,,,,,,,,,,,,,,,,,,,
Prod_Diagnostic_12.txt,24-07-510,ECM,0XA620,ECM performance issue 4,Performance,Intermittent,44,4,1,2026-05-08 16:52:00,264,,,,,,,,,,856.0,573.0,880.0,56.0,433.0,,,,,,,,,,,,,,,,,,,,,,,,,,,,,,,,,,,,,,,,,,,,,
Prod_Diagnostic_12.txt,24-07-510,ECM,0X4206,Sensor range fault,Sensor,Active,41,6,1,2026-05-11 06:42:00,361,,,,,,,,,,488.0,712.0,709.0,479.0,615.0,,,,,,,,,,,,,,,,,,,,,,,,,,,,,,,,,,,,,,,,,,,,,
Prod_Diagnostic_12.txt,24-07-510,TCU,0XEA1D,Sensor range fault,Sensor,Intermittent,37,10,5,2026-05-10 13:21:00,337,167.0,108.0,466.0,898.0,809.0,,,,,,,,,,,,,,,,,,,,,,,,,,,,,,,,,,,,,,,,,,,,,,,,,,,,,,
Prod_Diagnostic_12.txt,24-07-510,TCU,0X8EF5,Communication fault,Communication,Active,1,20,2,2026-05-23 07:29:00,341,639.0,219.0,245.0,493.0,753.0,,,,,,,,,,,,,,,,,,,,,,,,,,,,,,,,,,,,,,,,,,,,,,,,,,,,,,
Prod_Diagnostic_12.txt,24-07-510,TCU,0XDEA9,Sensor range fault,Sensor,Intermittent,25,6,4,2026-05-06 00:23:00,305,11.0,76.0,367.0,31.0,569.0,,,,,,,,,,,,,,,,,,,,,,,,,,,,,,,,,,,,,,,,,,,,,,,,,,,,,,
Prod_Diagnostic_12.txt,24-07-510,TCU,0X3474,Communication fault,Communication,Stored,29,6,5,2026-05-25 11:02:00,229,999.0,31.0,204.0,203.0,291.0,,,,,,,,,,,,,,,,,,,,,,,,,,,,,,,,,,,,,,,,,,,,,,,,,,,,,,
Prod_Diagnostic_12.txt,24-07-510,TCU,0X480C,Voltage fault,Voltage,Stored,47,5,3,2026-05-28 17:15:00,207,183.0,201.0,23.0,181.0,864.0,,,,,,,,,,,,,,,,,,,,,,,,,,,,,,,,,,,,,,,,,,,,,,,,,,,,,,
Prod_Diagnostic_12.txt,24-07-510,ADAS,0XF920,Sensor range fault,Sensor,Active,2,4,4,2026-05-21 03:21:00,382,,,,246.0,468.0,,,,,,,,,,,,,,,,,,,,,,,,,,,,,,,,,959.0,216.0,313.0,,,,,,,,,,,,,,,,,,,
Prod_Diagnostic_12.txt,24-07-510,ADAS,0XDF3A,Sensor range fault,Sensor,Stored,43,5,5,2026-05-26 19:56:00,243,,,,122.0,67.0,,,,,,,,,,,,,,,,,,,,,,,,,,,,,,,,,445.0,900.0,729.0,,,,,,,,,,,,,,,,,,,
Prod_Diagnostic_12.txt,24-07-510,ADAS,0XF1FA,Voltage fault,Voltage,Active,13,6,5,2026-05-13 22:23:00,413,,,,251.0,652.0,,,,,,,,,,,,,,,,,,,,,,,,,,,,,,,,,326.0,614.0,440.0,,,,,,,,,,,,,,,,,,,
Prod_Diagnostic_12.txt,24-07-510,ADAS,0XD359,Communication fault,Communication,Intermittent,38,6,5,2026-05-10 04:20:00,338,,,,287.0,815.0,,,,,,,,,,,,,,,,,,,,,,,,,,,,,,,,,254.0,55.0,645.0,,,,,,,,,,,,,,,,,,,
Prod_Diagnostic_12.txt,24-07-510,ADAS,0XE9FC,Voltage fault,Voltage,Intermittent,38,15,2,2026-05-24 02:50:00,278,,,,67.0,630.0,,,,,,,,,,,,,,,,,,,,,,,,,,,,,,,,,482.0,810.0,680.0,,,,,,,,,,,,,,,,,,,
Prod_Diagnostic_13.txt,25-03-420,EPS,0X5CB5,EPS performance issue 1,Performance,Stored,38,0,5,2026-05-26 01:59:00,238,,,,582.0,,,,,,,,,,,,,,,,,,,,,,,,,,,,,,,,,,,,,143.0,158.0,976.0,339.0,,,,,,,,,,,,,,,
Prod_Diagnostic_13.txt,25-03-420,EPS,0XF9EB,EPS performance issue 2,Performance,Intermittent,37,12,4,2026-05-07 12:04:00,317,,,,112.0,,,,,,,,,,,,,,,,,,,,,,,,,,,,,,,,,,,,,548.0,396.0,193.0,487.0,,,,,,,,,,,,,,,
Prod_Diagnostic_13.txt,25-03-420,EPS,0XA1CB,Sensor range fault,Sensor,Stored,41,9,1,2026-05-06 03:43:00,161,,,,706.0,,,,,,,,,,,,,,,,,,,,,,,,,,,,,,,,,,,,,567.0,182.0,33.0,847.0,,,,,,,,,,,,,,,
Prod_Diagnostic_13.txt,25-03-420,EPS,0X8D15,EPS performance issue 4,Performance,Active,12,6,1,2026-05-13 09:13:00,332,,,,72.0,,,,,,,,,,,,,,,,,,,,,,,,,,,,,,,,,,,,,239.0,299.0,676.0,537.0,,,,,,,,,,,,,,,
Prod_Diagnostic_13.txt,25-03-420,EPS,0X1EB5,EPS specific fault 5,ECU Specific/Other,Stored,34,0,2,2026-05-11 13:25:00,174,,,,429.0,,,,,,,,,,,,,,,,,,,,,,,,,,,,,,,,,,,,,161.0,114.0,133.0,550.0,,,,,,,,,,,,,,,
Prod_Diagnostic_13.txt,25-03-420,GW,0XCE3E,GW specific fault 1,ECU Specific/Other,Active,25,6,2,2026-05-28 06:19:00,365,,,,,727.0,443.0,838.0,681.0,487.0,,,,,,,,,,,,,,,,,,,,,,,,,,,,,,,,,,,,,,,,,,,,,,,,,,
Prod_Diagnostic_13.txt,25-03-420,GW,0XAA8C,Voltage fault,Voltage,Intermittent,20,18,2,2026-05-17 22:43:00,260,,,,,207.0,470.0,283.0,8.0,147.0,,,,,,,,,,,,,,,,,,,,,,,,,,,,,,,,,,,,,,,,,,,,,,,,,,
Prod_Diagnostic_13.txt,25-03-420,GW,0X2060,GW specific fault 3,ECU Specific/Other,Stored,39,7,5,2026-05-11 18:56:00,239,,,,,474.0,503.0,472.0,590.0,41.0,,,,,,,,,,,,,,,,,,,,,,,,,,,,,,,,,,,,,,,,,,,,,,,,,,
Prod_Diagnostic_13.txt,25-03-420,GW,0X59B4,Communication fault,Communication,Intermittent,30,11,3,2026-05-13 19:52:00,290,,,,,180.0,830.0,871.0,426.0,256.0,,,,,,,,,,,,,,,,,,,,,,,,,,,,,,,,,,,,,,,,,,,,,,,,,,
Prod_Diagnostic_13.txt,25-03-420,GW,0XF664,Voltage fault,Voltage,Intermittent,47,13,4,2026-05-13 21:11:00,327,,,,,98.0,716.0,583.0,403.0,716.0,,,,,,,,,,,,,,,,,,,,,,,,,,,,,,,,,,,,,,,,,,,,,,,,,,
Prod_Diagnostic_13.txt,25-03-420,HVAC,0X4D5C,Communication fault,Communication,Active,18,20,5,2026-05-10 21:58:00,418,,,,,,,,,,,,,,,,,,,,,,,,,,,,69.0,715.0,744.0,740.0,924.0,,,,,,,,,,,,,,,,,,,,,,,,,,,
Prod_Diagnostic_13.txt,25-03-420,HVAC,0XF8A2,Voltage fault,Voltage,Stored,27,17,1,2026-05-12 02:48:00,147,,,,,,,,,,,,,,,,,,,,,,,,,,,,108.0,517.0,785.0,799.0,334.0,,,,,,,,,,,,,,,,,,,,,,,,,,,
Prod_Diagnostic_13.txt,25-03-420,HVAC,0X8370,HVAC specific fault 3,ECU Specific/Other,Active,17,6,5,2026-05-02 14:01:00,417,,,,,,,,,,,,,,,,,,,,,,,,,,,,75.0,655.0,712.0,692.0,768.0,,,,,,,,,,,,,,,,,,,,,,,,,,,
Prod_Diagnostic_13.txt,25-03-420,HVAC,0X7193,HVAC specific fault 4,ECU Specific/Other,Stored,48,12,2,2026-05-13 01:00:00,188,,,,,,,,,,,,,,,,,,,,,,,,,,,,257.0,118.0,727.0,940.0,140.0,,,,,,,,,,,,,,,,,,,,,,,,,,,
Prod_Diagnostic_13.txt,25-03-420,HVAC,0XBB98,Sensor range fault,Sensor,Intermittent,30,15,4,2026-05-03 02:35:00,310,,,,,,,,,,,,,,,,,,,,,,,,,,,,673.0,249.0,731.0,973.0,449.0,,,,,,,,,,,,,,,,,,,,,,,,,,,
Prod_Diagnostic_13.txt,25-03-420,FCAM,0X8885,Voltage fault,Voltage,Stored,11,5,1,2026-05-20 03:11:00,131,,,,760.0,,,,,,,,,,,,,,,,,,,,302.0,128.0,548.0,401.0,,,,,,,,,,,,,,,,,,,,,,,,,,,,,,,,
Prod_Diagnostic_13.txt,25-03-420,FCAM,0X23DC,Voltage fault,Voltage,Intermittent,49,0,3,2026-05-05 14:22:00,309,,,,36.0,,,,,,,,,,,,,,,,,,,,183.0,222.0,732.0,915.0,,,,,,,,,,,,,,,,,,,,,,,,,,,,,,,,
Prod_Diagnostic_13.txt,25-03-420,FCAM,0X4756,FCAM performance issue 3,Performance,Stored,45,1,5,2026-05-21 21:45:00,245,,,,400.0,,,,,,,,,,,,,,,,,,,,676.0,919.0,106.0,707.0,,,,,,,,,,,,,,,,,,,,,,,,,,,,,,,,
Prod_Diagnostic_13.txt,25-03-420,FCAM,0X81A9,Sensor range fault,Sensor,Active,39,0,1,2026-05-25 12:49:00,359,,,,384.0,,,,,,,,,,,,,,,,,,,,207.0,952.0,256.0,931.0,,,,,,,,,,,,,,,,,,,,,,,,,,,,,,,,
Prod_Diagnostic_13.txt,25-03-420,FCAM,0X4332,Voltage fault,Voltage,Active,2,13,1,2026-05-01 10:52:00,322,,,,65.0,,,,,,,,,,,,,,,,,,,,197.0,697.0,686.0,226.0,,,,,,,,,,,,,,,,,,,,,,,,,,,,,,,,
Prod_Diagnostic_13.txt,25-03-420,ADAS,0XDC03,Communication fault,Communication,Intermittent,11,5,1,2026-05-14 16:06:00,231,,,,642.0,576.0,,,,,,,,,,,,,,,,,,,,,,,,,,,,,,,,,836.0,335.0,331.0,,,,,,,,,,,,,,,,,,,
Prod_Diagnostic_13.txt,25-03-420,ADAS,0XAFEA,Voltage fault,Voltage,Active,35,12,4,2026-05-04 07:13:00,415,,,,16.0,178.0,,,,,,,,,,,,,,,,,,,,,,,,,,,,,,,,,109.0,366.0,332.0,,,,,,,,,,,,,,,,,,,
Prod_Diagnostic_13.txt,25-03-420,ADAS,0XB76C,ADAS specific fault 3,ECU Specific/Other,Stored,1,12,2,2026-05-15 07:04:00,141,,,,639.0,666.0,,,,,,,,,,,,,,,,,,,,,,,,,,,,,,,,,674.0,835.0,286.0,,,,,,,,,,,,,,,,,,,
Prod_Diagnostic_13.txt,25-03-420,ADAS,0X1B3F,Sensor range fault,Sensor,Active,14,13,3,2026-05-25 19:31:00,374,,,,945.0,811.0,,,,,,,,,,,,,,,,,,,,,,,,,,,,,,,,,105.0,730.0,550.0,,,,,,,,,,,,,,,,,,,
Prod_Diagnostic_13.txt,25-03-420,ADAS,0X3BE4,ADAS performance issue 5,Performance,Stored,7,19,3,2026-05-21 22:24:00,167,,,,711.0,790.0,,,,,,,,,,,,,,,,,,,,,,,,,,,,,,,,,695.0,947.0,996.0,,,,,,,,,,,,,,,,,,,
Prod_Diagnostic_13.txt,25-03-420,ECM,0X6501,Voltage fault,Voltage,Active,41,10,4,2026-05-03 10:01:00,421,,,,,,,,,,624.0,934.0,600.0,460.0,392.0,,,,,,,,,,,,,,,,,,,,,,,,,,,,,,,,,,,,,,,,,,,,,
Prod_Diagnostic_13.txt,25-03-420,ECM,0XB3FD,ECM performance issue 2,Performance,Intermittent,15,16,5,2026-05-23 00:14:00,315,,,,,,,,,,22.0,632.0,778.0,919.0,128.0,,,,,,,,,,,,,,,,,,,,,,,,,,,,,,,,,,,,,,,,,,,,,
Prod_Diagnostic_13.txt,25-03-420,ECM,0X4C84,Sensor range fault,Sensor,Intermittent,28,7,5,2026-05-03 01:08:00,328,,,,,,,,,,384.0,511.0,304.0,207.0,156.0,,,,,,,,,,,,,,,,,,,,,,,,,,,,,,,,,,,,,,,,,,,,,
Prod_Diagnostic_13.txt,25-03-420,ECM,0X4452,ECM specific fault 4,ECU Specific/Other,Intermittent,3,7,5,2026-05-15 23:56:00,303,,,,,,,,,,337.0,138.0,285.0,326.0,660.0,,,,,,,,,,,,,,,,,,,,,,,,,,,,,,,,,,,,,,,,,,,,,
Prod_Diagnostic_13.txt,25-03-420,ECM,0X9557,Communication fault,Communication,Stored,42,9,1,2026-05-08 23:21:00,162,,,,,,,,,,351.0,249.0,211.0,553.0,56.0,,,,,,,,,,,,,,,,,,,,,,,,,,,,,,,,,,,,,,,,,,,,,
Prod_Diagnostic_13.txt,25-03-420,BCM,0XDD2B,Voltage fault,Voltage,Intermittent,45,7,5,2026-05-28 12:33:00,345,,,,,,,,,645.0,,,,,,,,,,,330.0,188.0,453.0,7.0,,,,,,,,,,,,,,,,,,,,,,,,,,,,,,,,,,,,
Prod_Diagnostic_13.txt,25-03-420,BCM,0XEEAF,Communication fault,Communication,Stored,5,6,1,2026-05-21 04:13:00,125,,,,,,,,,607.0,,,,,,,,,,,129.0,94.0,178.0,563.0,,,,,,,,,,,,,,,,,,,,,,,,,,,,,,,,,,,,
Prod_Diagnostic_13.txt,25-03-420,BCM,0X4C7E,Voltage fault,Voltage,Intermittent,6,13,4,2026-05-10 05:46:00,286,,,,,,,,,181.0,,,,,,,,,,,203.0,251.0,435.0,621.0,,,,,,,,,,,,,,,,,,,,,,,,,,,,,,,,,,,,
Prod_Diagnostic_13.txt,25-03-420,BCM,0X5D98,Voltage fault,Voltage,Stored,37,14,2,2026-05-09 15:05:00,177,,,,,,,,,408.0,,,,,,,,,,,974.0,996.0,369.0,387.0,,,,,,,,,,,,,,,,,,,,,,,,,,,,,,,,,,,,
Prod_Diagnostic_13.txt,25-03-420,BCM,0X8880,Voltage fault,Voltage,Stored,28,16,5,2026-05-24 13:48:00,228,,,,,,,,,813.0,,,,,,,,,,,160.0,840.0,977.0,494.0,,,,,,,,,,,,,,,,,,,,,,,,,,,,,,,,,,,,
Prod_Diagnostic_13.txt,25-03-420,TCM,0XD30D,Communication fault,Communication,Stored,28,2,3,2026-05-20 17:09:00,188,,,,,,,,,,,,,,,,,,,,,,,,,,,,,,,,,567.0,745.0,180.0,264.0,390.0,,,,,,,,,,,,,,,,,,,,,,
Prod_Diagnostic_13.txt,25-03-420,TCM,0X5E4C,TCM specific fault 2,ECU Specific/Other,Stored,19,12,5,2026-05-20 15:04:00,219,,,,,,,,,,,,,,,,,,,,,,,,,,,,,,,,,342.0,140.0,733.0,481.0,201.0,,,,,,,,,,,,,,,,,,,,,,
Prod_Diagnostic_13.txt,25-03-420,TCM,0XFA87,Voltage fault,Voltage,Active,1,0,5,2026-05-24 23:23:00,401,,,,,,,,,,,,,,,,,,,,,,,,,,,,,,,,,504.0,415.0,948.0,426.0,963.0,,,,,,,,,,,,,,,,,,,,,,
Prod_Diagnostic_13.txt,25-03-420,TCM,0XCE00,TCM specific fault 4,ECU Specific/Other,Stored,25,15,3,2026-05-21 18:04:00,185,,,,,,,,,,,,,,,,,,,,,,,,,,,,,,,,,419.0,907.0,40.0,944.0,128.0,,,,,,,,,,,,,,,,,,,,,,
Prod_Diagnostic_13.txt,25-03-420,TCM,0XFEA0,TCM specific fault 5,ECU Specific/Other,Intermittent,11,6,4,2026-05-09 23:22:00,291,,,,,,,,,,,,,,,,,,,,,,,,,,,,,,,,,522.0,727.0,501.0,651.0,706.0,,,,,,,,,,,,,,,,,,,,,,
Prod_Diagnostic_13.txt,25-03-420,RADAR,0XC24A,Sensor range fault,Sensor,Active,42,12,4,2026-05-24 07:15:00,422,,,,833.0,,,,,,,,,,,,,,,,,,,,,,,,,,,,,,,,,,,,944.0,,,,,,,,,,490.0,36.0,371.0,,,,,,,
Prod_Diagnostic_13.txt,25-03-420,RADAR,0XC28D,Communication fault,Communication,Intermittent,42,4,3,2026-05-20 14:43:00,302,,,,617.0,,,,,,,,,,,,,,,,,,,,,,,,,,,,,,,,,,,,254.0,,,,,,,,,,151.0,261.0,593.0,,,,,,,
Prod_Diagnostic_13.txt,25-03-420,RADAR,0X1328,Voltage fault,Voltage,Active,50,2,4,2026-05-13 22:37:00,430,,,,531.0,,,,,,,,,,,,,,,,,,,,,,,,,,,,,,,,,,,,83.0,,,,,,,,,,998.0,923.0,932.0,,,,,,,
Prod_Diagnostic_13.txt,25-03-420,RADAR,0XF041,Voltage fault,Voltage,Stored,11,13,3,2026-05-23 09:32:00,171,,,,908.0,,,,,,,,,,,,,,,,,,,,,,,,,,,,,,,,,,,,675.0,,,,,,,,,,991.0,546.0,392.0,,,,,,,
Prod_Diagnostic_13.txt,25-03-420,RADAR,0X5ED7,RADAR performance issue 5,Performance,Intermittent,27,2,1,2026-05-21 18:49:00,247,,,,147.0,,,,,,,,,,,,,,,,,,,,,,,,,,,,,,,,,,,,834.0,,,,,,,,,,817.0,353.0,276.0,,,,,,,
Prod_Diagnostic_13.txt,25-03-420,SRS,0XFE15,Voltage fault,Voltage,Intermittent,26,9,1,2026-05-06 15:00:00,246,,,,,,,,,,,,,,,,,,,,,,,,,,,,,,,,,,,,,,,,,,,,714.0,,,,,100.0,,,,,,,,72.0,793.0,428.0
Prod_Diagnostic_13.txt,25-03-420,SRS,0X7AB6,SRS performance issue 2,Performance,Intermittent,19,13,2,2026-05-06 11:11:00,259,,,,,,,,,,,,,,,,,,,,,,,,,,,,,,,,,,,,,,,,,,,,499.0,,,,,721.0,,,,,,,,138.0,203.0,187.0
Prod_Diagnostic_13.txt,25-03-420,SRS,0X2C38,SRS performance issue 3,Performance,Stored,37,6,2,2026-05-07 01:47:00,177,,,,,,,,,,,,,,,,,,,,,,,,,,,,,,,,,,,,,,,,,,,,197.0,,,,,188.0,,,,,,,,829.0,778.0,266.0
Prod_Diagnostic_13.txt,25-03-420,SRS,0X80D3,SRS specific fault 4,ECU Specific/Other,Intermittent,40,3,2,2026-05-03 09:05:00,280,,,,,,,,,,,,,,,,,,,,,,,,,,,,,,,,,,,,,,,,,,,,66.0,,,,,387.0,,,,,,,,128.0,284.0,351.0
Prod_Diagnostic_13.txt,25-03-420,SRS,0XA5EC,Communication fault,Communication,Active,31,15,1,2026-05-01 01:17:00,351,,,,,,,,,,,,,,,,,,,,,,,,,,,,,,,,,,,,,,,,,,,,682.0,,,,,770.0,,,,,,,,979.0,8.0,597.0
Prod_Diagnostic_13.txt,25-03-420,BMS,0X28CA,Communication fault,Communication,Active,34,0,4,2026-05-20 16:48:00,414,,,,,,,,,,,,,,,,,,273.0,,,,,,,,,,,,,,,,,,,,,,,,,,,,,,,,,,,955.0,498.0,485.0,776.0,,,
Prod_Diagnostic_13.txt,25-03-420,BMS,0XAAB8,Sensor range fault,Sensor,Stored,22,11,3,2026-05-11 07:23:00,182,,,,,,,,,,,,,,,,,,682.0,,,,,,,,,,,,,,,,,,,,,,,,,,,,,,,,,,,409.0,388.0,626.0,59.0,,,
Prod_Diagnostic_13.txt,25-03-420,BMS,0XEF82,Sensor range fault,Sensor,Stored,7,0,4,2026-05-28 22:25:00,187,,,,,,,,,,,,,,,,,,743.0,,,,,,,,,,,,,,,,,,,,,,,,,,,,,,,,,,,856.0,910.0,948.0,143.0,,,
Prod_Diagnostic_13.txt,25-03-420,BMS,0XAA16,Communication fault,Communication,Active,34,8,2,2026-05-12 14:39:00,374,,,,,,,,,,,,,,,,,,703.0,,,,,,,,,,,,,,,,,,,,,,,,,,,,,,,,,,,675.0,891.0,487.0,528.0,,,
Prod_Diagnostic_13.txt,25-03-420,BMS,0XB904,BMS specific fault 5,ECU Specific/Other,Active,1,20,3,2026-05-01 20:23:00,361,,,,,,,,,,,,,,,,,,895.0,,,,,,,,,,,,,,,,,,,,,,,,,,,,,,,,,,,47.0,993.0,827.0,754.0,,,
Prod_Diagnostic_13.txt,25-03-420,OBC,0XBD8C,Sensor range fault,Sensor,Stored,15,19,4,2026-05-13 23:39:00,195,,,,,,,,,,,,,,,814.0,84.0,357.0,439.0,962.0,,,,,,,,,,,,,,,,,,,,,,,,,,,,,,,,,,,,,,,,
Prod_Diagnostic_13.txt,25-03-420,OBC,0XB888,OBC specific fault 2,ECU Specific/Other,Intermittent,7,12,3,2026-05-20 06:45:00,267,,,,,,,,,,,,,,,147.0,891.0,533.0,898.0,586.0,,,,,,,,,,,,,,,,,,,,,,,,,,,,,,,,,,,,,,,,
Prod_Diagnostic_13.txt,25-03-420,OBC,0X1820,OBC performance issue 3,Performance,Active,32,2,3,2026-05-27 21:35:00,392,,,,,,,,,,,,,,,896.0,479.0,173.0,918.0,457.0,,,,,,,,,,,,,,,,,,,,,,,,,,,,,,,,,,,,,,,,
Prod_Diagnostic_13.txt,25-03-420,OBC,0X8B6F,Communication fault,Communication,Intermittent,35,7,2,2026-05-07 05:48:00,275,,,,,,,,,,,,,,,967.0,676.0,717.0,92.0,109.0,,,,,,,,,,,,,,,,,,,,,,,,,,,,,,,,,,,,,,,,
Prod_Diagnostic_13.txt,25-03-420,OBC,0XC73C,OBC specific fault 5,ECU Specific/Other,Active,11,10,4,2026-05-25 08:14:00,391,,,,,,,,,,,,,,,737.0,264.0,682.0,488.0,975.0,,,,,,,,,,,,,,,,,,,,,,,,,,,,,,,,,,,,,,,,
Prod_Diagnostic_14.txt,24-07-510,FCAM,0X7D57,FCAM specific fault 1,ECU Specific/Other,Intermittent,11,1,1,2026-05-12 15:11:00,231,,,,528.0,,,,,,,,,,,,,,,,,,,,968.0,54.0,121.0,666.0,,,,,,,,,,,,,,,,,,,,,,,,,,,,,,,,
Prod_Diagnostic_14.txt,24-07-510,FCAM,0XA7E8,Sensor range fault,Sensor,Stored,10,20,4,2026-05-08 01:07:00,190,,,,310.0,,,,,,,,,,,,,,,,,,,,247.0,407.0,501.0,705.0,,,,,,,,,,,,,,,,,,,,,,,,,,,,,,,,
Prod_Diagnostic_14.txt,24-07-510,FCAM,0X3C28,FCAM performance issue 3,Performance,Intermittent,48,12,1,2026-05-25 14:55:00,268,,,,282.0,,,,,,,,,,,,,,,,,,,,838.0,666.0,392.0,648.0,,,,,,,,,,,,,,,,,,,,,,,,,,,,,,,,
Prod_Diagnostic_14.txt,24-07-510,FCAM,0X6E08,FCAM specific fault 4,ECU Specific/Other,Active,8,3,1,2026-05-04 15:41:00,328,,,,231.0,,,,,,,,,,,,,,,,,,,,685.0,931.0,522.0,24.0,,,,,,,,,,,,,,,,,,,,,,,,,,,,,,,,
Prod_Diagnostic_14.txt,24-07-510,FCAM,0XA2AE,FCAM performance issue 5,Performance,Intermittent,31,8,1,2026-05-26 18:11:00,251,,,,720.0,,,,,,,,,,,,,,,,,,,,394.0,496.0,661.0,445.0,,,,,,,,,,,,,,,,,,,,,,,,,,,,,,,,
Prod_Diagnostic_14.txt,24-07-510,OBC,0XA248,Sensor range fault,Sensor,Active,7,10,1,2026-05-23 17:11:00,327,,,,,,,,,,,,,,,416.0,833.0,718.0,21.0,404.0,,,,,,,,,,,,,,,,,,,,,,,,,,,,,,,,,,,,,,,,
Prod_Diagnostic_14.txt,24-07-510,OBC,0XE145,OBC performance issue 2,Performance,Intermittent,34,15,1,2026-05-17 18:34:00,254,,,,,,,,,,,,,,,731.0,839.0,810.0,668.0,128.0,,,,,,,,,,,,,,,,,,,,,,,,,,,,,,,,,,,,,,,,
Prod_Diagnostic_14.txt,24-07-510,OBC,0XB898,Voltage fault,Voltage,Active,12,19,2,2026-05-01 17:28:00,352,,,,,,,,,,,,,,,820.0,322.0,126.0,41.0,132.0,,,,,,,,,,,,,,,,,,,,,,,,,,,,,,,,,,,,,,,,
Prod_Diagnostic_14.txt,24-07-510,OBC,0X44CB,OBC performance issue 4,Performance,Intermittent,11,2,5,2026-05-09 01:05:00,311,,,,,,,,,,,,,,,128.0,519.0,306.0,373.0,990.0,,,,,,,,,,,,,,,,,,,,,,,,,,,,,,,,,,,,,,,,
Prod_Diagnostic_14.txt,24-07-510,OBC,0X3BEE,OBC performance issue 5,Performance,Stored,43,0,2,2026-05-10 01:33:00,183,,,,,,,,,,,,,,,927.0,802.0,301.0,675.0,547.0,,,,,,,,,,,,,,,,,,,,,,,,,,,,,,,,,,,,,,,,
Prod_Diagnostic_14.txt,24-07-510,TCU,0X33CD,TCU specific fault 1,ECU Specific/Other,Intermittent,32,10,5,2026-05-12 19:34:00,332,523.0,215.0,705.0,102.0,679.0,,,,,,,,,,,,,,,,,,,,,,,,,,,,,,,,,,,,,,,,,,,,,,,,,,,,,,
Prod_Diagnostic_14.txt,24-07-510,TCU,0X4CB2,Communication fault,Communication,Active,13,4,3,2026-05-28 06:08:00,373,617.0,566.0,222.0,606.0,368.0,,,,,,,,,,,,,,,,,,,,,,,,,,,,,,,,,,,,,,,,,,,,,,,,,,,,,,
Prod_Diagnostic_14.txt,24-07-510,TCU,0X30E4,Sensor range fault,Sensor,Intermittent,40,13,1,2026-05-18 08:16:00,260,391.0,666.0,926.0,168.0,410.0,,,,,,,,,,,,,,,,,,,,,,,,,,,,,,,,,,,,,,,,,,,,,,,,,,,,,,
Prod_Diagnostic_14.txt,24-07-510,TCU,0X2550,TCU specific fault 4,ECU Specific/Other,Stored,44,13,2,2026-05-18 06:04:00,184,645.0,751.0,276.0,649.0,714.0,,,,,,,,,,,,,,,,,,,,,,,,,,,,,,,,,,,,,,,,,,,,,,,,,,,,,,
Prod_Diagnostic_14.txt,24-07-510,TCU,0XC6E5,Voltage fault,Voltage,Stored,37,20,5,2026-05-20 05:26:00,237,842.0,158.0,324.0,807.0,445.0,,,,,,,,,,,,,,,,,,,,,,,,,,,,,,,,,,,,,,,,,,,,,,,,,,,,,,
Prod_Diagnostic_14.txt,24-07-510,HVAC,0X16A2,HVAC specific fault 1,ECU Specific/Other,Intermittent,16,2,3,2026-05-04 17:07:00,276,,,,,,,,,,,,,,,,,,,,,,,,,,,,701.0,562.0,417.0,68.0,338.0,,,,,,,,,,,,,,,,,,,,,,,,,,,
Prod_Diagnostic_14.txt,24-07-510,HVAC,0X6CE1,Communication fault,Communication,Stored,50,8,2,2026-05-28 07:17:00,190,,,,,,,,,,,,,,,,,,,,,,,,,,,,11.0,101.0,387.0,993.0,228.0,,,,,,,,,,,,,,,,,,,,,,,,,,,
Prod_Diagnostic_14.txt,24-07-510,HVAC,0X2AE1,HVAC specific fault 3,ECU Specific/Other,Active,12,16,3,2026-05-19 15:06:00,372,,,,,,,,,,,,,,,,,,,,,,,,,,,,542.0,358.0,718.0,586.0,887.0,,,,,,,,,,,,,,,,,,,,,,,,,,,
Prod_Diagnostic_14.txt,24-07-510,HVAC,0X9D31,Sensor range fault,Sensor,Stored,39,3,1,2026-05-06 10:48:00,159,,,,,,,,,,,,,,,,,,,,,,,,,,,,399.0,186.0,354.0,826.0,760.0,,,,,,,,,,,,,,,,,,,,,,,,,,,
Prod_Diagnostic_14.txt,24-07-510,HVAC,0X9D3A,HVAC performance issue 5,Performance,Intermittent,26,15,5,2026-05-05 08:00:00,326,,,,,,,,,,,,,,,,,,,,,,,,,,,,704.0,526.0,731.0,160.0,674.0,,,,,,,,,,,,,,,,,,,,,,,,,,,
Prod_Diagnostic_14.txt,24-07-510,BCM,0X3486,Voltage fault,Voltage,Stored,37,8,1,2026-05-24 20:23:00,157,,,,,,,,,695.0,,,,,,,,,,,725.0,797.0,256.0,624.0,,,,,,,,,,,,,,,,,,,,,,,,,,,,,,,,,,,,
Prod_Diagnostic_14.txt,24-07-510,BCM,0XC4EF,BCM specific fault 2,ECU Specific/Other,Stored,12,14,3,2026-05-26 14:32:00,172,,,,,,,,,439.0,,,,,,,,,,,294.0,283.0,976.0,534.0,,,,,,,,,,,,,,,,,,,,,,,,,,,,,,,,,,,,
Prod_Diagnostic_14.txt,24-07-510,BCM,0X5E20,Voltage fault,Voltage,Intermittent,6,9,4,2026-05-25 10:54:00,286,,,,,,,,,79.0,,,,,,,,,,,93.0,650.0,82.0,748.0,,,,,,,,,,,,,,,,,,,,,,,,,,,,,,,,,,,,
Prod_Diagnostic_14.txt,24-07-510,BCM,0X27F8,Voltage fault,Voltage,Active,37,1,1,2026-05-24 09:35:00,357,,,,,,,,,896.0,,,,,,,,,,,952.0,505.0,828.0,11.0,,,,,,,,,,,,,,,,,,,,,,,,,,,,,,,,,,,,
Prod_Diagnostic_14.txt,24-07-510,BCM,0XBD52,BCM specific fault 5,ECU Specific/Other,Intermittent,47,4,4,2026-05-16 16:43:00,327,,,,,,,,,715.0,,,,,,,,,,,694.0,910.0,546.0,128.0,,,,,,,,,,,,,,,,,,,,,,,,,,,,,,,,,,,,
Prod_Diagnostic_14.txt,24-07-510,GW,0X138E,GW specific fault 1,ECU Specific/Other,Intermittent,13,0,4,2026-05-23 17:47:00,293,,,,,757.0,354.0,251.0,678.0,974.0,,,,,,,,,,,,,,,,,,,,,,,,,,,,,,,,,,,,,,,,,,,,,,,,,,
Prod_Diagnostic_14.txt,24-07-510,GW,0XBF1F,GW performance issue 2,Performance,Intermittent,3,19,4,2026-05-06 21:59:00,283,,,,,537.0,904.0,783.0,926.0,231.0,,,,,,,,,,,,,,,,,,,,,,,,,,,,,,,,,,,,,,,,,,,,,,,,,,
Prod_Diagnostic_14.txt,24-07-510,GW,0X233B,Voltage fault,Voltage,Stored,9,16,3,2026-05-02 13:31:00,169,,,,,383.0,389.0,175.0,994.0,116.0,,,,,,,,,,,,,,,,,,,,,,,,,,,,,,,,,,,,,,,,,,,,,,,,,,
Prod_Diagnostic_14.txt,24-07-510,GW,0XF9FE,Sensor range fault,Sensor,Intermittent,16,17,1,2026-05-10 09:30:00,236,,,,,219.0,301.0,272.0,3.0,756.0,,,,,,,,,,,,,,,,,,,,,,,,,,,,,,,,,,,,,,,,,,,,,,,,,,
Prod_Diagnostic_14.txt,24-07-510,GW,0X74C4,GW performance issue 5,Performance,Active,20,20,5,2026-05-27 01:59:00,420,,,,,633.0,475.0,914.0,869.0,500.0,,,,,,,,,,,,,,,,,,,,,,,,,,,,,,,,,,,,,,,,,,,,,,,,,,
Prod_Diagnostic_14.txt,24-07-510,EPS,0X6B12,Communication fault,Communication,Active,40,14,3,2026-05-10 11:06:00,400,,,,191.0,,,,,,,,,,,,,,,,,,,,,,,,,,,,,,,,,,,,,6.0,359.0,912.0,740.0,,,,,,,,,,,,,,,
Prod_Diagnostic_14.txt,24-07-510,EPS,0X6AC2,EPS specific fault 2,ECU Specific/Other,Active,7,13,4,2026-05-07 02:33:00,387,,,,127.0,,,,,,,,,,,,,,,,,,,,,,,,,,,,,,,,,,,,,527.0,921.0,158.0,421.0,,,,,,,,,,,,,,,
Prod_Diagnostic_14.txt,24-07-510,EPS,0X11C4,EPS specific fault 3,ECU Specific/Other,Active,50,8,2,2026-05-16 12:23:00,390,,,,187.0,,,,,,,,,,,,,,,,,,,,,,,,,,,,,,,,,,,,,307.0,374.0,439.0,914.0,,,,,,,,,,,,,,,
Prod_Diagnostic_14.txt,24-07-510,EPS,0XDFC1,EPS performance issue 4,Performance,Stored,7,14,4,2026-05-06 04:22:00,187,,,,905.0,,,,,,,,,,,,,,,,,,,,,,,,,,,,,,,,,,,,,766.0,445.0,6.0,368.0,,,,,,,,,,,,,,,
Prod_Diagnostic_14.txt,24-07-510,EPS,0X2C54,Voltage fault,Voltage,Active,19,1,2,2026-05-13 13:47:00,359,,,,683.0,,,,,,,,,,,,,,,,,,,,,,,,,,,,,,,,,,,,,340.0,923.0,33.0,165.0,,,,,,,,,,,,,,,
Prod_Diagnostic_14.txt,24-07-510,ECM,0X8AB3,Voltage fault,Voltage,Intermittent,18,3,4,2026-05-16 17:31:00,298,,,,,,,,,,820.0,699.0,732.0,131.0,333.0,,,,,,,,,,,,,,,,,,,,,,,,,,,,,,,,,,,,,,,,,,,,,
Prod_Diagnostic_14.txt,24-07-510,ECM,0X9079,ECM specific fault 2,ECU Specific/Other,Intermittent,48,12,2,2026-05-04 03:50:00,288,,,,,,,,,,22.0,130.0,160.0,353.0,513.0,,,,,,,,,,,,,,,,,,,,,,,,,,,,,,,,,,,,,,,,,,,,,
Prod_Diagnostic_14.txt,24-07-510,ECM,0XD473,Communication fault,Communication,Intermittent,16,1,3,2026-05-14 19:47:00,276,,,,,,,,,,9.0,445.0,492.0,297.0,289.0,,,,,,,,,,,,,,,,,,,,,,,,,,,,,,,,,,,,,,,,,,,,,
Prod_Diagnostic_14.txt,24-07-510,ECM,0X2526,ECM specific fault 4,ECU Specific/Other,Stored,16,19,2,2026-05-24 16:11:00,156,,,,,,,,,,256.0,288.0,786.0,118.0,885.0,,,,,,,,,,,,,,,,,,,,,,,,,,,,,,,,,,,,,,,,,,,,,
Prod_Diagnostic_14.txt,24-07-510,ECM,0XC371,Sensor range fault,Sensor,Active,43,13,2,2026-05-16 22:50:00,383,,,,,,,,,,830.0,106.0,718.0,748.0,515.0,,,,,,,,,,,,,,,,,,,,,,,,,,,,,,,,,,,,,,,,,,,,,
Prod_Diagnostic_14.txt,24-07-510,ABS,0X3E62,ABS performance issue 1,Performance,Active,38,20,2,2026-05-08 03:08:00,378,,,,,,,,,,,,,,,,,,,,,,,,,,,,,,,,,,,,,,,,,,,,,411.0,40.0,281.0,197.0,952.0,,,,,,,,,,
Prod_Diagnostic_14.txt,24-07-510,ABS,0X7D22,Voltage fault,Voltage,Active,40,6,1,2026-05-28 01:24:00,360,,,,,,,,,,,,,,,,,,,,,,,,,,,,,,,,,,,,,,,,,,,,,418.0,538.0,314.0,717.0,649.0,,,,,,,,,,
Prod_Diagnostic_14.txt,24-07-510,ABS,0X48C6,Voltage fault,Voltage,Stored,28,15,1,2026-05-17 13:41:00,148,,,,,,,,,,,,,,,,,,,,,,,,,,,,,,,,,,,,,,,,,,,,,53.0,312.0,113.0,276.0,373.0,,,,,,,,,,
Prod_Diagnostic_14.txt,24-07-510,ABS,0X69DC,Sensor range fault,Sensor,Intermittent,27,7,3,2026-05-02 05:02:00,287,,,,,,,,,,,,,,,,,,,,,,,,,,,,,,,,,,,,,,,,,,,,,1.0,54.0,677.0,763.0,330.0,,,,,,,,,,
Prod_Diagnostic_14.txt,24-07-510,ABS,0X590A,Voltage fault,Voltage,Stored,18,19,1,2026-05-14 05:16:00,138,,,,,,,,,,,,,,,,,,,,,,,,,,,,,,,,,,,,,,,,,,,,,972.0,504.0,373.0,343.0,312.0,,,,,,,,,,
Prod_Diagnostic_14.txt,24-07-510,ADAS,0X28CD,Communication fault,Communication,Intermittent,1,17,2,2026-05-11 11:47:00,241,,,,604.0,798.0,,,,,,,,,,,,,,,,,,,,,,,,,,,,,,,,,830.0,371.0,761.0,,,,,,,,,,,,,,,,,,,
Prod_Diagnostic_14.txt,24-07-510,ADAS,0XAACE,ADAS performance issue 2,Performance,Stored,16,20,3,2026-05-07 18:24:00,176,,,,645.0,134.0,,,,,,,,,,,,,,,,,,,,,,,,,,,,,,,,,90.0,909.0,109.0,,,,,,,,,,,,,,,,,,,
Prod_Diagnostic_14.txt,24-07-510,ADAS,0X2ECF,ADAS performance issue 3,Performance,Active,38,20,2,2026-05-07 22:28:00,378,,,,560.0,965.0,,,,,,,,,,,,,,,,,,,,,,,,,,,,,,,,,948.0,102.0,77.0,,,,,,,,,,,,,,,,,,,
Prod_Diagnostic_14.txt,24-07-510,ADAS,0X67C8,ADAS performance issue 4,Performance,Stored,47,15,2,2026-05-18 23:09:00,187,,,,564.0,429.0,,,,,,,,,,,,,,,,,,,,,,,,,,,,,,,,,45.0,131.0,197.0,,,,,,,,,,,,,,,,,,,
Prod_Diagnostic_14.txt,24-07-510,ADAS,0XF43F,Sensor range fault,Sensor,Intermittent,23,11,4,2026-05-21 22:07:00,303,,,,430.0,495.0,,,,,,,,,,,,,,,,,,,,,,,,,,,,,,,,,933.0,447.0,70.0,,,,,,,,,,,,,,,,,,,
Prod_Diagnostic_14.txt,24-07-510,SRS,0XFE6B,SRS performance issue 1,Performance,Intermittent,2,5,5,2026-05-09 22:08:00,302,,,,,,,,,,,,,,,,,,,,,,,,,,,,,,,,,,,,,,,,,,,,580.0,,,,,297.0,,,,,,,,47.0,979.0,63.0
Prod_Diagnostic_14.txt,24-07-510,SRS,0XCD9F,Voltage fault,Voltage,Stored,32,17,5,2026-05-03 05:28:00,232,,,,,,,,,,,,,,,,,,,,,,,,,,,,,,,,,,,,,,,,,,,,576.0,,,,,769.0,,,,,,,,522.0,394.0,799.0
Prod_Diagnostic_14.txt,24-07-510,SRS,0X769E,SRS specific fault 3,ECU Specific/Other,Intermittent,18,6,2,2026-05-01 05:36:00,258,,,,,,,,,,,,,,,,,,,,,,,,,,,,,,,,,,,,,,,,,,,,10.0,,,,,224.0,,,,,,,,607.0,714.0,901.0
Prod_Diagnostic_14.txt,24-07-510,SRS,0X8497,SRS performance issue 4,Performance,Intermittent,46,16,3,2026-05-10 07:18:00,306,,,,,,,,,,,,,,,,,,,,,,,,,,,,,,,,,,,,,,,,,,,,122.0,,,,,726.0,,,,,,,,275.0,566.0,176.0
Prod_Diagnostic_14.txt,24-07-510,SRS,0X1BAD,Voltage fault,Voltage,Intermittent,16,9,1,2026-05-21 04:56:00,236,,,,,,,,,,,,,,,,,,,,,,,,,,,,,,,,,,,,,,,,,,,,277.0,,,,,285.0,,,,,,,,950.0,137.0,895.0
Prod_Diagnostic_14.txt,24-07-510,RADAR,0XB475,Communication fault,Communication,Active,14,17,1,2026-05-01 20:22:00,334,,,,378.0,,,,,,,,,,,,,,,,,,,,,,,,,,,,,,,,,,,,996.0,,,,,,,,,,648.0,620.0,333.0,,,,,,,
Prod_Diagnostic_14.txt,24-07-510,RADAR,0XC499,Communication fault,Communication,Intermittent,17,4,4,2026-05-20 09:20:00,297,,,,11.0,,,,,,,,,,,,,,,,,,,,,,,,,,,,,,,,,,,,836.0,,,,,,,,,,59.0,641.0,844.0,,,,,,,
Prod_Diagnostic_14.txt,24-07-510,RADAR,0X4822,Sensor range fault,Sensor,Intermittent,18,5,3,2026-05-01 17:42:00,278,,,,800.0,,,,,,,,,,,,,,,,,,,,,,,,,,,,,,,,,,,,962.0,,,,,,,,,,889.0,797.0,598.0,,,,,,,
Prod_Diagnostic_14.txt,24-07-510,RADAR,0XC8FC,Communication fault,Communication,Intermittent,45,12,3,2026-05-28 20:40:00,305,,,,837.0,,,,,,,,,,,,,,,,,,,,,,,,,,,,,,,,,,,,212.0,,,,,,,,,,619.0,565.0,453.0,,,,,,,
Prod_Diagnostic_14.txt,24-07-510,RADAR,0X6302,Voltage fault,Voltage,Stored,14,18,4,2026-05-05 14:14:00,194,,,,378.0,,,,,,,,,,,,,,,,,,,,,,,,,,,,,,,,,,,,445.0,,,,,,,,,,748.0,744.0,152.0,,,,,,,
Prod_Diagnostic_15.txt,25-11-601,ABS,0X7C80,ABS specific fault 1,ECU Specific/Other,Stored,45,13,5,2026-05-26 20:21:00,245,,,,,,,,,,,,,,,,,,,,,,,,,,,,,,,,,,,,,,,,,,,,,142.0,822.0,967.0,670.0,944.0,,,,,,,,,,
Prod_Diagnostic_15.txt,25-11-601,ABS,0X7218,Voltage fault,Voltage,Stored,36,15,5,2026-05-18 15:34:00,236,,,,,,,,,,,,,,,,,,,,,,,,,,,,,,,,,,,,,,,,,,,,,550.0,842.0,236.0,394.0,86.0,,,,,,,,,,
Prod_Diagnostic_15.txt,25-11-601,ABS,0XC705,ABS performance issue 3,Performance,Stored,34,18,2,2026-05-23 02:15:00,174,,,,,,,,,,,,,,,,,,,,,,,,,,,,,,,,,,,,,,,,,,,,,371.0,3.0,209.0,872.0,18.0,,,,,,,,,,
Prod_Diagnostic_15.txt,25-11-601,ABS,0X9EF1,Sensor range fault,Sensor,Stored,9,3,1,2026-05-12 11:54:00,129,,,,,,,,,,,,,,,,,,,,,,,,,,,,,,,,,,,,,,,,,,,,,870.0,888.0,798.0,839.0,143.0,,,,,,,,,,
Prod_Diagnostic_15.txt,25-11-601,ABS,0X85DC,Sensor range fault,Sensor,Active,36,13,2,2026-05-07 07:03:00,376,,,,,,,,,,,,,,,,,,,,,,,,,,,,,,,,,,,,,,,,,,,,,765.0,142.0,121.0,986.0,713.0,,,,,,,,,,
Prod_Diagnostic_15.txt,25-11-601,HVAC,0X70A1,Voltage fault,Voltage,Intermittent,2,13,3,2026-05-02 22:06:00,262,,,,,,,,,,,,,,,,,,,,,,,,,,,,679.0,596.0,76.0,489.0,858.0,,,,,,,,,,,,,,,,,,,,,,,,,,,
Prod_Diagnostic_15.txt,25-11-601,HVAC,0XEED7,HVAC performance issue 2,Performance,Active,2,4,3,2026-05-05 02:15:00,362,,,,,,,,,,,,,,,,,,,,,,,,,,,,79.0,13.0,583.0,852.0,834.0,,,,,,,,,,,,,,,,,,,,,,,,,,,
Prod_Diagnostic_15.txt,25-11-601,HVAC,0X3653,HVAC specific fault 3,ECU Specific/Other,Active,31,4,5,2026-05-23 09:30:00,431,,,,,,,,,,,,,,,,,,,,,,,,,,,,422.0,740.0,346.0,455.0,801.0,,,,,,,,,,,,,,,,,,,,,,,,,,,
Prod_Diagnostic_15.txt,25-11-601,HVAC,0X5969,Communication fault,Communication,Active,10,1,1,2026-05-20 05:32:00,330,,,,,,,,,,,,,,,,,,,,,,,,,,,,165.0,12.0,406.0,853.0,434.0,,,,,,,,,,,,,,,,,,,,,,,,,,,
Prod_Diagnostic_15.txt,25-11-601,HVAC,0X9DDD,HVAC specific fault 5,ECU Specific/Other,Intermittent,17,18,5,2026-05-10 22:14:00,317,,,,,,,,,,,,,,,,,,,,,,,,,,,,434.0,954.0,161.0,279.0,997.0,,,,,,,,,,,,,,,,,,,,,,,,,,,
Prod_Diagnostic_15.txt,25-11-601,FCAM,0X9581,Communication fault,Communication,Stored,9,6,4,2026-05-20 01:14:00,189,,,,764.0,,,,,,,,,,,,,,,,,,,,402.0,189.0,843.0,573.0,,,,,,,,,,,,,,,,,,,,,,,,,,,,,,,,
Prod_Diagnostic_15.txt,25-11-601,FCAM,0XE77A,FCAM performance issue 2,Performance,Active,45,14,4,2026-05-11 20:41:00,425,,,,169.0,,,,,,,,,,,,,,,,,,,,415.0,848.0,390.0,56.0,,,,,,,,,,,,,,,,,,,,,,,,,,,,,,,,
Prod_Diagnostic_15.txt,25-11-601,FCAM,0XB58A,Sensor range fault,Sensor,Stored,13,8,1,2026-05-04 02:23:00,133,,,,344.0,,,,,,,,,,,,,,,,,,,,618.0,798.0,867.0,29.0,,,,,,,,,,,,,,,,,,,,,,,,,,,,,,,,
Prod_Diagnostic_15.txt,25-11-601,FCAM,0X583E,Voltage fault,Voltage,Active,35,3,1,2026-05-07 19:00:00,355,,,,193.0,,,,,,,,,,,,,,,,,,,,775.0,932.0,317.0,565.0,,,,,,,,,,,,,,,,,,,,,,,,,,,,,,,,
Prod_Diagnostic_15.txt,25-11-601,FCAM,0XB36D,Voltage fault,Voltage,Active,16,8,1,2026-05-19 18:02:00,336,,,,47.0,,,,,,,,,,,,,,,,,,,,578.0,810.0,496.0,50.0,,,,,,,,,,,,,,,,,,,,,,,,,,,,,,,,
Prod_Diagnostic_15.txt,25-11-601,GW,0X27DC,Sensor range fault,Sensor,Stored,1,11,3,2026-05-13 16:12:00,161,,,,,401.0,323.0,770.0,744.0,365.0,,,,,,,,,,,,,,,,,,,,,,,,,,,,,,,,,,,,,,,,,,,,,,,,,,
Prod_Diagnostic_15.txt,25-11-601,GW,0XC3E1,Voltage fault,Voltage,Intermittent,7,10,4,2026-05-24 16:06:00,287,,,,,794.0,515.0,827.0,154.0,25.0,,,,,,,,,,,,,,,,,,,,,,,,,,,,,,,,,,,,,,,,,,,,,,,,,,
Prod_Diagnostic_15.txt,25-11-601,GW,0XDBCB,GW performance issue 3,Performance,Stored,31,18,1,2026-05-10 05:09:00,151,,,,,81.0,699.0,475.0,907.0,641.0,,,,,,,,,,,,,,,,,,,,,,,,,,,,,,,,,,,,,,,,,,,,,,,,,,
Prod_Diagnostic_15.txt,25-11-601,GW,0XC7ED,Communication fault,Communication,Active,14,20,2,2026-05-25 22:10:00,354,,,,,529.0,987.0,514.0,747.0,624.0,,,,,,,,,,,,,,,,,,,,,,,,,,,,,,,,,,,,,,,,,,,,,,,,,,
Prod_Diagnostic_15.txt,25-11-601,GW,0XFE23,GW performance issue 5,Performance,Stored,29,4,3,2026-05-10 11:39:00,189,,,,,442.0,877.0,963.0,41.0,913.0,,,,,,,,,,,,,,,,,,,,,,,,,,,,,,,,,,,,,,,,,,,,,,,,,,
Prod_Diagnostic_15.txt,25-11-601,BCM,0X4D36,BCM specific fault 1,ECU Specific/Other,Active,40,19,1,2026-05-05 18:40:00,360,,,,,,,,,16.0,,,,,,,,,,,510.0,100.0,825.0,147.0,,,,,,,,,,,,,,,,,,,,,,,,,,,,,,,,,,,,
Prod_Diagnostic_15.txt,25-11-601,BCM,0X9C11,Sensor range fault,Sensor,Active,32,3,4,2026-05-11 05:59:00,412,,,,,,,,,287.0,,,,,,,,,,,303.0,166.0,70.0,591.0,,,,,,,,,,,,,,,,,,,,,,,,,,,,,,,,,,,,
Prod_Diagnostic_15.txt,25-11-601,BCM,0X6A76,Sensor range fault,Sensor,Active,5,5,4,2026-05-09 15:16:00,385,,,,,,,,,666.0,,,,,,,,,,,782.0,898.0,453.0,947.0,,,,,,,,,,,,,,,,,,,,,,,,,,,,,,,,,,,,
Prod_Diagnostic_15.txt,25-11-601,BCM,0X2FBC,Voltage fault,Voltage,Intermittent,32,1,3,2026-05-28 09:25:00,292,,,,,,,,,940.0,,,,,,,,,,,419.0,878.0,635.0,697.0,,,,,,,,,,,,,,,,,,,,,,,,,,,,,,,,,,,,
Prod_Diagnostic_15.txt,25-11-601,BCM,0X80DA,Voltage fault,Voltage,Stored,33,19,3,2026-05-12 02:43:00,193,,,,,,,,,270.0,,,,,,,,,,,424.0,519.0,461.0,899.0,,,,,,,,,,,,,,,,,,,,,,,,,,,,,,,,,,,,
Prod_Diagnostic_15.txt,25-11-601,TCM,0XAEE0,Communication fault,Communication,Intermittent,4,7,5,2026-05-01 04:54:00,304,,,,,,,,,,,,,,,,,,,,,,,,,,,,,,,,,108.0,298.0,385.0,163.0,584.0,,,,,,,,,,,,,,,,,,,,,,
Prod_Diagnostic_15.txt,25-11-601,TCM,0XEA94,TCM specific fault 2,ECU Specific/Other,Active,15,12,4,2026-05-22 02:22:00,395,,,,,,,,,,,,,,,,,,,,,,,,,,,,,,,,,478.0,480.0,658.0,548.0,922.0,,,,,,,,,,,,,,,,,,,,,,
Prod_Diagnostic_15.txt,25-11-601,TCM,0X2BEF,TCM specific fault 3,ECU Specific/Other,Active,12,3,4,2026-05-25 13:12:00,392,,,,,,,,,,,,,,,,,,,,,,,,,,,,,,,,,412.0,337.0,67.0,325.0,351.0,,,,,,,,,,,,,,,,,,,,,,
Prod_Diagnostic_15.txt,25-11-601,TCM,0X8C7D,TCM performance issue 4,Performance,Active,45,15,1,2026-05-09 14:02:00,365,,,,,,,,,,,,,,,,,,,,,,,,,,,,,,,,,559.0,160.0,972.0,482.0,150.0,,,,,,,,,,,,,,,,,,,,,,
Prod_Diagnostic_15.txt,25-11-601,TCM,0X61F7,Voltage fault,Voltage,Intermittent,3,19,4,2026-05-02 11:50:00,283,,,,,,,,,,,,,,,,,,,,,,,,,,,,,,,,,441.0,485.0,219.0,56.0,217.0,,,,,,,,,,,,,,,,,,,,,,
Prod_Diagnostic_15.txt,25-11-601,OBC,0XD234,Communication fault,Communication,Intermittent,28,8,3,2026-05-21 05:05:00,288,,,,,,,,,,,,,,,146.0,71.0,281.0,415.0,84.0,,,,,,,,,,,,,,,,,,,,,,,,,,,,,,,,,,,,,,,,
Prod_Diagnostic_15.txt,25-11-601,OBC,0XEFAF,Sensor range fault,Sensor,Intermittent,29,13,5,2026-05-07 21:57:00,329,,,,,,,,,,,,,,,266.0,189.0,851.0,56.0,95.0,,,,,,,,,,,,,,,,,,,,,,,,,,,,,,,,,,,,,,,,
Prod_Diagnostic_15.txt,25-11-601,OBC,0X678E,OBC specific fault 3,ECU Specific/Other,Stored,11,6,3,2026-05-14 15:30:00,171,,,,,,,,,,,,,,,549.0,706.0,803.0,165.0,989.0,,,,,,,,,,,,,,,,,,,,,,,,,,,,,,,,,,,,,,,,
Prod_Diagnostic_15.txt,25-11-601,OBC,0X6ACD,OBC specific fault 4,ECU Specific/Other,Intermittent,37,12,1,2026-05-18 19:12:00,257,,,,,,,,,,,,,,,80.0,741.0,684.0,593.0,632.0,,,,,,,,,,,,,,,,,,,,,,,,,,,,,,,,,,,,,,,,
Prod_Diagnostic_15.txt,25-11-601,OBC,0X62E0,Voltage fault,Voltage,Intermittent,47,10,1,2026-05-05 14:59:00,267,,,,,,,,,,,,,,,152.0,512.0,886.0,325.0,117.0,,,,,,,,,,,,,,,,,,,,,,,,,,,,,,,,,,,,,,,,
Prod_Diagnostic_15.txt,25-11-601,ECM,0X5347,ECM specific fault 1,ECU Specific/Other,Intermittent,47,0,4,2026-05-27 04:40:00,327,,,,,,,,,,461.0,655.0,993.0,593.0,100.0,,,,,,,,,,,,,,,,,,,,,,,,,,,,,,,,,,,,,,,,,,,,,
Prod_Diagnostic_15.txt,25-11-601,ECM,0X47F7,Communication fault,Communication,Intermittent,13,13,5,2026-05-25 05:38:00,313,,,,,,,,,,387.0,222.0,357.0,215.0,976.0,,,,,,,,,,,,,,,,,,,,,,,,,,,,,,,,,,,,,,,,,,,,,
Prod_Diagnostic_15.txt,25-11-601,ECM,0XBDFC,Voltage fault,Voltage,Intermittent,1,11,3,2026-05-01 09:57:00,261,,,,,,,,,,315.0,515.0,839.0,889.0,128.0,,,,,,,,,,,,,,,,,,,,,,,,,,,,,,,,,,,,,,,,,,,,,
Prod_Diagnostic_15.txt,25-11-601,ECM,0XB61F,ECM specific fault 4,ECU Specific/Other,Stored,27,13,3,2026-05-12 17:27:00,187,,,,,,,,,,536.0,998.0,784.0,344.0,117.0,,,,,,,,,,,,,,,,,,,,,,,,,,,,,,,,,,,,,,,,,,,,,
Prod_Diagnostic_15.txt,25-11-601,ECM,0X8575,Voltage fault,Voltage,Stored,24,5,5,2026-05-20 05:34:00,224,,,,,,,,,,447.0,391.0,292.0,866.0,676.0,,,,,,,,,,,,,,,,,,,,,,,,,,,,,,,,,,,,,,,,,,,,,
Prod_Diagnostic_15.txt,25-11-601,RADAR,0XB254,RADAR specific fault 1,ECU Specific/Other,Stored,45,19,1,2026-05-03 03:05:00,165,,,,955.0,,,,,,,,,,,,,,,,,,,,,,,,,,,,,,,,,,,,632.0,,,,,,,,,,666.0,17.0,422.0,,,,,,,
Prod_Diagnostic_15.txt,25-11-601,RADAR,0X8F14,Communication fault,Communication,Intermittent,49,19,5,2026-05-04 20:28:00,349,,,,34.0,,,,,,,,,,,,,,,,,,,,,,,,,,,,,,,,,,,,826.0,,,,,,,,,,516.0,596.0,684.0,,,,,,,
Prod_Diagnostic_15.txt,25-11-601,RADAR,0XEA09,Sensor range fault,Sensor,Stored,14,7,4,2026-05-18 12:07:00,194,,,,974.0,,,,,,,,,,,,,,,,,,,,,,,,,,,,,,,,,,,,481.0,,,,,,,,,,201.0,877.0,128.0,,,,,,,
Prod_Diagnostic_15.txt,25-11-601,RADAR,0XDB33,Sensor range fault,Sensor,Stored,27,20,4,2026-05-01 11:50:00,207,,,,275.0,,,,,,,,,,,,,,,,,,,,,,,,,,,,,,,,,,,,291.0,,,,,,,,,,230.0,520.0,901.0,,,,,,,
Prod_Diagnostic_15.txt,25-11-601,RADAR,0X5EB1,Sensor range fault,Sensor,Stored,44,7,1,2026-05-14 01:00:00,164,,,,384.0,,,,,,,,,,,,,,,,,,,,,,,,,,,,,,,,,,,,810.0,,,,,,,,,,27.0,158.0,861.0,,,,,,,
Prod_Diagnostic_15.txt,25-11-601,TCU,0XE1ED,TCU performance issue 1,Performance,Intermittent,39,10,3,2026-05-06 18:27:00,299,248.0,570.0,997.0,401.0,198.0,,,,,,,,,,,,,,,,,,,,,,,,,,,,,,,,,,,,,,,,,,,,,,,,,,,,,,
Prod_Diagnostic_15.txt,25-11-601,TCU,0XB4F9,TCU performance issue 2,Performance,Stored,4,18,4,2026-05-05 20:24:00,184,746.0,178.0,413.0,926.0,326.0,,,,,,,,,,,,,,,,,,,,,,,,,,,,,,,,,,,,,,,,,,,,,,,,,,,,,,
Prod_Diagnostic_15.txt,25-11-601,TCU,0X388F,TCU performance issue 3,Performance,Stored,15,3,2,2026-05-17 03:40:00,155,591.0,804.0,402.0,864.0,781.0,,,,,,,,,,,,,,,,,,,,,,,,,,,,,,,,,,,,,,,,,,,,,,,,,,,,,,
Prod_Diagnostic_15.txt,25-11-601,TCU,0XE65B,Sensor range fault,Sensor,Intermittent,11,10,2,2026-05-03 02:01:00,251,448.0,12.0,644.0,789.0,608.0,,,,,,,,,,,,,,,,,,,,,,,,,,,,,,,,,,,,,,,,,,,,,,,,,,,,,,
Prod_Diagnostic_15.txt,25-11-601,TCU,0X171F,Voltage fault,Voltage,Intermittent,46,17,1,2026-05-19 12:01:00,266,761.0,752.0,134.0,465.0,650.0,,,,,,,,,,,,,,,,,,,,,,,,,,,,,,,,,,,,,,,,,,,,,,,,,,,,,,
Prod_Diagnostic_15.txt,25-11-601,BMS,0X3FC2,Sensor range fault,Sensor,Active,42,7,3,2026-05-07 17:53:00,402,,,,,,,,,,,,,,,,,,252.0,,,,,,,,,,,,,,,,,,,,,,,,,,,,,,,,,,,744.0,799.0,827.0,805.0,,,
Prod_Diagnostic_15.txt,25-11-601,BMS,0XD538,BMS specific fault 2,ECU Specific/Other,Stored,43,1,3,2026-05-03 04:40:00,203,,,,,,,,,,,,,,,,,,24.0,,,,,,,,,,,,,,,,,,,,,,,,,,,,,,,,,,,654.0,594.0,888.0,106.0,,,
Prod_Diagnostic_15.txt,25-11-601,BMS,0X8589,Communication fault,Communication,Intermittent,8,3,2,2026-05-10 08:57:00,248,,,,,,,,,,,,,,,,,,185.0,,,,,,,,,,,,,,,,,,,,,,,,,,,,,,,,,,,96.0,80.0,507.0,865.0,,,
Prod_Diagnostic_15.txt,25-11-601,BMS,0XF9A7,Sensor range fault,Sensor,Active,26,3,4,2026-05-26 00:26:00,406,,,,,,,,,,,,,,,,,,76.0,,,,,,,,,,,,,,,,,,,,,,,,,,,,,,,,,,,499.0,983.0,641.0,79.0,,,
Prod_Diagnostic_15.txt,25-11-601,BMS,0XBFF5,Voltage fault,Voltage,Stored,25,10,4,2026-05-26 05:11:00,205,,,,,,,,,,,,,,,,,,306.0,,,,,,,,,,,,,,,,,,,,,,,,,,,,,,,,,,,11.0,926.0,183.0,676.0,,,
Prod_Diagnostic_15.txt,25-11-601,SRS,0XB197,SRS performance issue 1,Performance,Intermittent,3,3,3,2026-05-12 15:39:00,263,,,,,,,,,,,,,,,,,,,,,,,,,,,,,,,,,,,,,,,,,,,,163.0,,,,,615.0,,,,,,,,560.0,6.0,535.0
Prod_Diagnostic_15.txt,25-11-601,SRS,0XFD34,Sensor range fault,Sensor,Active,13,19,1,2026-05-18 00:33:00,333,,,,,,,,,,,,,,,,,,,,,,,,,,,,,,,,,,,,,,,,,,,,222.0,,,,,525.0,,,,,,,,780.0,157.0,888.0
Prod_Diagnostic_15.txt,25-11-601,SRS,0X2D62,Sensor range fault,Sensor,Active,2,10,2,2026-05-08 02:46:00,342,,,,,,,,,,,,,,,,,,,,,,,,,,,,,,,,,,,,,,,,,,,,275.0,,,,,709.0,,,,,,,,963.0,130.0,281.0
Prod_Diagnostic_15.txt,25-11-601,SRS,0X4301,SRS specific fault 4,ECU Specific/Other,Active,23,17,3,2026-05-15 23:51:00,383,,,,,,,,,,,,,,,,,,,,,,,,,,,,,,,,,,,,,,,,,,,,970.0,,,,,508.0,,,,,,,,447.0,525.0,410.0
Prod_Diagnostic_15.txt,25-11-601,SRS,0X5006,Voltage fault,Voltage,Active,13,8,4,2026-05-04 18:50:00,393,,,,,,,,,,,,,,,,,,,,,,,,,,,,,,,,,,,,,,,,,,,,170.0,,,,,785.0,,,,,,,,602.0,320.0,814.0
Prod_Diagnostic_16.txt,25-03-420,BMS,0XC01B,Sensor range fault,Sensor,Intermittent,25,8,2,2026-05-05 18:29:00,265,,,,,,,,,,,,,,,,,,123.0,,,,,,,,,,,,,,,,,,,,,,,,,,,,,,,,,,,130.0,327.0,883.0,152.0,,,
Prod_Diagnostic_16.txt,25-03-420,BMS,0XF346,BMS performance issue 2,Performance,Stored,41,14,1,2026-05-17 16:15:00,161,,,,,,,,,,,,,,,,,,592.0,,,,,,,,,,,,,,,,,,,,,,,,,,,,,,,,,,,490.0,678.0,502.0,288.0,,,
Prod_Diagnostic_16.txt,25-03-420,BMS,0XD5CB,Sensor range fault,Sensor,Intermittent,31,7,1,2026-05-09 09:45:00,251,,,,,,,,,,,,,,,,,,85.0,,,,,,,,,,,,,,,,,,,,,,,,,,,,,,,,,,,362.0,572.0,856.0,894.0,,,
Prod_Diagnostic_16.txt,25-03-420,BMS,0XB8D3,Voltage fault,Voltage,Intermittent,48,6,1,2026-05-03 15:03:00,268,,,,,,,,,,,,,,,,,,218.0,,,,,,,,,,,,,,,,,,,,,,,,,,,,,,,,,,,14.0,687.0,222.0,480.0,,,
Prod_Diagnostic_16.txt,25-03-420,BMS,0X401B,BMS specific fault 5,ECU Specific/Other,Stored,7,10,2,2026-05-27 18:48:00,147,,,,,,,,,,,,,,,,,,541.0,,,,,,,,,,,,,,,,,,,,,,,,,,,,,,,,,,,527.0,880.0,321.0,779.0,,,
Prod_Diagnostic_16.txt,25-03-420,FCAM,0XC561,Sensor range fault,Sensor,Stored,42,4,5,2026-05-04 04:14:00,242,,,,999.0,,,,,,,,,,,,,,,,,,,,939.0,373.0,395.0,464.0,,,,,,,,,,,,,,,,,,,,,,,,,,,,,,,,
Prod_Diagnostic_16.txt,25-03-420,FCAM,0X9372,FCAM performance issue 2,Performance,Active,50,12,2,2026-05-03 08:27:00,390,,,,975.0,,,,,,,,,,,,,,,,,,,,169.0,703.0,315.0,891.0,,,,,,,,,,,,,,,,,,,,,,,,,,,,,,,,
Prod_Diagnostic_16.txt,25-03-420,FCAM,0XB5FC,FCAM performance issue 3,Performance,Active,10,14,1,2026-05-24 03:15:00,330,,,,192.0,,,,,,,,,,,,,,,,,,,,17.0,916.0,472.0,274.0,,,,,,,,,,,,,,,,,,,,,,,,,,,,,,,,
Prod_Diagnostic_16.txt,25-03-420,FCAM,0X89EA,Communication fault,Communication,Intermittent,34,14,3,2026-05-09 03:59:00,294,,,,442.0,,,,,,,,,,,,,,,,,,,,564.0,87.0,363.0,218.0,,,,,,,,,,,,,,,,,,,,,,,,,,,,,,,,
Prod_Diagnostic_16.txt,25-03-420,FCAM,0X759D,Voltage fault,Voltage,Intermittent,28,16,3,2026-05-02 14:17:00,288,,,,665.0,,,,,,,,,,,,,,,,,,,,379.0,101.0,51.0,392.0,,,,,,,,,,,,,,,,,,,,,,,,,,,,,,,,
Prod_Diagnostic_16.txt,25-03-420,TCM,0X41A5,TCM specific fault 1,ECU Specific/Other,Stored,13,12,2,2026-05-20 08:33:00,153,,,,,,,,,,,,,,,,,,,,,,,,,,,,,,,,,623.0,506.0,532.0,444.0,112.0,,,,,,,,,,,,,,,,,,,,,,
Prod_Diagnostic_16.txt,25-03-420,TCM,0XB576,Communication fault,Communication,Active,8,7,1,2026-05-02 01:36:00,328,,,,,,,,,,,,,,,,,,,,,,,,,,,,,,,,,273.0,245.0,68.0,545.0,104.0,,,,,,,,,,,,,,,,,,,,,,
Prod_Diagnostic_16.txt,25-03-420,TCM,0X49F9,Sensor range fault,Sensor,Intermittent,45,12,4,2026-05-13 03:14:00,325,,,,,,,,,,,,,,,,,,,,,,,,,,,,,,,,,752.0,844.0,901.0,709.0,275.0,,,,,,,,,,,,,,,,,,,,,,
Prod_Diagnostic_16.txt,25-03-420,TCM,0X44A9,TCM specific fault 4,ECU Specific/Other,Active,14,11,3,2026-05-23 19:18:00,374,,,,,,,,,,,,,,,,,,,,,,,,,,,,,,,,,752.0,4.0,97.0,190.0,516.0,,,,,,,,,,,,,,,,,,,,,,
Prod_Diagnostic_16.txt,25-03-420,TCM,0X8A0C,TCM performance issue 5,Performance,Intermittent,20,7,2,2026-05-11 21:04:00,260,,,,,,,,,,,,,,,,,,,,,,,,,,,,,,,,,171.0,192.0,341.0,922.0,467.0,,,,,,,,,,,,,,,,,,,,,,
Prod_Diagnostic_16.txt,25-03-420,SRS,0X1342,Voltage fault,Voltage,Intermittent,31,13,3,2026-05-01 05:16:00,291,,,,,,,,,,,,,,,,,,,,,,,,,,,,,,,,,,,,,,,,,,,,696.0,,,,,903.0,,,,,,,,79.0,175.0,779.0
Prod_Diagnostic_16.txt,25-03-420,SRS,0XA810,Communication fault,Communication,Stored,31,18,1,2026-05-16 07:30:00,151,,,,,,,,,,,,,,,,,,,,,,,,,,,,,,,,,,,,,,,,,,,,18.0,,,,,113.0,,,,,,,,47.0,839.0,581.0
Prod_Diagnostic_16.txt,25-03-420,SRS,0XE5DA,Sensor range fault,Sensor,Active,34,16,2,2026-05-25 04:49:00,374,,,,,,,,,,,,,,,,,,,,,,,,,,,,,,,,,,,,,,,,,,,,824.0,,,,,97.0,,,,,,,,103.0,312.0,754.0
Prod_Diagnostic_16.txt,25-03-420,SRS,0X83DE,Sensor range fault,Sensor,Stored,48,11,5,2026-05-09 21:31:00,248,,,,,,,,,,,,,,,,,,,,,,,,,,,,,,,,,,,,,,,,,,,,14.0,,,,,260.0,,,,,,,,374.0,470.0,848.0
Prod_Diagnostic_16.txt,25-03-420,SRS,0X5D17,Sensor range fault,Sensor,Intermittent,22,16,5,2026-05-16 03:17:00,322,,,,,,,,,,,,,,,,,,,,,,,,,,,,,,,,,,,,,,,,,,,,656.0,,,,,703.0,,,,,,,,532.0,746.0,22.0
Prod_Diagnostic_16.txt,25-03-420,ABS,0X790A,Voltage fault,Voltage,Active,43,4,3,2026-05-16 00:15:00,403,,,,,,,,,,,,,,,,,,,,,,,,,,,,,,,,,,,,,,,,,,,,,592.0,759.0,713.0,997.0,442.0,,,,,,,,,,
Prod_Diagnostic_16.txt,25-03-420,ABS,0X44D0,Sensor range fault,Sensor,Intermittent,6,6,4,2026-05-21 03:17:00,286,,,,,,,,,,,,,,,,,,,,,,,,,,,,,,,,,,,,,,,,,,,,,899.0,642.0,696.0,558.0,921.0,,,,,,,,,,
Prod_Diagnostic_16.txt,25-03-420,ABS,0XF047,ABS specific fault 3,ECU Specific/Other,Intermittent,12,8,3,2026-05-11 12:37:00,272,,,,,,,,,,,,,,,,,,,,,,,,,,,,,,,,,,,,,,,,,,,,,428.0,968.0,283.0,317.0,196.0,,,,,,,,,,
Prod_Diagnostic_16.txt,25-03-420,ABS,0XA45B,Communication fault,Communication,Intermittent,45,10,5,2026-05-04 13:50:00,345,,,,,,,,,,,,,,,,,,,,,,,,,,,,,,,,,,,,,,,,,,,,,466.0,581.0,992.0,812.0,812.0,,,,,,,,,,
Prod_Diagnostic_16.txt,25-03-420,ABS,0X59D5,Sensor range fault,Sensor,Active,1,15,2,2026-05-15 21:09:00,341,,,,,,,,,,,,,,,,,,,,,,,,,,,,,,,,,,,,,,,,,,,,,536.0,990.0,297.0,639.0,572.0,,,,,,,,,,
Prod_Diagnostic_16.txt,25-03-420,ECM,0X5DBB,Voltage fault,Voltage,Stored,19,2,3,2026-05-01 14:02:00,179,,,,,,,,,,223.0,290.0,846.0,608.0,127.0,,,,,,,,,,,,,,,,,,,,,,,,,,,,,,,,,,,,,,,,,,,,,
Prod_Diagnostic_16.txt,25-03-420,ECM,0X8D05,Communication fault,Communication,Stored,1,13,3,2026-05-22 00:03:00,161,,,,,,,,,,258.0,142.0,359.0,900.0,291.0,,,,,,,,,,,,,,,,,,,,,,,,,,,,,,,,,,,,,,,,,,,,,
Prod_Diagnostic_16.txt,25-03-420,ECM,0XBA52,ECM performance issue 3,Performance,Intermittent,10,2,3,2026-05-05 23:12:00,270,,,,,,,,,,443.0,600.0,941.0,83.0,298.0,,,,,,,,,,,,,,,,,,,,,,,,,,,,,,,,,,,,,,,,,,,,,
Prod_Diagnostic_16.txt,25-03-420,ECM,0X183A,Voltage fault,Voltage,Stored,23,7,4,2026-05-14 12:57:00,203,,,,,,,,,,101.0,915.0,268.0,943.0,310.0,,,,,,,,,,,,,,,,,,,,,,,,,,,,,,,,,,,,,,,,,,,,,
Prod_Diagnostic_16.txt,25-03-420,ECM,0X5F8C,ECM performance issue 5,Performance,Active,37,13,3,2026-05-26 18:08:00,397,,,,,,,,,,700.0,787.0,205.0,257.0,139.0,,,,,,,,,,,,,,,,,,,,,,,,,,,,,,,,,,,,,,,,,,,,,
Prod_Diagnostic_16.txt,25-03-420,EPS,0X9DE5,EPS specific fault 1,ECU Specific/Other,Active,20,9,1,2026-05-10 18:59:00,340,,,,385.0,,,,,,,,,,,,,,,,,,,,,,,,,,,,,,,,,,,,,644.0,473.0,559.0,188.0,,,,,,,,,,,,,,,
Prod_Diagnostic_16.txt,25-03-420,EPS,0X2896,EPS specific fault 2,ECU Specific/Other,Active,34,14,3,2026-05-17 21:45:00,394,,,,478.0,,,,,,,,,,,,,,,,,,,,,,,,,,,,,,,,,,,,,367.0,480.0,363.0,438.0,,,,,,,,,,,,,,,
Prod_Diagnostic_16.txt,25-03-420,EPS,0X7906,EPS specific fault 3,ECU Specific/Other,Stored,2,17,1,2026-05-25 13:05:00,122,,,,310.0,,,,,,,,,,,,,,,,,,,,,,,,,,,,,,,,,,,,,774.0,144.0,630.0,929.0,,,,,,,,,,,,,,,
Prod_Diagnostic_16.txt,25-03-420,EPS,0XA490,Voltage fault,Voltage,Intermittent,24,4,5,2026-05-18 18:56:00,324,,,,403.0,,,,,,,,,,,,,,,,,,,,,,,,,,,,,,,,,,,,,301.0,55.0,774.0,866.0,,,,,,,,,,,,,,,
Prod_Diagnostic_16.txt,25-03-420,EPS,0X7727,Voltage fault,Voltage,Intermittent,1,14,5,2026-05-15 01:05:00,301,,,,110.0,,,,,,,,,,,,,,,,,,,,,,,,,,,,,,,,,,,,,57.0,277.0,850.0,666.0,,,,,,,,,,,,,,,
Prod_Diagnostic_16.txt,25-03-420,ADAS,0XA826,Sensor range fault,Sensor,Active,19,18,4,2026-05-23 10:55:00,399,,,,691.0,599.0,,,,,,,,,,,,,,,,,,,,,,,,,,,,,,,,,63.0,125.0,759.0,,,,,,,,,,,,,,,,,,,
Prod_Diagnostic_16.txt,25-03-420,ADAS,0XCD46,ADAS performance issue 2,Performance,Intermittent,4,6,5,2026-05-05 17:47:00,304,,,,917.0,229.0,,,,,,,,,,,,,,,,,,,,,,,,,,,,,,,,,991.0,508.0,140.0,,,,,,,,,,,,,,,,,,,
Prod_Diagnostic_16.txt,25-03-420,ADAS,0X5D07,Voltage fault,Voltage,Intermittent,20,0,4,2026-05-20 22:12:00,300,,,,619.0,157.0,,,,,,,,,,,,,,,,,,,,,,,,,,,,,,,,,118.0,69.0,1.0,,,,,,,,,,,,,,,,,,,
Prod_Diagnostic_16.txt,25-03-420,ADAS,0X9513,Communication fault,Communication,Active,16,6,1,2026-05-16 00:53:00,336,,,,949.0,57.0,,,,,,,,,,,,,,,,,,,,,,,,,,,,,,,,,518.0,455.0,401.0,,,,,,,,,,,,,,,,,,,
Prod_Diagnostic_16.txt,25-03-420,ADAS,0X5CC7,Communication fault,Communication,Stored,31,5,2,2026-05-27 17:16:00,171,,,,880.0,450.0,,,,,,,,,,,,,,,,,,,,,,,,,,,,,,,,,842.0,628.0,698.0,,,,,,,,,,,,,,,,,,,
Prod_Diagnostic_16.txt,25-03-420,BCM,0X2F89,BCM performance issue 1,Performance,Stored,10,20,1,2026-05-06 04:52:00,130,,,,,,,,,175.0,,,,,,,,,,,763.0,674.0,247.0,524.0,,,,,,,,,,,,,,,,,,,,,,,,,,,,,,,,,,,,
Prod_Diagnostic_16.txt,25-03-420,BCM,0X434A,BCM performance issue 2,Performance,Stored,31,9,3,2026-05-22 03:37:00,191,,,,,,,,,282.0,,,,,,,,,,,505.0,377.0,684.0,401.0,,,,,,,,,,,,,,,,,,,,,,,,,,,,,,,,,,,,
Prod_Diagnostic_16.txt,25-03-420,BCM,0XC299,BCM specific fault 3,ECU Specific/Other,Active,30,13,4,2026-05-05 00:18:00,410,,,,,,,,,399.0,,,,,,,,,,,469.0,124.0,578.0,12.0,,,,,,,,,,,,,,,,,,,,,,,,,,,,,,,,,,,,
Prod_Diagnostic_16.txt,25-03-420,BCM,0X5D81,BCM performance issue 4,Performance,Active,42,20,5,2026-05-15 01:58:00,442,,,,,,,,,143.0,,,,,,,,,,,929.0,364.0,986.0,480.0,,,,,,,,,,,,,,,,,,,,,,,,,,,,,,,,,,,,
Prod_Diagnostic_16.txt,25-03-420,BCM,0X56E3,BCM specific fault 5,ECU Specific/Other,Active,11,11,5,2026-05-28 16:13:00,411,,,,,,,,,538.0,,,,,,,,,,,358.0,925.0,724.0,400.0,,,,,,,,,,,,,,,,,,,,,,,,,,,,,,,,,,,,
Prod_Diagnostic_16.txt,25-03-420,GW,0X2011,GW performance issue 1,Performance,Active,42,4,3,2026-05-21 23:36:00,402,,,,,733.0,348.0,471.0,880.0,806.0,,,,,,,,,,,,,,,,,,,,,,,,,,,,,,,,,,,,,,,,,,,,,,,,,,
Prod_Diagnostic_16.txt,25-03-420,GW,0X5741,Voltage fault,Voltage,Intermittent,20,12,1,2026-05-27 20:30:00,240,,,,,484.0,386.0,986.0,621.0,675.0,,,,,,,,,,,,,,,,,,,,,,,,,,,,,,,,,,,,,,,,,,,,,,,,,,
Prod_Diagnostic_16.txt,25-03-420,GW,0XA377,Voltage fault,Voltage,Intermittent,33,16,3,2026-05-05 22:20:00,293,,,,,595.0,603.0,979.0,357.0,599.0,,,,,,,,,,,,,,,,,,,,,,,,,,,,,,,,,,,,,,,,,,,,,,,,,,
Prod_Diagnostic_16.txt,25-03-420,GW,0XE473,GW performance issue 4,Performance,Stored,5,1,1,2026-05-28 23:10:00,125,,,,,682.0,238.0,99.0,109.0,512.0,,,,,,,,,,,,,,,,,,,,,,,,,,,,,,,,,,,,,,,,,,,,,,,,,,
Prod_Diagnostic_16.txt,25-03-420,GW,0X62DB,GW specific fault 5,ECU Specific/Other,Active,50,7,1,2026-05-06 23:57:00,370,,,,,997.0,394.0,774.0,431.0,945.0,,,,,,,,,,,,,,,,,,,,,,,,,,,,,,,,,,,,,,,,,,,,,,,,,,
Prod_Diagnostic_16.txt,25-03-420,HVAC,0X1FDA,Communication fault,Communication,Intermittent,17,3,1,2026-05-28 23:04:00,237,,,,,,,,,,,,,,,,,,,,,,,,,,,,453.0,782.0,384.0,622.0,647.0,,,,,,,,,,,,,,,,,,,,,,,,,,,
Prod_Diagnostic_16.txt,25-03-420,HVAC,0XFC6D,Communication fault,Communication,Active,21,3,4,2026-05-13 04:40:00,401,,,,,,,,,,,,,,,,,,,,,,,,,,,,588.0,570.0,205.0,201.0,259.0,,,,,,,,,,,,,,,,,,,,,,,,,,,
Prod_Diagnostic_16.txt,25-03-420,HVAC,0X8000,HVAC specific fault 3,ECU Specific/Other,Intermittent,19,7,2,2026-05-24 05:27:00,259,,,,,,,,,,,,,,,,,,,,,,,,,,,,834.0,542.0,829.0,809.0,197.0,,,,,,,,,,,,,,,,,,,,,,,,,,,
Prod_Diagnostic_16.txt,25-03-420,HVAC,0XA505,Communication fault,Communication,Active,41,3,2,2026-05-02 04:57:00,381,,,,,,,,,,,,,,,,,,,,,,,,,,,,6.0,369.0,793.0,418.0,582.0,,,,,,,,,,,,,,,,,,,,,,,,,,,
Prod_Diagnostic_16.txt,25-03-420,HVAC,0XED4F,HVAC performance issue 5,Performance,Active,22,5,5,2026-05-16 06:53:00,422,,,,,,,,,,,,,,,,,,,,,,,,,,,,213.0,585.0,848.0,486.0,513.0,,,,,,,,,,,,,,,,,,,,,,,,,,,
Prod_Diagnostic_16.txt,25-03-420,RADAR,0X6B42,Sensor range fault,Sensor,Intermittent,36,4,1,2026-05-15 13:40:00,256,,,,583.0,,,,,,,,,,,,,,,,,,,,,,,,,,,,,,,,,,,,73.0,,,,,,,,,,386.0,895.0,81.0,,,,,,,
Prod_Diagnostic_16.txt,25-03-420,RADAR,0XD84A,Voltage fault,Voltage,Intermittent,20,3,1,2026-05-16 07:03:00,240,,,,24.0,,,,,,,,,,,,,,,,,,,,,,,,,,,,,,,,,,,,339.0,,,,,,,,,,616.0,554.0,230.0,,,,,,,
Prod_Diagnostic_16.txt,25-03-420,RADAR,0XFC1A,Sensor range fault,Sensor,Stored,25,11,1,2026-05-28 05:18:00,145,,,,248.0,,,,,,,,,,,,,,,,,,,,,,,,,,,,,,,,,,,,590.0,,,,,,,,,,77.0,548.0,874.0,,,,,,,
Prod_Diagnostic_16.txt,25-03-420,RADAR,0XFE8B,RADAR performance issue 4,Performance,Intermittent,33,9,4,2026-05-20 01:34:00,313,,,,597.0,,,,,,,,,,,,,,,,,,,,,,,,,,,,,,,,,,,,114.0,,,,,,,,,,715.0,914.0,483.0,,,,,,,
Prod_Diagnostic_16.txt,25-03-420,RADAR,0XB73A,Sensor range fault,Sensor,Active,3,10,4,2026-05-09 06:21:00,383,,,,143.0,,,,,,,,,,,,,,,,,,,,,,,,,,,,,,,,,,,,61.0,,,,,,,,,,910.0,784.0,210.0,,,,,,,
Prod_Diagnostic_17.txt,26-07-540,ABS,0XEAC5,Sensor range fault,Sensor,Intermittent,25,15,1,2026-05-28 12:24:00,245,,,,,,,,,,,,,,,,,,,,,,,,,,,,,,,,,,,,,,,,,,,,,455.0,46.0,230.0,211.0,389.0,,,,,,,,,,
Prod_Diagnostic_17.txt,26-07-540,ABS,0XB8F0,Voltage fault,Voltage,Stored,35,1,3,2026-05-02 17:48:00,195,,,,,,,,,,,,,,,,,,,,,,,,,,,,,,,,,,,,,,,,,,,,,357.0,960.0,27.0,932.0,624.0,,,,,,,,,,
Prod_Diagnostic_17.txt,26-07-540,ABS,0XFC35,Sensor range fault,Sensor,Stored,49,18,2,2026-05-25 00:21:00,189,,,,,,,,,,,,,,,,,,,,,,,,,,,,,,,,,,,,,,,,,,,,,744.0,850.0,637.0,445.0,887.0,,,,,,,,,,
Prod_Diagnostic_17.txt,26-07-540,ABS,0XD859,ABS specific fault 4,ECU Specific/Other,Intermittent,48,1,1,2026-05-18 12:46:00,268,,,,,,,,,,,,,,,,,,,,,,,,,,,,,,,,,,,,,,,,,,,,,955.0,695.0,295.0,880.0,961.0,,,,,,,,,,
Prod_Diagnostic_17.txt,26-07-540,ABS,0X86A8,ABS performance issue 5,Performance,Stored,37,18,5,2026-05-09 05:24:00,237,,,,,,,,,,,,,,,,,,,,,,,,,,,,,,,,,,,,,,,,,,,,,479.0,764.0,947.0,244.0,136.0,,,,,,,,,,
Prod_Diagnostic_17.txt,26-07-540,EPS,0X57DB,Communication fault,Communication,Intermittent,18,2,2,2026-05-25 17:18:00,258,,,,631.0,,,,,,,,,,,,,,,,,,,,,,,,,,,,,,,,,,,,,346.0,585.0,405.0,40.0,,,,,,,,,,,,,,,
Prod_Diagnostic_17.txt,26-07-540,EPS,0X6C98,Sensor range fault,Sensor,Stored,43,8,5,2026-05-01 03:19:00,243,,,,271.0,,,,,,,,,,,,,,,,,,,,,,,,,,,,,,,,,,,,,583.0,677.0,329.0,857.0,,,,,,,,,,,,,,,
Prod_Diagnostic_17.txt,26-07-540,EPS,0X819D,Voltage fault,Voltage,Stored,2,14,1,2026-05-15 01:22:00,122,,,,224.0,,,,,,,,,,,,,,,,,,,,,,,,,,,,,,,,,,,,,492.0,654.0,865.0,570.0,,,,,,,,,,,,,,,
Prod_Diagnostic_17.txt,26-07-540,EPS,0X1EFF,EPS specific fault 4,ECU Specific/Other,Intermittent,6,8,5,2026-05-18 10:04:00,306,,,,806.0,,,,,,,,,,,,,,,,,,,,,,,,,,,,,,,,,,,,,452.0,185.0,265.0,785.0,,,,,,,,,,,,,,,
Prod_Diagnostic_17.txt,26-07-540,EPS,0X5271,Sensor range fault,Sensor,Stored,9,7,2,2026-05-05 19:41:00,149,,,,40.0,,,,,,,,,,,,,,,,,,,,,,,,,,,,,,,,,,,,,51.0,239.0,118.0,671.0,,,,,,,,,,,,,,,
Prod_Diagnostic_17.txt,26-07-540,RADAR,0XBF37,Voltage fault,Voltage,Intermittent,29,18,3,2026-05-02 17:45:00,289,,,,732.0,,,,,,,,,,,,,,,,,,,,,,,,,,,,,,,,,,,,975.0,,,,,,,,,,234.0,63.0,266.0,,,,,,,
Prod_Diagnostic_17.txt,26-07-540,RADAR,0X1420,Sensor range fault,Sensor,Intermittent,23,17,1,2026-05-20 07:22:00,243,,,,455.0,,,,,,,,,,,,,,,,,,,,,,,,,,,,,,,,,,,,520.0,,,,,,,,,,112.0,80.0,116.0,,,,,,,
Prod_Diagnostic_17.txt,26-07-540,RADAR,0X23D3,RADAR performance issue 3,Performance,Active,14,10,5,2026-05-12 21:26:00,414,,,,897.0,,,,,,,,,,,,,,,,,,,,,,,,,,,,,,,,,,,,437.0,,,,,,,,,,74.0,658.0,290.0,,,,,,,
Prod_Diagnostic_17.txt,26-07-540,RADAR,0X1652,Voltage fault,Voltage,Stored,39,11,3,2026-05-14 20:23:00,199,,,,302.0,,,,,,,,,,,,,,,,,,,,,,,,,,,,,,,,,,,,997.0,,,,,,,,,,482.0,966.0,637.0,,,,,,,
Prod_Diagnostic_17.txt,26-07-540,RADAR,0X390A,Communication fault,Communication,Stored,3,9,2,2026-05-19 00:06:00,143,,,,321.0,,,,,,,,,,,,,,,,,,,,,,,,,,,,,,,,,,,,828.0,,,,,,,,,,624.0,217.0,524.0,,,,,,,
Prod_Diagnostic_17.txt,26-07-540,ECM,0XD891,ECM performance issue 1,Performance,Intermittent,46,11,2,2026-05-13 18:02:00,286,,,,,,,,,,673.0,744.0,154.0,391.0,781.0,,,,,,,,,,,,,,,,,,,,,,,,,,,,,,,,,,,,,,,,,,,,,
Prod_Diagnostic_17.txt,26-07-540,ECM,0X23CA,Communication fault,Communication,Active,37,16,5,2026-05-21 17:46:00,437,,,,,,,,,,429.0,552.0,751.0,125.0,868.0,,,,,,,,,,,,,,,,,,,,,,,,,,,,,,,,,,,,,,,,,,,,,
Prod_Diagnostic_17.txt,26-07-540,ECM,0XDC57,ECM performance issue 3,Performance,Active,39,15,5,2026-05-17 14:20:00,439,,,,,,,,,,276.0,200.0,857.0,590.0,301.0,,,,,,,,,,,,,,,,,,,,,,,,,,,,,,,,,,,,,,,,,,,,,
Prod_Diagnostic_17.txt,26-07-540,ECM,0X6424,Voltage fault,Voltage,Active,50,11,2,2026-05-15 10:47:00,390,,,,,,,,,,996.0,119.0,710.0,247.0,456.0,,,,,,,,,,,,,,,,,,,,,,,,,,,,,,,,,,,,,,,,,,,,,
Prod_Diagnostic_17.txt,26-07-540,ECM,0X6CA4,ECM specific fault 5,ECU Specific/Other,Active,23,17,5,2026-05-03 11:41:00,423,,,,,,,,,,496.0,620.0,236.0,460.0,806.0,,,,,,,,,,,,,,,,,,,,,,,,,,,,,,,,,,,,,,,,,,,,,
Prod_Diagnostic_17.txt,26-07-540,TCM,0X4AD1,TCM specific fault 1,ECU Specific/Other,Intermittent,9,17,2,2026-05-25 13:43:00,249,,,,,,,,,,,,,,,,,,,,,,,,,,,,,,,,,599.0,682.0,142.0,621.0,267.0,,,,,,,,,,,,,,,,,,,,,,
Prod_Diagnostic_17.txt,26-07-540,TCM,0X6771,Sensor range fault,Sensor,Stored,8,2,4,2026-05-14 16:09:00,188,,,,,,,,,,,,,,,,,,,,,,,,,,,,,,,,,590.0,507.0,648.0,903.0,792.0,,,,,,,,,,,,,,,,,,,,,,
Prod_Diagnostic_17.txt,26-07-540,TCM,0XF65E,Voltage fault,Voltage,Active,30,0,2,2026-05-04 13:16:00,370,,,,,,,,,,,,,,,,,,,,,,,,,,,,,,,,,784.0,568.0,729.0,953.0,482.0,,,,,,,,,,,,,,,,,,,,,,
Prod_Diagnostic_17.txt,26-07-540,TCM,0X305B,Communication fault,Communication,Active,28,0,2,2026-05-03 04:32:00,368,,,,,,,,,,,,,,,,,,,,,,,,,,,,,,,,,888.0,543.0,941.0,398.0,926.0,,,,,,,,,,,,,,,,,,,,,,
Prod_Diagnostic_17.txt,26-07-540,TCM,0X6AB7,TCM specific fault 5,ECU Specific/Other,Active,26,17,2,2026-05-23 09:07:00,366,,,,,,,,,,,,,,,,,,,,,,,,,,,,,,,,,345.0,919.0,845.0,920.0,345.0,,,,,,,,,,,,,,,,,,,,,,
Prod_Diagnostic_17.txt,26-07-540,FCAM,0XABD7,FCAM performance issue 1,Performance,Intermittent,7,1,1,2026-05-24 11:28:00,227,,,,461.0,,,,,,,,,,,,,,,,,,,,933.0,419.0,646.0,759.0,,,,,,,,,,,,,,,,,,,,,,,,,,,,,,,,
Prod_Diagnostic_17.txt,26-07-540,FCAM,0X5A0E,FCAM specific fault 2,ECU Specific/Other,Stored,45,4,2,2026-05-24 18:58:00,185,,,,86.0,,,,,,,,,,,,,,,,,,,,840.0,960.0,522.0,156.0,,,,,,,,,,,,,,,,,,,,,,,,,,,,,,,,
Prod_Diagnostic_17.txt,26-07-540,FCAM,0XA7F3,Communication fault,Communication,Intermittent,24,20,4,2026-05-13 10:28:00,304,,,,603.0,,,,,,,,,,,,,,,,,,,,181.0,521.0,740.0,287.0,,,,,,,,,,,,,,,,,,,,,,,,,,,,,,,,
Prod_Diagnostic_17.txt,26-07-540,FCAM,0X4B75,Communication fault,Communication,Stored,32,10,1,2026-05-19 16:57:00,152,,,,865.0,,,,,,,,,,,,,,,,,,,,538.0,594.0,521.0,951.0,,,,,,,,,,,,,,,,,,,,,,,,,,,,,,,,
Prod_Diagnostic_17.txt,26-07-540,FCAM,0X5906,FCAM specific fault 5,ECU Specific/Other,Stored,25,10,2,2026-05-05 01:52:00,165,,,,749.0,,,,,,,,,,,,,,,,,,,,968.0,753.0,904.0,216.0,,,,,,,,,,,,,,,,,,,,,,,,,,,,,,,,
Prod_Diagnostic_17.txt,26-07-540,SRS,0X94E6,SRS specific fault 1,ECU Specific/Other,Stored,37,19,3,2026-05-04 11:18:00,197,,,,,,,,,,,,,,,,,,,,,,,,,,,,,,,,,,,,,,,,,,,,281.0,,,,,170.0,,,,,,,,122.0,295.0,499.0
Prod_Diagnostic_17.txt,26-07-540,SRS,0X4940,SRS specific fault 2,ECU Specific/Other,Active,19,8,5,2026-05-25 03:59:00,419,,,,,,,,,,,,,,,,,,,,,,,,,,,,,,,,,,,,,,,,,,,,145.0,,,,,238.0,,,,,,,,683.0,286.0,99.0
Prod_Diagnostic_17.txt,26-07-540,SRS,0X9D5A,Voltage fault,Voltage,Intermittent,49,5,1,2026-05-20 01:57:00,269,,,,,,,,,,,,,,,,,,,,,,,,,,,,,,,,,,,,,,,,,,,,200.0,,,,,553.0,,,,,,,,551.0,819.0,7.0
Prod_Diagnostic_17.txt,26-07-540,SRS,0XE51F,SRS specific fault 4,ECU Specific/Other,Active,24,6,3,2026-05-19 13:46:00,384,,,,,,,,,,,,,,,,,,,,,,,,,,,,,,,,,,,,,,,,,,,,851.0,,,,,456.0,,,,,,,,534.0,130.0,465.0
Prod_Diagnostic_17.txt,26-07-540,SRS,0XFB01,Sensor range fault,Sensor,Active,46,3,4,2026-05-14 15:16:00,426,,,,,,,,,,,,,,,,,,,,,,,,,,,,,,,,,,,,,,,,,,,,286.0,,,,,89.0,,,,,,,,886.0,141.0,750.0
Prod_Diagnostic_17.txt,26-07-540,ADAS,0X6A8D,Communication fault,Communication,Active,48,7,1,2026-05-11 05:32:00,368,,,,754.0,646.0,,,,,,,,,,,,,,,,,,,,,,,,,,,,,,,,,344.0,283.0,465.0,,,,,,,,,,,,,,,,,,,
Prod_Diagnostic_17.txt,26-07-540,ADAS,0XBC0D,ADAS performance issue 2,Performance,Active,46,10,1,2026-05-14 03:59:00,366,,,,195.0,326.0,,,,,,,,,,,,,,,,,,,,,,,,,,,,,,,,,723.0,814.0,534.0,,,,,,,,,,,,,,,,,,,
Prod_Diagnostic_17.txt,26-07-540,ADAS,0XB93F,ADAS performance issue 3,Performance,Intermittent,3,20,1,2026-05-08 04:37:00,223,,,,690.0,226.0,,,,,,,,,,,,,,,,,,,,,,,,,,,,,,,,,386.0,894.0,966.0,,,,,,,,,,,,,,,,,,,
Prod_Diagnostic_17.txt,26-07-540,ADAS,0X53E9,Voltage fault,Voltage,Stored,10,15,2,2026-05-24 15:18:00,150,,,,91.0,897.0,,,,,,,,,,,,,,,,,,,,,,,,,,,,,,,,,135.0,204.0,651.0,,,,,,,,,,,,,,,,,,,
Prod_Diagnostic_17.txt,26-07-540,ADAS,0XEB6E,ADAS performance issue 5,Performance,Intermittent,48,6,1,2026-05-14 02:31:00,268,,,,183.0,728.0,,,,,,,,,,,,,,,,,,,,,,,,,,,,,,,,,572.0,626.0,214.0,,,,,,,,,,,,,,,,,,,
Prod_Diagnostic_17.txt,26-07-540,GW,0X7B0C,Communication fault,Communication,Intermittent,17,19,4,2026-05-21 18:15:00,297,,,,,496.0,654.0,358.0,544.0,673.0,,,,,,,,,,,,,,,,,,,,,,,,,,,,,,,,,,,,,,,,,,,,,,,,,,
Prod_Diagnostic_17.txt,26-07-540,GW,0XF0BD,Voltage fault,Voltage,Stored,15,9,4,2026-05-16 20:25:00,195,,,,,557.0,613.0,366.0,493.0,303.0,,,,,,,,,,,,,,,,,,,,,,,,,,,,,,,,,,,,,,,,,,,,,,,,,,
Prod_Diagnostic_17.txt,26-07-540,GW,0X480B,Communication fault,Communication,Active,49,9,4,2026-05-15 10:15:00,429,,,,,119.0,679.0,436.0,181.0,476.0,,,,,,,,,,,,,,,,,,,,,,,,,,,,,,,,,,,,,,,,,,,,,,,,,,
Prod_Diagnostic_17.txt,26-07-540,GW,0XB91D,Sensor range fault,Sensor,Active,23,12,2,2026-05-25 15:53:00,363,,,,,501.0,825.0,885.0,616.0,422.0,,,,,,,,,,,,,,,,,,,,,,,,,,,,,,,,,,,,,,,,,,,,,,,,,,
Prod_Diagnostic_17.txt,26-07-540,GW,0X176A,Voltage fault,Voltage,Stored,18,16,2,2026-05-28 13:03:00,158,,,,,331.0,576.0,791.0,268.0,692.0,,,,,,,,,,,,,,,,,,,,,,,,,,,,,,,,,,,,,,,,,,,,,,,,,,
Prod_Diagnostic_17.txt,26-07-540,OBC,0X7946,Sensor range fault,Sensor,Stored,29,13,4,2026-05-09 01:17:00,209,,,,,,,,,,,,,,,498.0,746.0,225.0,348.0,652.0,,,,,,,,,,,,,,,,,,,,,,,,,,,,,,,,,,,,,,,,
Prod_Diagnostic_17.txt,26-07-540,OBC,0X5EFA,Communication fault,Communication,Stored,27,7,5,2026-05-06 17:13:00,227,,,,,,,,,,,,,,,799.0,641.0,113.0,971.0,992.0,,,,,,,,,,,,,,,,,,,,,,,,,,,,,,,,,,,,,,,,
Prod_Diagnostic_17.txt,26-07-540,OBC,0XAC5A,OBC performance issue 3,Performance,Stored,9,19,5,2026-05-01 23:01:00,209,,,,,,,,,,,,,,,822.0,389.0,93.0,800.0,722.0,,,,,,,,,,,,,,,,,,,,,,,,,,,,,,,,,,,,,,,,
Prod_Diagnostic_17.txt,26-07-540,OBC,0XF987,Sensor range fault,Sensor,Stored,50,17,1,2026-05-21 01:33:00,170,,,,,,,,,,,,,,,216.0,371.0,549.0,204.0,161.0,,,,,,,,,,,,,,,,,,,,,,,,,,,,,,,,,,,,,,,,
Prod_Diagnostic_17.txt,26-07-540,OBC,0X7541,OBC performance issue 5,Performance,Intermittent,15,9,2,2026-05-12 10:26:00,255,,,,,,,,,,,,,,,221.0,567.0,751.0,255.0,963.0,,,,,,,,,,,,,,,,,,,,,,,,,,,,,,,,,,,,,,,,
Prod_Diagnostic_17.txt,26-07-540,BCM,0X193C,Communication fault,Communication,Active,49,16,1,2026-05-17 12:50:00,369,,,,,,,,,290.0,,,,,,,,,,,497.0,44.0,161.0,309.0,,,,,,,,,,,,,,,,,,,,,,,,,,,,,,,,,,,,
Prod_Diagnostic_17.txt,26-07-540,BCM,0X4AE1,Communication fault,Communication,Intermittent,50,7,1,2026-05-09 23:07:00,270,,,,,,,,,672.0,,,,,,,,,,,833.0,803.0,387.0,411.0,,,,,,,,,,,,,,,,,,,,,,,,,,,,,,,,,,,,
Prod_Diagnostic_17.txt,26-07-540,BCM,0XE17B,Voltage fault,Voltage,Intermittent,18,2,1,2026-05-03 16:46:00,238,,,,,,,,,426.0,,,,,,,,,,,721.0,781.0,751.0,21.0,,,,,,,,,,,,,,,,,,,,,,,,,,,,,,,,,,,,
Prod_Diagnostic_17.txt,26-07-540,BCM,0XCE1E,Communication fault,Communication,Intermittent,39,4,1,2026-05-24 18:50:00,259,,,,,,,,,621.0,,,,,,,,,,,401.0,199.0,852.0,880.0,,,,,,,,,,,,,,,,,,,,,,,,,,,,,,,,,,,,
Prod_Diagnostic_17.txt,26-07-540,BCM,0XD8E6,Sensor range fault,Sensor,Stored,28,16,1,2026-05-10 08:29:00,148,,,,,,,,,993.0,,,,,,,,,,,208.0,103.0,271.0,672.0,,,,,,,,,,,,,,,,,,,,,,,,,,,,,,,,,,,,
Prod_Diagnostic_17.txt,26-07-540,BMS,0X88AD,BMS performance issue 1,Performance,Stored,19,13,1,2026-05-08 13:35:00,139,,,,,,,,,,,,,,,,,,286.0,,,,,,,,,,,,,,,,,,,,,,,,,,,,,,,,,,,495.0,292.0,930.0,720.0,,,
Prod_Diagnostic_17.txt,26-07-540,BMS,0X91B0,BMS performance issue 2,Performance,Active,25,0,4,2026-05-24 12:23:00,405,,,,,,,,,,,,,,,,,,782.0,,,,,,,,,,,,,,,,,,,,,,,,,,,,,,,,,,,560.0,732.0,111.0,464.0,,,
Prod_Diagnostic_17.txt,26-07-540,BMS,0XA3EF,Voltage fault,Voltage,Active,26,7,4,2026-05-12 15:36:00,406,,,,,,,,,,,,,,,,,,112.0,,,,,,,,,,,,,,,,,,,,,,,,,,,,,,,,,,,659.0,319.0,341.0,148.0,,,
Prod_Diagnostic_17.txt,26-07-540,BMS,0X286B,Communication fault,Communication,Intermittent,11,6,4,2026-05-19 07:05:00,291,,,,,,,,,,,,,,,,,,145.0,,,,,,,,,,,,,,,,,,,,,,,,,,,,,,,,,,,413.0,632.0,859.0,485.0,,,
Prod_Diagnostic_17.txt,26-07-540,BMS,0XC918,BMS performance issue 5,Performance,Intermittent,49,7,1,2026-05-25 15:16:00,269,,,,,,,,,,,,,,,,,,422.0,,,,,,,,,,,,,,,,,,,,,,,,,,,,,,,,,,,319.0,759.0,346.0,855.0,,,
Prod_Diagnostic_18.txt,25-03-420,BMS,0XBA33,BMS specific fault 1,ECU Specific/Other,Stored,21,9,5,2026-05-25 03:15:00,221,,,,,,,,,,,,,,,,,,574.0,,,,,,,,,,,,,,,,,,,,,,,,,,,,,,,,,,,403.0,387.0,793.0,395.0,,,
Prod_Diagnostic_18.txt,25-03-420,BMS,0X6AE0,BMS specific fault 2,ECU Specific/Other,Stored,34,10,5,2026-05-03 19:53:00,234,,,,,,,,,,,,,,,,,,220.0,,,,,,,,,,,,,,,,,,,,,,,,,,,,,,,,,,,979.0,171.0,969.0,649.0,,,
Prod_Diagnostic_18.txt,25-03-420,BMS,0XC61A,Sensor range fault,Sensor,Active,28,17,4,2026-05-16 22:50:00,408,,,,,,,,,,,,,,,,,,257.0,,,,,,,,,,,,,,,,,,,,,,,,,,,,,,,,,,,702.0,124.0,572.0,922.0,,,
Prod_Diagnostic_18.txt,25-03-420,BMS,0XB6EF,BMS specific fault 4,ECU Specific/Other,Stored,12,0,3,2026-05-28 14:49:00,172,,,,,,,,,,,,,,,,,,687.0,,,,,,,,,,,,,,,,,,,,,,,,,,,,,,,,,,,355.0,746.0,435.0,219.0,,,
Prod_Diagnostic_18.txt,25-03-420,BMS,0X9F4E,BMS performance issue 5,Performance,Active,25,11,2,2026-05-24 00:12:00,365,,,,,,,,,,,,,,,,,,453.0,,,,,,,,,,,,,,,,,,,,,,,,,,,,,,,,,,,370.0,539.0,200.0,6.0,,,
Prod_Diagnostic_18.txt,25-03-420,SRS,0X5F75,SRS performance issue 1,Performance,Stored,7,11,3,2026-05-17 00:38:00,167,,,,,,,,,,,,,,,,,,,,,,,,,,,,,,,,,,,,,,,,,,,,282.0,,,,,280.0,,,,,,,,35.0,663.0,658.0
Prod_Diagnostic_18.txt,25-03-420,SRS,0X75F6,SRS specific fault 2,ECU Specific/Other,Active,45,8,3,2026-05-21 01:36:00,405,,,,,,,,,,,,,,,,,,,,,,,,,,,,,,,,,,,,,,,,,,,,736.0,,,,,844.0,,,,,,,,32.0,884.0,950.0
Prod_Diagnostic_18.txt,25-03-420,SRS,0XAB88,SRS specific fault 3,ECU Specific/Other,Intermittent,30,15,2,2026-05-16 23:55:00,270,,,,,,,,,,,,,,,,,,,,,,,,,,,,,,,,,,,,,,,,,,,,827.0,,,,,664.0,,,,,,,,769.0,559.0,107.0
Prod_Diagnostic_18.txt,25-03-420,SRS,0X6E99,Communication fault,Communication,Active,40,4,2,2026-05-28 04:05:00,380,,,,,,,,,,,,,,,,,,,,,,,,,,,,,,,,,,,,,,,,,,,,123.0,,,,,430.0,,,,,,,,855.0,867.0,58.0
Prod_Diagnostic_18.txt,25-03-420,SRS,0XB331,SRS specific fault 5,ECU Specific/Other,Intermittent,4,10,1,2026-05-28 17:17:00,224,,,,,,,,,,,,,,,,,,,,,,,,,,,,,,,,,,,,,,,,,,,,629.0,,,,,874.0,,,,,,,,199.0,671.0,756.0
Prod_Diagnostic_18.txt,25-03-420,RADAR,0X6529,Communication fault,Communication,Intermittent,21,5,5,2026-05-24 11:33:00,321,,,,413.0,,,,,,,,,,,,,,,,,,,,,,,,,,,,,,,,,,,,681.0,,,,,,,,,,15.0,964.0,427.0,,,,,,,
Prod_Diagnostic_18.txt,25-03-420,RADAR,0X20A0,Communication fault,Communication,Active,49,16,2,2026-05-24 08:05:00,389,,,,283.0,,,,,,,,,,,,,,,,,,,,,,,,,,,,,,,,,,,,46.0,,,,,,,,,,177.0,455.0,624.0,,,,,,,
Prod_Diagnostic_18.txt,25-03-420,RADAR,0XC04F,Voltage fault,Voltage,Intermittent,27,5,1,2026-05-10 08:35:00,247,,,,478.0,,,,,,,,,,,,,,,,,,,,,,,,,,,,,,,,,,,,350.0,,,,,,,,,,360.0,121.0,582.0,,,,,,,
Prod_Diagnostic_18.txt,25-03-420,RADAR,0XA0F1,Communication fault,Communication,Stored,6,3,1,2026-05-06 23:05:00,126,,,,642.0,,,,,,,,,,,,,,,,,,,,,,,,,,,,,,,,,,,,606.0,,,,,,,,,,191.0,326.0,989.0,,,,,,,
Prod_Diagnostic_18.txt,25-03-420,RADAR,0XD447,Communication fault,Communication,Active,1,6,3,2026-05-15 02:56:00,361,,,,316.0,,,,,,,,,,,,,,,,,,,,,,,,,,,,,,,,,,,,253.0,,,,,,,,,,742.0,966.0,858.0,,,,,,,
Prod_Diagnostic_18.txt,25-03-420,ADAS,0XCF56,Voltage fault,Voltage,Intermittent,9,9,1,2026-05-13 22:18:00,229,,,,324.0,579.0,,,,,,,,,,,,,,,,,,,,,,,,,,,,,,,,,183.0,286.0,144.0,,,,,,,,,,,,,,,,,,,
Prod_Diagnostic_18.txt,25-03-420,ADAS,0X49D8,ADAS specific fault 2,ECU Specific/Other,Active,18,6,2,2026-05-10 08:44:00,358,,,,364.0,502.0,,,,,,,,,,,,,,,,,,,,,,,,,,,,,,,,,451.0,271.0,95.0,,,,,,,,,,,,,,,,,,,
Prod_Diagnostic_18.txt,25-03-420,ADAS,0X6D15,ADAS performance issue 3,Performance,Stored,50,20,5,2026-05-15 20:43:00,250,,,,855.0,973.0,,,,,,,,,,,,,,,,,,,,,,,,,,,,,,,,,852.0,175.0,38.0,,,,,,,,,,,,,,,,,,,
Prod_Diagnostic_18.txt,25-03-420,ADAS,0X72BB,ADAS performance issue 4,Performance,Active,35,18,2,2026-05-23 13:22:00,375,,,,296.0,816.0,,,,,,,,,,,,,,,,,,,,,,,,,,,,,,,,,662.0,831.0,699.0,,,,,,,,,,,,,,,,,,,
Prod_Diagnostic_18.txt,25-03-420,ADAS,0X6799,Voltage fault,Voltage,Intermittent,33,17,3,2026-05-03 16:49:00,293,,,,268.0,479.0,,,,,,,,,,,,,,,,,,,,,,,,,,,,,,,,,216.0,265.0,224.0,,,,,,,,,,,,,,,,,,,
Prod_Diagnostic_18.txt,25-03-420,TCU,0XFC02,Communication fault,Communication,Active,34,20,2,2026-05-16 04:29:00,374,601.0,331.0,382.0,578.0,387.0,,,,,,,,,,,,,,,,,,,,,,,,,,,,,,,,,,,,,,,,,,,,,,,,,,,,,,
Prod_Diagnostic_18.txt,25-03-420,TCU,0XF6B9,TCU performance issue 2,Performance,Active,21,3,3,2026-05-28 00:10:00,381,432.0,487.0,343.0,345.0,664.0,,,,,,,,,,,,,,,,,,,,,,,,,,,,,,,,,,,,,,,,,,,,,,,,,,,,,,
Prod_Diagnostic_18.txt,25-03-420,TCU,0X3FE6,Communication fault,Communication,Stored,20,5,4,2026-05-18 05:48:00,200,23.0,450.0,829.0,632.0,468.0,,,,,,,,,,,,,,,,,,,,,,,,,,,,,,,,,,,,,,,,,,,,,,,,,,,,,,
Prod_Diagnostic_18.txt,25-03-420,TCU,0XA372,TCU performance issue 4,Performance,Intermittent,28,12,4,2026-05-27 07:16:00,308,741.0,383.0,616.0,346.0,495.0,,,,,,,,,,,,,,,,,,,,,,,,,,,,,,,,,,,,,,,,,,,,,,,,,,,,,,
Prod_Diagnostic_18.txt,25-03-420,TCU,0X5CD8,TCU specific fault 5,ECU Specific/Other,Active,15,16,1,2026-05-14 13:49:00,335,276.0,977.0,592.0,411.0,608.0,,,,,,,,,,,,,,,,,,,,,,,,,,,,,,,,,,,,,,,,,,,,,,,,,,,,,,
Prod_Diagnostic_18.txt,25-03-420,GW,0X39FD,Communication fault,Communication,Intermittent,11,9,5,2026-05-23 16:12:00,311,,,,,582.0,975.0,996.0,770.0,143.0,,,,,,,,,,,,,,,,,,,,,,,,,,,,,,,,,,,,,,,,,,,,,,,,,,
Prod_Diagnostic_18.txt,25-03-420,GW,0XB9D5,Voltage fault,Voltage,Stored,4,2,3,2026-05-26 04:51:00,164,,,,,406.0,355.0,470.0,170.0,472.0,,,,,,,,,,,,,,,,,,,,,,,,,,,,,,,,,,,,,,,,,,,,,,,,,,
Prod_Diagnostic_18.txt,25-03-420,GW,0XB89A,Communication fault,Communication,Active,13,5,3,2026-05-10 02:11:00,373,,,,,209.0,242.0,879.0,448.0,93.0,,,,,,,,,,,,,,,,,,,,,,,,,,,,,,,,,,,,,,,,,,,,,,,,,,
Prod_Diagnostic_18.txt,25-03-420,GW,0X3775,Voltage fault,Voltage,Intermittent,36,11,1,2026-05-16 05:22:00,256,,,,,564.0,103.0,483.0,704.0,404.0,,,,,,,,,,,,,,,,,,,,,,,,,,,,,,,,,,,,,,,,,,,,,,,,,,
Prod_Diagnostic_18.txt,25-03-420,GW,0XF9AF,Voltage fault,Voltage,Stored,43,12,4,2026-05-23 07:48:00,223,,,,,397.0,939.0,99.0,132.0,326.0,,,,,,,,,,,,,,,,,,,,,,,,,,,,,,,,,,,,,,,,,,,,,,,,,,
Prod_Diagnostic_18.txt,25-03-420,TCM,0X765E,Voltage fault,Voltage,Stored,19,13,5,2026-05-13 17:04:00,219,,,,,,,,,,,,,,,,,,,,,,,,,,,,,,,,,356.0,501.0,686.0,759.0,994.0,,,,,,,,,,,,,,,,,,,,,,
Prod_Diagnostic_18.txt,25-03-420,TCM,0X16E2,TCM performance issue 2,Performance,Active,39,5,2,2026-05-12 11:21:00,379,,,,,,,,,,,,,,,,,,,,,,,,,,,,,,,,,514.0,843.0,2.0,626.0,614.0,,,,,,,,,,,,,,,,,,,,,,
Prod_Diagnostic_18.txt,25-03-420,TCM,0XFA22,TCM specific fault 3,ECU Specific/Other,Active,42,7,2,2026-05-16 06:02:00,382,,,,,,,,,,,,,,,,,,,,,,,,,,,,,,,,,217.0,310.0,446.0,96.0,348.0,,,,,,,,,,,,,,,,,,,,,,
Prod_Diagnostic_18.txt,25-03-420,TCM,0XB76F,TCM specific fault 4,ECU Specific/Other,Active,28,4,3,2026-05-10 12:43:00,388,,,,,,,,,,,,,,,,,,,,,,,,,,,,,,,,,841.0,493.0,36.0,268.0,982.0,,,,,,,,,,,,,,,,,,,,,,
Prod_Diagnostic_18.txt,25-03-420,TCM,0X3DF4,TCM specific fault 5,ECU Specific/Other,Active,26,16,1,2026-05-15 02:22:00,346,,,,,,,,,,,,,,,,,,,,,,,,,,,,,,,,,703.0,751.0,104.0,672.0,884.0,,,,,,,,,,,,,,,,,,,,,,
Prod_Diagnostic_18.txt,25-03-420,ECM,0XDDB5,ECM specific fault 1,ECU Specific/Other,Active,11,10,2,2026-05-19 16:24:00,351,,,,,,,,,,703.0,466.0,12.0,498.0,670.0,,,,,,,,,,,,,,,,,,,,,,,,,,,,,,,,,,,,,,,,,,,,,
Prod_Diagnostic_18.txt,25-03-420,ECM,0X7C26,ECM specific fault 2,ECU Specific/Other,Active,20,13,3,2026-05-24 20:07:00,380,,,,,,,,,,619.0,827.0,822.0,931.0,462.0,,,,,,,,,,,,,,,,,,,,,,,,,,,,,,,,,,,,,,,,,,,,,
Prod_Diagnostic_18.txt,25-03-420,ECM,0X6F71,ECM performance issue 3,Performance,Stored,46,10,5,2026-05-12 03:50:00,246,,,,,,,,,,184.0,435.0,545.0,778.0,393.0,,,,,,,,,,,,,,,,,,,,,,,,,,,,,,,,,,,,,,,,,,,,,
Prod_Diagnostic_18.txt,25-03-420,ECM,0X367F,Communication fault,Communication,Active,22,18,3,2026-05-07 16:52:00,382,,,,,,,,,,630.0,746.0,894.0,466.0,446.0,,,,,,,,,,,,,,,,,,,,,,,,,,,,,,,,,,,,,,,,,,,,,
Prod_Diagnostic_18.txt,25-03-420,ECM,0X86FA,Communication fault,Communication,Stored,3,3,4,2026-05-15 11:03:00,183,,,,,,,,,,911.0,614.0,703.0,379.0,259.0,,,,,,,,,,,,,,,,,,,,,,,,,,,,,,,,,,,,,,,,,,,,,
Prod_Diagnostic_18.txt,25-03-420,BCM,0X6663,BCM specific fault 1,ECU Specific/Other,Intermittent,19,0,5,2026-05-09 05:18:00,319,,,,,,,,,458.0,,,,,,,,,,,366.0,428.0,18.0,333.0,,,,,,,,,,,,,,,,,,,,,,,,,,,,,,,,,,,,
Prod_Diagnostic_18.txt,25-03-420,BCM,0XB2CF,Sensor range fault,Sensor,Active,39,3,3,2026-05-24 01:34:00,399,,,,,,,,,180.0,,,,,,,,,,,757.0,406.0,255.0,87.0,,,,,,,,,,,,,,,,,,,,,,,,,,,,,,,,,,,,
Prod_Diagnostic_18.txt,25-03-420,BCM,0X2835,BCM performance issue 3,Performance,Active,47,4,4,2026-05-14 08:22:00,427,,,,,,,,,633.0,,,,,,,,,,,996.0,470.0,706.0,250.0,,,,,,,,,,,,,,,,,,,,,,,,,,,,,,,,,,,,
Prod_Diagnostic_18.txt,25-03-420,BCM,0XA1AE,BCM performance issue 4,Performance,Stored,3,2,3,2026-05-12 01:09:00,163,,,,,,,,,832.0,,,,,,,,,,,624.0,742.0,654.0,904.0,,,,,,,,,,,,,,,,,,,,,,,,,,,,,,,,,,,,
Prod_Diagnostic_18.txt,25-03-420,BCM,0X71C5,Communication fault,Communication,Intermittent,47,2,3,2026-05-21 23:19:00,307,,,,,,,,,189.0,,,,,,,,,,,433.0,411.0,23.0,974.0,,,,,,,,,,,,,,,,,,,,,,,,,,,,,,,,,,,,
Prod_Diagnostic_18.txt,25-03-420,HVAC,0XC8BA,Sensor range fault,Sensor,Intermittent,48,2,4,2026-05-04 06:36:00,328,,,,,,,,,,,,,,,,,,,,,,,,,,,,268.0,311.0,631.0,527.0,553.0,,,,,,,,,,,,,,,,,,,,,,,,,,,
Prod_Diagnostic_18.txt,25-03-420,HVAC,0XC1BA,Voltage fault,Voltage,Active,24,18,4,2026-05-07 13:17:00,404,,,,,,,,,,,,,,,,,,,,,,,,,,,,765.0,706.0,797.0,191.0,284.0,,,,,,,,,,,,,,,,,,,,,,,,,,,
Prod_Diagnostic_18.txt,25-03-420,HVAC,0XBBE3,HVAC performance issue 3,Performance,Active,39,12,2,2026-05-22 09:17:00,379,,,,,,,,,,,,,,,,,,,,,,,,,,,,6.0,417.0,213.0,20.0,801.0,,,,,,,,,,,,,,,,,,,,,,,,,,,
Prod_Diagnostic_18.txt,25-03-420,HVAC,0XB83F,HVAC specific fault 4,ECU Specific/Other,Active,18,8,4,2026-05-20 20:20:00,398,,,,,,,,,,,,,,,,,,,,,,,,,,,,100.0,227.0,231.0,19.0,727.0,,,,,,,,,,,,,,,,,,,,,,,,,,,
Prod_Diagnostic_18.txt,25-03-420,HVAC,0X4897,Sensor range fault,Sensor,Active,40,9,5,2026-05-27 14:37:00,440,,,,,,,,,,,,,,,,,,,,,,,,,,,,431.0,651.0,610.0,337.0,555.0,,,,,,,,,,,,,,,,,,,,,,,,,,,
Prod_Diagnostic_18.txt,25-03-420,OBC,0X89C1,OBC specific fault 1,ECU Specific/Other,Intermittent,1,10,3,2026-05-11 11:52:00,261,,,,,,,,,,,,,,,456.0,156.0,474.0,875.0,761.0,,,,,,,,,,,,,,,,,,,,,,,,,,,,,,,,,,,,,,,,
Prod_Diagnostic_18.txt,25-03-420,OBC,0X45EC,OBC specific fault 2,ECU Specific/Other,Intermittent,45,5,4,2026-05-09 12:02:00,325,,,,,,,,,,,,,,,677.0,873.0,586.0,991.0,81.0,,,,,,,,,,,,,,,,,,,,,,,,,,,,,,,,,,,,,,,,
Prod_Diagnostic_18.txt,25-03-420,OBC,0X9FB3,OBC specific fault 3,ECU Specific/Other,Stored,6,6,5,2026-05-12 09:18:00,206,,,,,,,,,,,,,,,769.0,323.0,463.0,691.0,479.0,,,,,,,,,,,,,,,,,,,,,,,,,,,,,,,,,,,,,,,,
Prod_Diagnostic_18.txt,25-03-420,OBC,0X37E9,Communication fault,Communication,Intermittent,38,5,5,2026-05-12 18:27:00,338,,,,,,,,,,,,,,,426.0,784.0,24.0,770.0,997.0,,,,,,,,,,,,,,,,,,,,,,,,,,,,,,,,,,,,,,,,
Prod_Diagnostic_18.txt,25-03-420,OBC,0X9E72,Sensor range fault,Sensor,Intermittent,32,7,4,2026-05-18 04:24:00,312,,,,,,,,,,,,,,,622.0,972.0,871.0,127.0,100.0,,,,,,,,,,,,,,,,,,,,,,,,,,,,,,,,,,,,,,,,
Prod_Diagnostic_18.txt,25-03-420,EPS,0X47E2,EPS specific fault 1,ECU Specific/Other,Active,8,18,3,2026-05-06 05:49:00,368,,,,419.0,,,,,,,,,,,,,,,,,,,,,,,,,,,,,,,,,,,,,797.0,753.0,411.0,564.0,,,,,,,,,,,,,,,
Prod_Diagnostic_18.txt,25-03-420,EPS,0XD053,Sensor range fault,Sensor,Active,27,19,3,2026-05-11 11:40:00,387,,,,984.0,,,,,,,,,,,,,,,,,,,,,,,,,,,,,,,,,,,,,109.0,681.0,906.0,704.0,,,,,,,,,,,,,,,
Prod_Diagnostic_18.txt,25-03-420,EPS,0X9097,Sensor range fault,Sensor,Intermittent,35,12,2,2026-05-28 12:31:00,275,,,,947.0,,,,,,,,,,,,,,,,,,,,,,,,,,,,,,,,,,,,,775.0,476.0,294.0,846.0,,,,,,,,,,,,,,,
Prod_Diagnostic_18.txt,25-03-420,EPS,0X382F,EPS specific fault 4,ECU Specific/Other,Active,26,9,1,2026-05-18 10:48:00,346,,,,930.0,,,,,,,,,,,,,,,,,,,,,,,,,,,,,,,,,,,,,476.0,672.0,177.0,700.0,,,,,,,,,,,,,,,
Prod_Diagnostic_18.txt,25-03-420,EPS,0X7223,Communication fault,Communication,Intermittent,42,13,4,2026-05-14 06:40:00,322,,,,625.0,,,,,,,,,,,,,,,,,,,,,,,,,,,,,,,,,,,,,30.0,634.0,230.0,142.0,,,,,,,,,,,,,,,
Prod_Diagnostic_19.txt,24-07-510,RADAR,0XA54E,Voltage fault,Voltage,Stored,10,18,1,2026-05-09 11:46:00,130,,,,530.0,,,,,,,,,,,,,,,,,,,,,,,,,,,,,,,,,,,,892.0,,,,,,,,,,521.0,764.0,416.0,,,,,,,
Prod_Diagnostic_19.txt,24-07-510,RADAR,0XAE53,RADAR specific fault 2,ECU Specific/Other,Active,23,20,2,2026-05-19 16:20:00,363,,,,887.0,,,,,,,,,,,,,,,,,,,,,,,,,,,,,,,,,,,,388.0,,,,,,,,,,536.0,384.0,949.0,,,,,,,
Prod_Diagnostic_19.txt,24-07-510,RADAR,0XB5FC,RADAR specific fault 3,ECU Specific/Other,Active,34,15,2,2026-05-16 12:00:00,374,,,,351.0,,,,,,,,,,,,,,,,,,,,,,,,,,,,,,,,,,,,67.0,,,,,,,,,,685.0,970.0,231.0,,,,,,,
Prod_Diagnostic_19.txt,24-07-510,RADAR,0X44D8,Sensor range fault,Sensor,Active,10,8,5,2026-05-25 23:50:00,410,,,,366.0,,,,,,,,,,,,,,,,,,,,,,,,,,,,,,,,,,,,202.0,,,,,,,,,,123.0,666.0,511.0,,,,,,,
Prod_Diagnostic_19.txt,24-07-510,RADAR,0XA1C4,RADAR specific fault 5,ECU Specific/Other,Intermittent,1,16,2,2026-05-24 06:23:00,241,,,,642.0,,,,,,,,,,,,,,,,,,,,,,,,,,,,,,,,,,,,409.0,,,,,,,,,,681.0,34.0,102.0,,,,,,,
Prod_Diagnostic_19.txt,24-07-510,GW,0X91E6,Sensor range fault,Sensor,Active,18,17,5,2026-05-28 23:34:00,418,,,,,994.0,894.0,82.0,818.0,58.0,,,,,,,,,,,,,,,,,,,,,,,,,,,,,,,,,,,,,,,,,,,,,,,,,,
Prod_Diagnostic_19.txt,24-07-510,GW,0XA113,GW specific fault 2,ECU Specific/Other,Intermittent,16,7,3,2026-05-26 23:11:00,276,,,,,667.0,707.0,959.0,879.0,251.0,,,,,,,,,,,,,,,,,,,,,,,,,,,,,,,,,,,,,,,,,,,,,,,,,,
Prod_Diagnostic_19.txt,24-07-510,GW,0XC08C,Voltage fault,Voltage,Intermittent,30,5,1,2026-05-20 08:35:00,250,,,,,761.0,285.0,94.0,195.0,751.0,,,,,,,,,,,,,,,,,,,,,,,,,,,,,,,,,,,,,,,,,,,,,,,,,,
Prod_Diagnostic_19.txt,24-07-510,GW,0XF7F8,Communication fault,Communication,Active,34,9,1,2026-05-07 07:15:00,354,,,,,596.0,600.0,780.0,489.0,476.0,,,,,,,,,,,,,,,,,,,,,,,,,,,,,,,,,,,,,,,,,,,,,,,,,,
Prod_Diagnostic_19.txt,24-07-510,GW,0X9974,Communication fault,Communication,Active,21,20,1,2026-05-07 15:07:00,341,,,,,488.0,453.0,86.0,203.0,103.0,,,,,,,,,,,,,,,,,,,,,,,,,,,,,,,,,,,,,,,,,,,,,,,,,,
Prod_Diagnostic_19.txt,24-07-510,FCAM,0XA6E1,FCAM performance issue 1,Performance,Active,39,15,3,2026-05-19 00:37:00,399,,,,115.0,,,,,,,,,,,,,,,,,,,,441.0,882.0,927.0,738.0,,,,,,,,,,,,,,,,,,,,,,,,,,,,,,,,
Prod_Diagnostic_19.txt,24-07-510,FCAM,0XD703,FCAM specific fault 2,ECU Specific/Other,Intermittent,13,18,5,2026-05-25 14:00:00,313,,,,616.0,,,,,,,,,,,,,,,,,,,,258.0,773.0,417.0,278.0,,,,,,,,,,,,,,,,,,,,,,,,,,,,,,,,
Prod_Diagnostic_19.txt,24-07-510,FCAM,0XB191,FCAM specific fault 3,ECU Specific/Other,Active,22,16,4,2026-05-17 09:41:00,402,,,,545.0,,,,,,,,,,,,,,,,,,,,307.0,271.0,889.0,255.0,,,,,,,,,,,,,,,,,,,,,,,,,,,,,,,,
Prod_Diagnostic_19.txt,24-07-510,FCAM,0X5679,Sensor range fault,Sensor,Intermittent,36,16,3,2026-05-21 14:07:00,296,,,,500.0,,,,,,,,,,,,,,,,,,,,775.0,969.0,187.0,7.0,,,,,,,,,,,,,,,,,,,,,,,,,,,,,,,,
Prod_Diagnostic_19.txt,24-07-510,FCAM,0XF4B3,Sensor range fault,Sensor,Intermittent,31,15,2,2026-05-06 02:48:00,271,,,,97.0,,,,,,,,,,,,,,,,,,,,443.0,690.0,312.0,948.0,,,,,,,,,,,,,,,,,,,,,,,,,,,,,,,,
Prod_Diagnostic_19.txt,24-07-510,HVAC,0X67A9,HVAC specific fault 1,ECU Specific/Other,Intermittent,44,17,2,2026-05-07 03:48:00,284,,,,,,,,,,,,,,,,,,,,,,,,,,,,238.0,219.0,315.0,514.0,313.0,,,,,,,,,,,,,,,,,,,,,,,,,,,
Prod_Diagnostic_19.txt,24-07-510,HVAC,0XD434,Sensor range fault,Sensor,Intermittent,31,3,3,2026-05-20 06:36:00,291,,,,,,,,,,,,,,,,,,,,,,,,,,,,689.0,159.0,332.0,161.0,197.0,,,,,,,,,,,,,,,,,,,,,,,,,,,
Prod_Diagnostic_19.txt,24-07-510,HVAC,0XD92A,HVAC specific fault 3,ECU Specific/Other,Active,11,19,2,2026-05-11 16:30:00,351,,,,,,,,,,,,,,,,,,,,,,,,,,,,670.0,610.0,808.0,427.0,799.0,,,,,,,,,,,,,,,,,,,,,,,,,,,
Prod_Diagnostic_19.txt,24-07-510,HVAC,0X4A8D,Sensor range fault,Sensor,Stored,31,9,3,2026-05-05 09:21:00,191,,,,,,,,,,,,,,,,,,,,,,,,,,,,745.0,363.0,850.0,764.0,323.0,,,,,,,,,,,,,,,,,,,,,,,,,,,
Prod_Diagnostic_19.txt,24-07-510,HVAC,0X5EDA,HVAC specific fault 5,ECU Specific/Other,Stored,37,12,4,2026-05-01 12:03:00,217,,,,,,,,,,,,,,,,,,,,,,,,,,,,992.0,419.0,363.0,662.0,825.0,,,,,,,,,,,,,,,,,,,,,,,,,,,
Prod_Diagnostic_19.txt,24-07-510,TCU,0X84F6,Voltage fault,Voltage,Stored,2,6,2,2026-05-22 22:16:00,142,302.0,853.0,383.0,25.0,330.0,,,,,,,,,,,,,,,,,,,,,,,,,,,,,,,,,,,,,,,,,,,,,,,,,,,,,,
Prod_Diagnostic_19.txt,24-07-510,TCU,0XDA79,TCU specific fault 2,ECU Specific/Other,Stored,21,17,5,2026-05-24 06:51:00,221,221.0,633.0,516.0,451.0,877.0,,,,,,,,,,,,,,,,,,,,,,,,,,,,,,,,,,,,,,,,,,,,,,,,,,,,,,
Prod_Diagnostic_19.txt,24-07-510,TCU,0X2B59,Sensor range fault,Sensor,Active,16,5,3,2026-05-24 15:46:00,376,608.0,482.0,975.0,995.0,970.0,,,,,,,,,,,,,,,,,,,,,,,,,,,,,,,,,,,,,,,,,,,,,,,,,,,,,,
Prod_Diagnostic_19.txt,24-07-510,TCU,0XD7FE,Communication fault,Communication,Intermittent,25,15,2,2026-05-09 19:37:00,265,385.0,61.0,104.0,58.0,655.0,,,,,,,,,,,,,,,,,,,,,,,,,,,,,,,,,,,,,,,,,,,,,,,,,,,,,,
Prod_Diagnostic_19.txt,24-07-510,TCU,0X56AA,Sensor range fault,Sensor,Intermittent,24,14,3,2026-05-04 15:08:00,284,902.0,768.0,76.0,333.0,794.0,,,,,,,,,,,,,,,,,,,,,,,,,,,,,,,,,,,,,,,,,,,,,,,,,,,,,,
Prod_Diagnostic_19.txt,24-07-510,ADAS,0XE306,ADAS specific fault 1,ECU Specific/Other,Active,10,18,3,2026-05-19 06:35:00,370,,,,587.0,336.0,,,,,,,,,,,,,,,,,,,,,,,,,,,,,,,,,91.0,449.0,252.0,,,,,,,,,,,,,,,,,,,
Prod_Diagnostic_19.txt,24-07-510,ADAS,0XD346,ADAS performance issue 2,Performance,Intermittent,17,17,5,2026-05-27 09:44:00,317,,,,70.0,789.0,,,,,,,,,,,,,,,,,,,,,,,,,,,,,,,,,23.0,144.0,791.0,,,,,,,,,,,,,,,,,,,
Prod_Diagnostic_19.txt,24-07-510,ADAS,0XEA7A,Sensor range fault,Sensor,Stored,50,14,2,2026-05-06 10:29:00,190,,,,204.0,342.0,,,,,,,,,,,,,,,,,,,,,,,,,,,,,,,,,234.0,472.0,371.0,,,,,,,,,,,,,,,,,,,
Prod_Diagnostic_19.txt,24-07-510,ADAS,0X515F,Sensor range fault,Sensor,Intermittent,48,0,2,2026-05-04 20:26:00,288,,,,818.0,499.0,,,,,,,,,,,,,,,,,,,,,,,,,,,,,,,,,438.0,406.0,826.0,,,,,,,,,,,,,,,,,,,
Prod_Diagnostic_19.txt,24-07-510,ADAS,0XE4E8,Communication fault,Communication,Intermittent,4,16,3,2026-05-01 18:27:00,264,,,,818.0,895.0,,,,,,,,,,,,,,,,,,,,,,,,,,,,,,,,,33.0,983.0,517.0,,,,,,,,,,,,,,,,,,,
Prod_Diagnostic_19.txt,24-07-510,BCM,0XDA46,Sensor range fault,Sensor,Intermittent,32,9,5,2026-05-11 20:04:00,332,,,,,,,,,95.0,,,,,,,,,,,753.0,78.0,579.0,998.0,,,,,,,,,,,,,,,,,,,,,,,,,,,,,,,,,,,,
Prod_Diagnostic_19.txt,24-07-510,BCM,0XD7D4,BCM performance issue 2,Performance,Active,35,5,5,2026-05-28 02:36:00,435,,,,,,,,,666.0,,,,,,,,,,,945.0,480.0,625.0,196.0,,,,,,,,,,,,,,,,,,,,,,,,,,,,,,,,,,,,
Prod_Diagnostic_19.txt,24-07-510,BCM,0XD461,Communication fault,Communication,Intermittent,28,8,4,2026-05-15 23:09:00,308,,,,,,,,,187.0,,,,,,,,,,,667.0,339.0,75.0,664.0,,,,,,,,,,,,,,,,,,,,,,,,,,,,,,,,,,,,
Prod_Diagnostic_19.txt,24-07-510,BCM,0X66FD,BCM performance issue 4,Performance,Stored,34,13,1,2026-05-13 18:18:00,154,,,,,,,,,400.0,,,,,,,,,,,7.0,639.0,849.0,20.0,,,,,,,,,,,,,,,,,,,,,,,,,,,,,,,,,,,,
Prod_Diagnostic_19.txt,24-07-510,BCM,0X49A8,Communication fault,Communication,Stored,28,4,3,2026-05-28 07:37:00,188,,,,,,,,,546.0,,,,,,,,,,,691.0,787.0,335.0,469.0,,,,,,,,,,,,,,,,,,,,,,,,,,,,,,,,,,,,
Prod_Diagnostic_19.txt,24-07-510,OBC,0XD519,Voltage fault,Voltage,Intermittent,23,18,2,2026-05-07 04:13:00,263,,,,,,,,,,,,,,,316.0,186.0,104.0,27.0,547.0,,,,,,,,,,,,,,,,,,,,,,,,,,,,,,,,,,,,,,,,
Prod_Diagnostic_19.txt,24-07-510,OBC,0XE83E,OBC performance issue 2,Performance,Active,50,4,5,2026-05-12 02:20:00,450,,,,,,,,,,,,,,,892.0,323.0,951.0,236.0,674.0,,,,,,,,,,,,,,,,,,,,,,,,,,,,,,,,,,,,,,,,
Prod_Diagnostic_19.txt,24-07-510,OBC,0X43A2,Voltage fault,Voltage,Stored,11,13,3,2026-05-08 06:49:00,171,,,,,,,,,,,,,,,364.0,28.0,141.0,899.0,921.0,,,,,,,,,,,,,,,,,,,,,,,,,,,,,,,,,,,,,,,,
Prod_Diagnostic_19.txt,24-07-510,OBC,0X2F84,OBC specific fault 4,ECU Specific/Other,Stored,2,14,2,2026-05-13 01:28:00,142,,,,,,,,,,,,,,,450.0,409.0,204.0,211.0,790.0,,,,,,,,,,,,,,,,,,,,,,,,,,,,,,,,,,,,,,,,
Prod_Diagnostic_19.txt,24-07-510,OBC,0XA718,OBC specific fault 5,ECU Specific/Other,Active,6,5,5,2026-05-19 23:33:00,406,,,,,,,,,,,,,,,125.0,167.0,775.0,215.0,124.0,,,,,,,,,,,,,,,,,,,,,,,,,,,,,,,,,,,,,,,,
Prod_Diagnostic_19.txt,24-07-510,TCM,0XCD9A,TCM specific fault 1,ECU Specific/Other,Intermittent,23,10,4,2026-05-07 06:05:00,303,,,,,,,,,,,,,,,,,,,,,,,,,,,,,,,,,819.0,520.0,369.0,490.0,262.0,,,,,,,,,,,,,,,,,,,,,,
Prod_Diagnostic_19.txt,24-07-510,TCM,0X2CAB,TCM performance issue 2,Performance,Stored,2,0,4,2026-05-26 13:25:00,182,,,,,,,,,,,,,,,,,,,,,,,,,,,,,,,,,985.0,879.0,103.0,364.0,370.0,,,,,,,,,,,,,,,,,,,,,,
Prod_Diagnostic_19.txt,24-07-510,TCM,0XE627,Sensor range fault,Sensor,Active,28,20,3,2026-05-08 22:05:00,388,,,,,,,,,,,,,,,,,,,,,,,,,,,,,,,,,667.0,660.0,830.0,400.0,897.0,,,,,,,,,,,,,,,,,,,,,,
Prod_Diagnostic_19.txt,24-07-510,TCM,0X140E,TCM specific fault 4,ECU Specific/Other,Stored,47,20,3,2026-05-02 04:54:00,207,,,,,,,,,,,,,,,,,,,,,,,,,,,,,,,,,255.0,182.0,579.0,10.0,132.0,,,,,,,,,,,,,,,,,,,,,,
Prod_Diagnostic_19.txt,24-07-510,TCM,0X37DF,TCM performance issue 5,Performance,Active,45,15,1,2026-05-02 19:51:00,365,,,,,,,,,,,,,,,,,,,,,,,,,,,,,,,,,215.0,888.0,758.0,677.0,301.0,,,,,,,,,,,,,,,,,,,,,,
Prod_Diagnostic_19.txt,24-07-510,SRS,0XAE18,Sensor range fault,Sensor,Stored,11,13,2,2026-05-06 16:09:00,151,,,,,,,,,,,,,,,,,,,,,,,,,,,,,,,,,,,,,,,,,,,,685.0,,,,,760.0,,,,,,,,829.0,830.0,186.0
Prod_Diagnostic_19.txt,24-07-510,SRS,0XF10B,Sensor range fault,Sensor,Active,11,0,4,2026-05-07 09:25:00,391,,,,,,,,,,,,,,,,,,,,,,,,,,,,,,,,,,,,,,,,,,,,862.0,,,,,641.0,,,,,,,,383.0,931.0,272.0
Prod_Diagnostic_19.txt,24-07-510,SRS,0X6231,SRS performance issue 3,Performance,Active,2,10,1,2026-05-16 01:47:00,322,,,,,,,,,,,,,,,,,,,,,,,,,,,,,,,,,,,,,,,,,,,,418.0,,,,,893.0,,,,,,,,148.0,936.0,48.0
Prod_Diagnostic_19.txt,24-07-510,SRS,0X7085,SRS performance issue 4,Performance,Intermittent,47,16,2,2026-05-06 03:00:00,287,,,,,,,,,,,,,,,,,,,,,,,,,,,,,,,,,,,,,,,,,,,,95.0,,,,,358.0,,,,,,,,919.0,229.0,430.0
Prod_Diagnostic_19.txt,24-07-510,SRS,0X2CC6,Communication fault,Communication,Stored,30,13,5,2026-05-15 04:54:00,230,,,,,,,,,,,,,,,,,,,,,,,,,,,,,,,,,,,,,,,,,,,,1.0,,,,,618.0,,,,,,,,829.0,653.0,319.0
Prod_Diagnostic_19.txt,24-07-510,ABS,0X8830,ABS specific fault 1,ECU Specific/Other,Stored,9,10,5,2026-05-12 19:42:00,209,,,,,,,,,,,,,,,,,,,,,,,,,,,,,,,,,,,,,,,,,,,,,734.0,99.0,490.0,505.0,767.0,,,,,,,,,,
Prod_Diagnostic_19.txt,24-07-510,ABS,0X423F,ABS performance issue 2,Performance,Active,15,16,2,2026-05-26 04:14:00,355,,,,,,,,,,,,,,,,,,,,,,,,,,,,,,,,,,,,,,,,,,,,,676.0,85.0,762.0,98.0,735.0,,,,,,,,,,
Prod_Diagnostic_19.txt,24-07-510,ABS,0X5844,ABS specific fault 3,ECU Specific/Other,Intermittent,7,7,2,2026-05-09 05:46:00,247,,,,,,,,,,,,,,,,,,,,,,,,,,,,,,,,,,,,,,,,,,,,,676.0,309.0,337.0,728.0,998.0,,,,,,,,,,
Prod_Diagnostic_19.txt,24-07-510,ABS,0XBB19,ABS specific fault 4,ECU Specific/Other,Intermittent,34,16,5,2026-05-09 04:20:00,334,,,,,,,,,,,,,,,,,,,,,,,,,,,,,,,,,,,,,,,,,,,,,433.0,384.0,678.0,149.0,594.0,,,,,,,,,,
Prod_Diagnostic_19.txt,24-07-510,ABS,0XCF78,Communication fault,Communication,Stored,41,1,2,2026-05-06 00:09:00,181,,,,,,,,,,,,,,,,,,,,,,,,,,,,,,,,,,,,,,,,,,,,,650.0,35.0,856.0,814.0,244.0,,,,,,,,,,
Prod_Diagnostic_19.txt,24-07-510,EPS,0X7592,Voltage fault,Voltage,Stored,1,18,4,2026-05-16 11:12:00,181,,,,592.0,,,,,,,,,,,,,,,,,,,,,,,,,,,,,,,,,,,,,644.0,891.0,837.0,995.0,,,,,,,,,,,,,,,
Prod_Diagnostic_19.txt,24-07-510,EPS,0X83BD,EPS specific fault 2,ECU Specific/Other,Active,30,19,3,2026-05-18 14:07:00,390,,,,527.0,,,,,,,,,,,,,,,,,,,,,,,,,,,,,,,,,,,,,763.0,287.0,672.0,787.0,,,,,,,,,,,,,,,
Prod_Diagnostic_19.txt,24-07-510,EPS,0X6656,Sensor range fault,Sensor,Active,17,10,4,2026-05-25 17:29:00,397,,,,351.0,,,,,,,,,,,,,,,,,,,,,,,,,,,,,,,,,,,,,680.0,99.0,685.0,877.0,,,,,,,,,,,,,,,
Prod_Diagnostic_19.txt,24-07-510,EPS,0X534B,EPS performance issue 4,Performance,Active,24,13,1,2026-05-18 04:06:00,344,,,,114.0,,,,,,,,,,,,,,,,,,,,,,,,,,,,,,,,,,,,,233.0,999.0,469.0,850.0,,,,,,,,,,,,,,,
Prod_Diagnostic_19.txt,24-07-510,EPS,0X9CEB,Communication fault,Communication,Intermittent,19,4,3,2026-05-10 14:27:00,279,,,,888.0,,,,,,,,,,,,,,,,,,,,,,,,,,,,,,,,,,,,,567.0,963.0,85.0,990.0,,,,,,,,,,,,,,,
Prod_Diagnostic_20.txt,25-03-420,TCU,0XBA66,TCU specific fault 1,ECU Specific/Other,Stored,7,15,5,2026-05-20 18:24:00,207,622.0,532.0,892.0,948.0,684.0,,,,,,,,,,,,,,,,,,,,,,,,,,,,,,,,,,,,,,,,,,,,,,,,,,,,,,
Prod_Diagnostic_20.txt,25-03-420,TCU,0X1AC7,TCU specific fault 2,ECU Specific/Other,Intermittent,7,18,1,2026-05-19 03:07:00,227,990.0,783.0,245.0,370.0,595.0,,,,,,,,,,,,,,,,,,,,,,,,,,,,,,,,,,,,,,,,,,,,,,,,,,,,,,
Prod_Diagnostic_20.txt,25-03-420,TCU,0X7BFD,TCU performance issue 3,Performance,Stored,46,1,3,2026-05-21 14:54:00,206,472.0,588.0,885.0,536.0,39.0,,,,,,,,,,,,,,,,,,,,,,,,,,,,,,,,,,,,,,,,,,,,,,,,,,,,,,
Prod_Diagnostic_20.txt,25-03-420,TCU,0XE02B,TCU specific fault 4,ECU Specific/Other,Intermittent,48,13,1,2026-05-07 18:11:00,268,25.0,646.0,969.0,337.0,102.0,,,,,,,,,,,,,,,,,,,,,,,,,,,,,,,,,,,,,,,,,,,,,,,,,,,,,,
Prod_Diagnostic_20.txt,25-03-420,TCU,0XFBB1,Sensor range fault,Sensor,Stored,2,14,3,2026-05-12 21:22:00,162,361.0,997.0,989.0,255.0,284.0,,,,,,,,,,,,,,,,,,,,,,,,,,,,,,,,,,,,,,,,,,,,,,,,,,,,,,
Prod_Diagnostic_20.txt,25-03-420,ECM,0XD8A1,ECM specific fault 1,ECU Specific/Other,Active,21,14,3,2026-05-25 05:13:00,381,,,,,,,,,,572.0,790.0,885.0,561.0,664.0,,,,,,,,,,,,,,,,,,,,,,,,,,,,,,,,,,,,,,,,,,,,,
Prod_Diagnostic_20.txt,25-03-420,ECM,0XCD9E,Sensor range fault,Sensor,Stored,49,11,2,2026-05-28 15:54:00,189,,,,,,,,,,92.0,342.0,361.0,632.0,552.0,,,,,,,,,,,,,,,,,,,,,,,,,,,,,,,,,,,,,,,,,,,,,
Prod_Diagnostic_20.txt,25-03-420,ECM,0X6108,Voltage fault,Voltage,Stored,7,2,4,2026-05-11 19:31:00,187,,,,,,,,,,655.0,191.0,775.0,392.0,208.0,,,,,,,,,,,,,,,,,,,,,,,,,,,,,,,,,,,,,,,,,,,,,
Prod_Diagnostic_20.txt,25-03-420,ECM,0XEB21,Sensor range fault,Sensor,Intermittent,32,11,3,2026-05-26 14:57:00,292,,,,,,,,,,371.0,773.0,164.0,983.0,173.0,,,,,,,,,,,,,,,,,,,,,,,,,,,,,,,,,,,,,,,,,,,,,
Prod_Diagnostic_20.txt,25-03-420,ECM,0X1413,Sensor range fault,Sensor,Active,13,18,3,2026-05-17 22:41:00,373,,,,,,,,,,574.0,304.0,775.0,574.0,552.0,,,,,,,,,,,,,,,,,,,,,,,,,,,,,,,,,,,,,,,,,,,,,
Prod_Diagnostic_20.txt,25-03-420,OBC,0X75E1,Voltage fault,Voltage,Intermittent,45,2,2,2026-05-03 02:45:00,285,,,,,,,,,,,,,,,613.0,937.0,898.0,680.0,415.0,,,,,,,,,,,,,,,,,,,,,,,,,,,,,,,,,,,,,,,,
Prod_Diagnostic_20.txt,25-03-420,OBC,0X3550,Sensor range fault,Sensor,Intermittent,22,17,3,2026-05-13 04:58:00,282,,,,,,,,,,,,,,,395.0,107.0,866.0,980.0,754.0,,,,,,,,,,,,,,,,,,,,,,,,,,,,,,,,,,,,,,,,
Prod_Diagnostic_20.txt,25-03-420,OBC,0XAD09,Sensor range fault,Sensor,Intermittent,6,10,2,2026-05-15 01:15:00,246,,,,,,,,,,,,,,,562.0,159.0,684.0,281.0,27.0,,,,,,,,,,,,,,,,,,,,,,,,,,,,,,,,,,,,,,,,
Prod_Diagnostic_20.txt,25-03-420,OBC,0X4976,OBC specific fault 4,ECU Specific/Other,Intermittent,15,7,2,2026-05-15 20:51:00,255,,,,,,,,,,,,,,,222.0,149.0,13.0,304.0,250.0,,,,,,,,,,,,,,,,,,,,,,,,,,,,,,,,,,,,,,,,
Prod_Diagnostic_20.txt,25-03-420,OBC,0XEB87,Communication fault,Communication,Intermittent,31,14,4,2026-05-18 17:36:00,311,,,,,,,,,,,,,,,197.0,423.0,191.0,869.0,532.0,,,,,,,,,,,,,,,,,,,,,,,,,,,,,,,,,,,,,,,,
Prod_Diagnostic_20.txt,25-03-420,BMS,0X764D,BMS performance issue 1,Performance,Intermittent,37,12,3,2026-05-23 11:51:00,297,,,,,,,,,,,,,,,,,,821.0,,,,,,,,,,,,,,,,,,,,,,,,,,,,,,,,,,,270.0,442.0,380.0,374.0,,,
Prod_Diagnostic_20.txt,25-03-420,BMS,0X61F5,Voltage fault,Voltage,Intermittent,23,2,2,2026-05-11 22:15:00,263,,,,,,,,,,,,,,,,,,815.0,,,,,,,,,,,,,,,,,,,,,,,,,,,,,,,,,,,552.0,593.0,132.0,99.0,,,
Prod_Diagnostic_20.txt,25-03-420,BMS,0XC556,BMS performance issue 3,Performance,Stored,35,10,1,2026-05-26 19:14:00,155,,,,,,,,,,,,,,,,,,738.0,,,,,,,,,,,,,,,,,,,,,,,,,,,,,,,,,,,357.0,735.0,719.0,661.0,,,
Prod_Diagnostic_20.txt,25-03-420,BMS,0XE232,BMS performance issue 4,Performance,Active,30,8,5,2026-05-27 01:29:00,430,,,,,,,,,,,,,,,,,,634.0,,,,,,,,,,,,,,,,,,,,,,,,,,,,,,,,,,,449.0,510.0,606.0,447.0,,,
Prod_Diagnostic_20.txt,25-03-420,BMS,0X3BDD,Communication fault,Communication,Active,36,14,5,2026-05-21 01:57:00,436,,,,,,,,,,,,,,,,,,356.0,,,,,,,,,,,,,,,,,,,,,,,,,,,,,,,,,,,489.0,889.0,724.0,152.0,,,
Prod_Diagnostic_20.txt,25-03-420,RADAR,0XBE98,Communication fault,Communication,Stored,5,8,5,2026-05-09 23:01:00,205,,,,442.0,,,,,,,,,,,,,,,,,,,,,,,,,,,,,,,,,,,,503.0,,,,,,,,,,731.0,613.0,722.0,,,,,,,
Prod_Diagnostic_20.txt,25-03-420,RADAR,0X7570,Voltage fault,Voltage,Active,43,14,3,2026-05-18 22:43:00,403,,,,584.0,,,,,,,,,,,,,,,,,,,,,,,,,,,,,,,,,,,,239.0,,,,,,,,,,312.0,339.0,818.0,,,,,,,
Prod_Diagnostic_20.txt,25-03-420,RADAR,0X783A,RADAR performance issue 3,Performance,Active,50,17,5,2026-05-11 00:39:00,450,,,,367.0,,,,,,,,,,,,,,,,,,,,,,,,,,,,,,,,,,,,773.0,,,,,,,,,,55.0,730.0,602.0,,,,,,,
Prod_Diagnostic_20.txt,25-03-420,RADAR,0XD64D,Communication fault,Communication,Active,40,2,5,2026-05-14 23:10:00,440,,,,616.0,,,,,,,,,,,,,,,,,,,,,,,,,,,,,,,,,,,,255.0,,,,,,,,,,751.0,200.0,793.0,,,,,,,
Prod_Diagnostic_20.txt,25-03-420,RADAR,0XE5F3,Voltage fault,Voltage,Active,2,20,4,2026-05-24 03:21:00,382,,,,414.0,,,,,,,,,,,,,,,,,,,,,,,,,,,,,,,,,,,,969.0,,,,,,,,,,92.0,97.0,588.0,,,,,,,
Prod_Diagnostic_20.txt,25-03-420,BCM,0XDE0E,BCM specific fault 1,ECU Specific/Other,Stored,25,15,2,2026-05-28 10:11:00,165,,,,,,,,,182.0,,,,,,,,,,,99.0,319.0,364.0,725.0,,,,,,,,,,,,,,,,,,,,,,,,,,,,,,,,,,,,
Prod_Diagnostic_20.txt,25-03-420,BCM,0XF10A,BCM specific fault 2,ECU Specific/Other,Stored,32,2,2,2026-05-09 12:12:00,172,,,,,,,,,649.0,,,,,,,,,,,233.0,360.0,663.0,84.0,,,,,,,,,,,,,,,,,,,,,,,,,,,,,,,,,,,,
Prod_Diagnostic_20.txt,25-03-420,BCM,0X83A4,Sensor range fault,Sensor,Active,34,8,1,2026-05-20 01:35:00,354,,,,,,,,,98.0,,,,,,,,,,,61.0,700.0,383.0,173.0,,,,,,,,,,,,,,,,,,,,,,,,,,,,,,,,,,,,
Prod_Diagnostic_20.txt,25-03-420,BCM,0X9774,Communication fault,Communication,Active,1,10,4,2026-05-10 00:51:00,381,,,,,,,,,384.0,,,,,,,,,,,927.0,582.0,577.0,880.0,,,,,,,,,,,,,,,,,,,,,,,,,,,,,,,,,,,,
Prod_Diagnostic_20.txt,25-03-420,BCM,0X3C21,Communication fault,Communication,Active,41,19,4,2026-05-06 17:13:00,421,,,,,,,,,700.0,,,,,,,,,,,354.0,100.0,894.0,935.0,,,,,,,,,,,,,,,,,,,,,,,,,,,,,,,,,,,,
Prod_Diagnostic_20.txt,25-03-420,ABS,0XA987,Voltage fault,Voltage,Stored,37,5,4,2026-05-23 05:32:00,217,,,,,,,,,,,,,,,,,,,,,,,,,,,,,,,,,,,,,,,,,,,,,153.0,834.0,839.0,456.0,32.0,,,,,,,,,,
Prod_Diagnostic_20.txt,25-03-420,ABS,0X19ED,ABS performance issue 2,Performance,Intermittent,8,9,3,2026-05-04 11:43:00,268,,,,,,,,,,,,,,,,,,,,,,,,,,,,,,,,,,,,,,,,,,,,,185.0,605.0,531.0,172.0,922.0,,,,,,,,,,
Prod_Diagnostic_20.txt,25-03-420,ABS,0X8F66,Communication fault,Communication,Active,39,4,5,2026-05-11 14:59:00,439,,,,,,,,,,,,,,,,,,,,,,,,,,,,,,,,,,,,,,,,,,,,,675.0,562.0,852.0,399.0,803.0,,,,,,,,,,
Prod_Diagnostic_20.txt,25-03-420,ABS,0X2DCB,ABS specific fault 4,ECU Specific/Other,Intermittent,36,2,3,2026-05-08 11:09:00,296,,,,,,,,,,,,,,,,,,,,,,,,,,,,,,,,,,,,,,,,,,,,,246.0,984.0,838.0,503.0,193.0,,,,,,,,,,
Prod_Diagnostic_20.txt,25-03-420,ABS,0X1AA5,ABS specific fault 5,ECU Specific/Other,Stored,4,15,5,2026-05-04 16:05:00,204,,,,,,,,,,,,,,,,,,,,,,,,,,,,,,,,,,,,,,,,,,,,,680.0,671.0,329.0,934.0,540.0,,,,,,,,,,
Prod_Diagnostic_20.txt,25-03-420,SRS,0XA338,SRS performance issue 1,Performance,Intermittent,35,16,4,2026-05-25 17:41:00,315,,,,,,,,,,,,,,,,,,,,,,,,,,,,,,,,,,,,,,,,,,,,139.0,,,,,206.0,,,,,,,,290.0,329.0,459.0
Prod_Diagnostic_20.txt,25-03-420,SRS,0X5AFF,Voltage fault,Voltage,Intermittent,28,12,4,2026-05-13 02:31:00,308,,,,,,,,,,,,,,,,,,,,,,,,,,,,,,,,,,,,,,,,,,,,330.0,,,,,25.0,,,,,,,,504.0,107.0,575.0
Prod_Diagnostic_20.txt,25-03-420,SRS,0XAC12,SRS specific fault 3,ECU Specific/Other,Stored,20,15,3,2026-05-25 21:44:00,180,,,,,,,,,,,,,,,,,,,,,,,,,,,,,,,,,,,,,,,,,,,,43.0,,,,,57.0,,,,,,,,541.0,852.0,193.0
Prod_Diagnostic_20.txt,25-03-420,SRS,0X5E9F,Communication fault,Communication,Intermittent,48,18,5,2026-05-06 20:20:00,348,,,,,,,,,,,,,,,,,,,,,,,,,,,,,,,,,,,,,,,,,,,,29.0,,,,,757.0,,,,,,,,50.0,548.0,49.0
Prod_Diagnostic_20.txt,25-03-420,SRS,0X7288,Sensor range fault,Sensor,Active,23,17,1,2026-05-27 21:55:00,343,,,,,,,,,,,,,,,,,,,,,,,,,,,,,,,,,,,,,,,,,,,,537.0,,,,,445.0,,,,,,,,757.0,521.0,870.0
Prod_Diagnostic_20.txt,25-03-420,TCM,0X923D,Voltage fault,Voltage,Stored,44,1,2,2026-05-04 14:11:00,184,,,,,,,,,,,,,,,,,,,,,,,,,,,,,,,,,914.0,227.0,730.0,328.0,75.0,,,,,,,,,,,,,,,,,,,,,,
Prod_Diagnostic_20.txt,25-03-420,TCM,0X8ECA,Voltage fault,Voltage,Active,37,20,5,2026-05-01 01:59:00,437,,,,,,,,,,,,,,,,,,,,,,,,,,,,,,,,,391.0,211.0,922.0,706.0,120.0,,,,,,,,,,,,,,,,,,,,,,
Prod_Diagnostic_20.txt,25-03-420,TCM,0X1136,Sensor range fault,Sensor,Active,43,10,2,2026-05-13 07:23:00,383,,,,,,,,,,,,,,,,,,,,,,,,,,,,,,,,,940.0,858.0,412.0,46.0,160.0,,,,,,,,,,,,,,,,,,,,,,
Prod_Diagnostic_20.txt,25-03-420,TCM,0XA947,Voltage fault,Voltage,Active,40,8,4,2026-05-22 18:45:00,420,,,,,,,,,,,,,,,,,,,,,,,,,,,,,,,,,885.0,924.0,642.0,318.0,210.0,,,,,,,,,,,,,,,,,,,,,,
Prod_Diagnostic_20.txt,25-03-420,TCM,0X78C1,Sensor range fault,Sensor,Intermittent,1,13,4,2026-05-13 08:53:00,281,,,,,,,,,,,,,,,,,,,,,,,,,,,,,,,,,923.0,195.0,837.0,798.0,500.0,,,,,,,,,,,,,,,,,,,,,,
Prod_Diagnostic_20.txt,25-03-420,ADAS,0XA9A2,Sensor range fault,Sensor,Active,41,12,1,2026-05-23 14:08:00,361,,,,653.0,73.0,,,,,,,,,,,,,,,,,,,,,,,,,,,,,,,,,679.0,707.0,229.0,,,,,,,,,,,,,,,,,,,
Prod_Diagnostic_20.txt,25-03-420,ADAS,0X2D82,Communication fault,Communication,Active,32,2,2,2026-05-18 10:10:00,372,,,,698.0,979.0,,,,,,,,,,,,,,,,,,,,,,,,,,,,,,,,,967.0,758.0,263.0,,,,,,,,,,,,,,,,,,,
Prod_Diagnostic_20.txt,25-03-420,ADAS,0X58E9,ADAS specific fault 3,ECU Specific/Other,Intermittent,19,9,5,2026-05-09 03:48:00,319,,,,906.0,907.0,,,,,,,,,,,,,,,,,,,,,,,,,,,,,,,,,123.0,405.0,843.0,,,,,,,,,,,,,,,,,,,
Prod_Diagnostic_20.txt,25-03-420,ADAS,0X2625,Voltage fault,Voltage,Intermittent,32,6,2,2026-05-17 01:30:00,272,,,,39.0,235.0,,,,,,,,,,,,,,,,,,,,,,,,,,,,,,,,,491.0,112.0,115.0,,,,,,,,,,,,,,,,,,,
Prod_Diagnostic_20.txt,25-03-420,ADAS,0X3F39,ADAS specific fault 5,ECU Specific/Other,Active,49,2,2,2026-05-14 19:23:00,389,,,,612.0,453.0,,,,,,,,,,,,,,,,,,,,,,,,,,,,,,,,,449.0,757.0,147.0,,,,,,,,,,,,,,,,,,,
Prod_Diagnostic_20.txt,25-03-420,FCAM,0XB9B2,Communication fault,Communication,Intermittent,50,6,2,2026-05-24 10:02:00,290,,,,157.0,,,,,,,,,,,,,,,,,,,,583.0,15.0,972.0,350.0,,,,,,,,,,,,,,,,,,,,,,,,,,,,,,,,
Prod_Diagnostic_20.txt,25-03-420,FCAM,0XFBFD,Sensor range fault,Sensor,Active,23,14,2,2026-05-21 01:25:00,363,,,,299.0,,,,,,,,,,,,,,,,,,,,390.0,157.0,970.0,518.0,,,,,,,,,,,,,,,,,,,,,,,,,,,,,,,,
Prod_Diagnostic_20.txt,25-03-420,FCAM,0X49A9,Communication fault,Communication,Active,41,6,3,2026-05-22 23:28:00,401,,,,72.0,,,,,,,,,,,,,,,,,,,,26.0,893.0,452.0,864.0,,,,,,,,,,,,,,,,,,,,,,,,,,,,,,,,
Prod_Diagnostic_20.txt,25-03-420,FCAM,0XAA06,Voltage fault,Voltage,Intermittent,19,17,2,2026-05-05 17:20:00,259,,,,67.0,,,,,,,,,,,,,,,,,,,,59.0,115.0,702.0,420.0,,,,,,,,,,,,,,,,,,,,,,,,,,,,,,,,
Prod_Diagnostic_20.txt,25-03-420,FCAM,0X98C6,FCAM performance issue 5,Performance,Active,40,5,3,2026-05-12 01:09:00,400,,,,240.0,,,,,,,,,,,,,,,,,,,,924.0,107.0,701.0,7.0,,,,,,,,,,,,,,,,,,,,,,,,,,,,,,,,
Prod_Diagnostic_20.txt,25-03-420,HVAC,0X10E0,HVAC specific fault 1,ECU Specific/Other,Intermittent,4,12,5,2026-05-04 07:48:00,304,,,,,,,,,,,,,,,,,,,,,,,,,,,,644.0,37.0,578.0,559.0,76.0,,,,,,,,,,,,,,,,,,,,,,,,,,,
Prod_Diagnostic_20.txt,25-03-420,HVAC,0XB61B,Communication fault,Communication,Stored,37,20,4,2026-05-10 21:39:00,217,,,,,,,,,,,,,,,,,,,,,,,,,,,,397.0,461.0,933.0,767.0,244.0,,,,,,,,,,,,,,,,,,,,,,,,,,,
Prod_Diagnostic_20.txt,25-03-420,HVAC,0XACD3,HVAC specific fault 3,ECU Specific/Other,Stored,23,20,4,2026-05-16 04:29:00,203,,,,,,,,,,,,,,,,,,,,,,,,,,,,550.0,901.0,369.0,230.0,148.0,,,,,,,,,,,,,,,,,,,,,,,,,,,
Prod_Diagnostic_20.txt,25-03-420,HVAC,0XB318,Sensor range fault,Sensor,Intermittent,12,12,3,2026-05-06 11:47:00,272,,,,,,,,,,,,,,,,,,,,,,,,,,,,22.0,443.0,825.0,308.0,148.0,,,,,,,,,,,,,,,,,,,,,,,,,,,
Prod_Diagnostic_20.txt,25-03-420,HVAC,0X85BE,Communication fault,Communication,Stored,46,17,2,2026-05-13 04:53:00,186,,,,,,,,,,,,,,,,,,,,,,,,,,,,642.0,362.0,214.0,965.0,416.0,,,,,,,,,,,,,,,,,,,,,,,,,,,
